database_slug,source_person_id,canonical_name,reference_url,match_basis
cm0001_vanilla_original,118,Dursun Albayrak,https://www.wikidata.org/wiki/Q134416683,unique accent/order-insensitive token match; DOB distance 0 day(s)
cm0001_vanilla_original,1059,Rahim Zafer,https://www.wikidata.org/wiki/Q580705,unique accent/order-insensitive token match; DOB distance 0 day(s)
cm0001_vanilla_original,3366,Hamza Akaydın,https://www.wikidata.org/wiki/Q6100619,unique accent/order-insensitive token match; DOB distance 0 day(s)
cm0001_vanilla_original,3368,Hamza Gezmiş,https://www.wikidata.org/wiki/Q1574055,unique accent/order-insensitive token match; DOB distance 0 day(s)
cm0001_vanilla_original,3369,Hamza Hamzaoğlu,https://www.wikidata.org/wiki/Q919026,unique accent/order-insensitive token match; DOB distance 0 day(s)
cm0001_vanilla_original,3419,İbrahim Arıkan,https://www.wikidata.org/wiki/Q6102162,unique accent/order-insensitive token match; DOB distance 0 day(s)
cm0001_vanilla_original,3422,İbrahim Çelik,https://www.wikidata.org/wiki/Q6082371,unique accent/order-insensitive token match; DOB distance 0 day(s)
cm0001_vanilla_original,3425,İbrahim Hasançebi,https://www.wikidata.org/wiki/Q130484553,unique accent/order-insensitive token match; DOB distance 0 day(s)
cm0001_vanilla_original,3431,İbrahim Mollaibrahimağaoğlu,https://www.wikidata.org/wiki/Q132967674,unique accent/order-insensitive token match; DOB distance 0 day(s)
cm0001_vanilla_original,3436,İbrahim Parlayan,https://www.wikidata.org/wiki/Q134316590,unique accent/order-insensitive token match; DOB distance 0 day(s)
cm0001_vanilla_original,3439,İbrahim Toraman,https://www.wikidata.org/wiki/Q343372,unique accent/order-insensitive token match; DOB distance 0 day(s)
cm0001_vanilla_original,3441,İbrahim Üzülmez,https://www.wikidata.org/wiki/Q343415,unique accent/order-insensitive token match; DOB distance 0 day(s)
cm0001_vanilla_original,3442,İbrahim Yavuz,https://www.wikidata.org/wiki/Q343377,unique accent/order-insensitive token match; DOB distance 0 day(s)
cm0001_vanilla_original,3516,Abdullah Ercan,https://www.wikidata.org/wiki/Q317612,unique accent/order-insensitive token match; DOB distance 0 day(s)
cm0001_vanilla_original,3519,Abdullah Boz,https://www.wikidata.org/wiki/Q134221083,unique accent/order-insensitive token match; DOB distance 0 day(s)
cm0001_vanilla_original,3807,Musa Aydın,https://www.wikidata.org/wiki/Q936079,unique accent/order-insensitive token match; DOB distance 0 day(s)
cm0001_vanilla_original,3809,Musa Kuş,https://www.wikidata.org/wiki/Q6082042,unique accent/order-insensitive token match; DOB distance 0 day(s)
cm0001_vanilla_original,4802,İdris Gümüşdere,https://www.wikidata.org/wiki/Q6097516,unique accent/order-insensitive token match; DOB distance 0 day(s)
cm0001_vanilla_original,5136,Osman Coşkun,https://www.wikidata.org/wiki/Q6089294,unique accent/order-insensitive token match; DOB distance 0 day(s)
cm0001_vanilla_original,5143,Osman Kurtuldu,https://www.wikidata.org/wiki/Q6082013,unique accent/order-insensitive token match; DOB distance 0 day(s)
cm0001_vanilla_original,5146,Osman Özköylü,https://www.wikidata.org/wiki/Q605498,unique accent/order-insensitive token match; DOB distance 0 day(s)
cm0001_vanilla_original,5148,Osman Üstünel,https://www.wikidata.org/wiki/Q6092389,unique accent/order-insensitive token match; DOB distance 0 day(s)
cm0001_vanilla_original,5965,Ersen Martin,https://www.wikidata.org/wiki/Q819597,unique accent/order-insensitive token match; DOB distance 0 day(s)
cm0001_vanilla_original,6355,Sait Karafırtınalar,https://www.wikidata.org/wiki/Q2213308,unique accent/order-insensitive token match; DOB distance 0 day(s)
cm0001_vanilla_original,6619,Mert Korkmaz,https://www.wikidata.org/wiki/Q360668,unique accent/order-insensitive token match; DOB distance 0 day(s)
cm0001_vanilla_original,9630,Mustafa Yılmaz,https://www.wikidata.org/wiki/Q133989854,unique accent/order-insensitive token match; DOB distance 0 day(s)
cm0001_vanilla_original,9636,Mustafa Doğan,https://www.wikidata.org/wiki/Q567406,unique accent/order-insensitive token match; DOB distance 0 day(s)
cm0001_vanilla_original,9648,Mustafa Bahadır,https://www.wikidata.org/wiki/Q15743242,unique accent/order-insensitive token match; DOB distance 0 day(s)
cm0001_vanilla_original,9667,Mustafa Er,https://www.wikidata.org/wiki/Q53250303,unique accent/order-insensitive token match; DOB distance 0 day(s)
cm0001_vanilla_original,9674,Mustafa Gürsel,https://www.wikidata.org/wiki/Q130438001,unique accent/order-insensitive token match; DOB distance 0 day(s)
cm0001_vanilla_original,9682,Mustafa Keçeli,https://www.wikidata.org/wiki/Q1955557,unique accent/order-insensitive token match; DOB distance 0 day(s)
cm0001_vanilla_original,9684,Mustafa Kocabey,https://www.wikidata.org/wiki/Q3328883,unique accent/order-insensitive token match; DOB distance 0 day(s)
cm0001_vanilla_original,9688,Mustafa Marangoz,https://www.wikidata.org/wiki/Q6094748,unique accent/order-insensitive token match; DOB distance 0 day(s)
cm0001_vanilla_original,9693,Mustafa Özer,https://www.wikidata.org/wiki/Q14946222,unique accent/order-insensitive token match; DOB distance 0 day(s)
cm0001_vanilla_original,9699,Mustafa Öztürk,https://www.wikidata.org/wiki/Q107452838,unique accent/order-insensitive token match; DOB distance 0 day(s)
cm0001_vanilla_original,9704,Mustafa Sarp,https://www.wikidata.org/wiki/Q426881,unique accent/order-insensitive token match; DOB distance 0 day(s)
cm0001_vanilla_original,9708,Mustafa Sert,https://www.wikidata.org/wiki/Q1480628,unique accent/order-insensitive token match; DOB distance 0 day(s)
cm0001_vanilla_original,9771,Ali Akdeniz,https://www.wikidata.org/wiki/Q6053829,unique accent/order-insensitive token match; DOB distance 0 day(s)
cm0001_vanilla_original,9778,Ali Çebi,https://www.wikidata.org/wiki/Q134029622,unique accent/order-insensitive token match; DOB distance 0 day(s)
cm0001_vanilla_original,9788,Ali Günçar,https://www.wikidata.org/wiki/Q6095226,unique accent/order-insensitive token match; DOB distance 0 day(s)
cm0001_vanilla_original,9789,Ali Güneş,https://www.wikidata.org/wiki/Q322892,unique accent/order-insensitive token match; DOB distance 0 day(s)
cm0001_vanilla_original,9792,Ali İşleyen,https://www.wikidata.org/wiki/Q15856606,unique accent/order-insensitive token match; DOB distance 0 day(s)
cm0001_vanilla_original,9802,Ali Kulaksız,https://www.wikidata.org/wiki/Q132861958,unique accent/order-insensitive token match; DOB distance 0 day(s)
cm0001_vanilla_original,9804,Ali Mumcu,https://www.wikidata.org/wiki/Q4725062,unique accent/order-insensitive token match; DOB distance 0 day(s)
cm0001_vanilla_original,9807,Ali Ravcı,https://www.wikidata.org/wiki/Q110538000,unique accent/order-insensitive token match; DOB distance 0 day(s)
cm0001_vanilla_original,9811,Ali Tandoğan,https://www.wikidata.org/wiki/Q1378286,unique accent/order-insensitive token match; DOB distance 0 day(s)
cm0001_vanilla_original,12225,Akın Sağlam,https://www.wikidata.org/wiki/Q134378667,unique accent/order-insensitive token match; DOB distance 0 day(s)
cm0001_vanilla_original,12226,Akın Vardar,https://www.wikidata.org/wiki/Q424750,unique accent/order-insensitive token match; DOB distance 0 day(s)
cm0001_vanilla_original,16079,İsa Turan,https://www.wikidata.org/wiki/Q6095914,unique accent/order-insensitive token match; DOB distance 0 day(s)
cm0001_vanilla_original,16617,Attila Şekerlioğlu,https://www.wikidata.org/wiki/Q10380495,unique accent/order-insensitive token match; DOB distance 0 day(s)
cm0001_vanilla_original,16627,Ümit Erbay,https://www.wikidata.org/wiki/Q102078593,unique accent/order-insensitive token match; DOB distance 0 day(s)
cm0001_vanilla_original,16630,Ümit İnal,https://www.wikidata.org/wiki/Q14859023,unique accent/order-insensitive token match; DOB distance 0 day(s)
cm0001_vanilla_original,16631,Ümit Aydın,https://www.wikidata.org/wiki/Q4831526,unique accent/order-insensitive token match; DOB distance 0 day(s)
cm0001_vanilla_original,16637,Ümit Bozkurt,https://www.wikidata.org/wiki/Q8079469,unique accent/order-insensitive token match; DOB distance 0 day(s)
cm0001_vanilla_original,16643,Umut Hatipoğlu,https://www.wikidata.org/wiki/Q2506954,unique accent/order-insensitive token match; DOB distance 0 day(s)
cm0001_vanilla_original,16648,Ümit Özışık,https://www.wikidata.org/wiki/Q115631624,unique accent/order-insensitive token match; DOB distance 0 day(s)
cm0001_vanilla_original,16651,Ümit Teke,https://www.wikidata.org/wiki/Q6082892,unique accent/order-insensitive token match; DOB distance 0 day(s)
cm0001_vanilla_original,16655,Volkan Kahraman,https://www.wikidata.org/wiki/Q871938,unique accent/order-insensitive token match; DOB distance 0 day(s)
cm0001_vanilla_original,16663,Volkan Demirel,https://www.wikidata.org/wiki/Q209992,unique accent/order-insensitive token match; DOB distance 0 day(s)
cm0001_vanilla_original,16670,Volkan Kilimci,https://www.wikidata.org/wiki/Q1674177,unique accent/order-insensitive token match; DOB distance 0 day(s)
cm0001_vanilla_original,18020,Hakan Bayraktar,https://www.wikidata.org/wiki/Q134422407,unique accent/order-insensitive token match; DOB distance 0 day(s)
cm0001_vanilla_original,18026,Hakan Akbulut,https://www.wikidata.org/wiki/Q139595197,unique accent/order-insensitive token match; DOB distance 0 day(s)
cm0001_vanilla_original,18029,Hakan Biçici,https://www.wikidata.org/wiki/Q137441153,unique accent/order-insensitive token match; DOB distance 0 day(s)
cm0001_vanilla_original,18031,Hakan Çalışkan,https://www.wikidata.org/wiki/Q6100343,unique accent/order-insensitive token match; DOB distance 0 day(s)
cm0001_vanilla_original,18038,Hakan Dolutaş,https://www.wikidata.org/wiki/Q6095292,unique accent/order-insensitive token match; DOB distance 0 day(s)
cm0001_vanilla_original,18056,Hakan Kaygusuz,https://www.wikidata.org/wiki/Q23920541,unique accent/order-insensitive token match; DOB distance 0 day(s)
cm0001_vanilla_original,18057,Hakan Keleş,https://www.wikidata.org/wiki/Q6077849,unique accent/order-insensitive token match; DOB distance 0 day(s)
cm0001_vanilla_original,18060,Hakan Kutlu,https://www.wikidata.org/wiki/Q1569830,unique accent/order-insensitive token match; DOB distance 0 day(s)
cm0001_vanilla_original,18068,Hakan Saral,https://www.wikidata.org/wiki/Q134394829,unique accent/order-insensitive token match; DOB distance 0 day(s)
cm0001_vanilla_original,18072,Hakan Şükür,https://www.wikidata.org/wiki/Q192974,unique accent/order-insensitive token match; DOB distance 0 day(s)
cm0001_vanilla_original,18260,Yasin Karaca,https://www.wikidata.org/wiki/Q2003441,unique accent/order-insensitive token match; DOB distance 0 day(s)
cm0001_vanilla_original,19413,Önder Turacı,https://www.wikidata.org/wiki/Q297604,unique accent/order-insensitive token match; DOB distance 0 day(s)
cm0001_vanilla_original,19435,Uğur Yasan,https://www.wikidata.org/wiki/Q135441382,unique accent/order-insensitive token match; DOB distance 0 day(s)
cm0001_vanilla_original,20006,Mahmut Yılmaz,https://www.wikidata.org/wiki/Q1573871,unique accent/order-insensitive token match; DOB distance 0 day(s)
cm0001_vanilla_original,20026,Yılmaz Özen,https://www.wikidata.org/wiki/Q16858162,unique accent/order-insensitive token match; DOB distance 0 day(s)
cm0001_vanilla_original,20027,Yılmaz Özlem,https://www.wikidata.org/wiki/Q1717999,unique accent/order-insensitive token match; DOB distance 0 day(s)
cm0001_vanilla_original,21836,Serdar Kulbilge,https://www.wikidata.org/wiki/Q2000793,unique accent/order-insensitive token match; DOB distance 0 day(s)
cm0001_vanilla_original,21837,Serdar Meriç,https://www.wikidata.org/wiki/Q99673271,unique accent/order-insensitive token match; DOB distance 0 day(s)
cm0001_vanilla_original,21841,Serdar Samatyalı,https://www.wikidata.org/wiki/Q6103526,unique accent/order-insensitive token match; DOB distance 0 day(s)
cm0001_vanilla_original,23220,Doğan Baykuş,https://www.wikidata.org/wiki/Q125072307,unique accent/order-insensitive token match; DOB distance 0 day(s)
cm0001_vanilla_original,24678,Metin Kurt,https://www.wikidata.org/wiki/Q6083827,unique accent/order-insensitive token match; DOB distance 0 day(s)
cm0001_vanilla_original,24684,Metin Akçevre,https://www.wikidata.org/wiki/Q12810845,unique accent/order-insensitive token match; DOB distance 0 day(s)
cm0001_vanilla_original,24703,Metin Uzun,https://www.wikidata.org/wiki/Q61725010,unique accent/order-insensitive token match; DOB distance 0 day(s)
cm0001_vanilla_original,24948,Yusuf Öztürk,https://www.wikidata.org/wiki/Q8062001,unique accent/order-insensitive token match; DOB distance 0 day(s)
cm0001_vanilla_original,25693,Ahmet Arslaner,https://www.wikidata.org/wiki/Q100325119,unique accent/order-insensitive token match; DOB distance 0 day(s)
cm0001_vanilla_original,25698,Ahmet Bulut,https://www.wikidata.org/wiki/Q25476809,unique accent/order-insensitive token match; DOB distance 0 day(s)
cm0001_vanilla_original,25699,Ahmet Çağıran,https://www.wikidata.org/wiki/Q6083252,unique accent/order-insensitive token match; DOB distance 0 day(s)
cm0001_vanilla_original,25701,Ahmet Çelikhan,https://www.wikidata.org/wiki/Q130484536,unique accent/order-insensitive token match; DOB distance 0 day(s)
cm0001_vanilla_original,25706,Ahmet Erdinç,https://www.wikidata.org/wiki/Q401821,unique accent/order-insensitive token match; DOB distance 0 day(s)
cm0001_vanilla_original,25723,Ahmet Şahin,https://www.wikidata.org/wiki/Q402016,unique accent/order-insensitive token match; DOB distance 0 day(s)
cm0001_vanilla_original,25727,Ahmet Taşyürek,https://www.wikidata.org/wiki/Q27123036,unique accent/order-insensitive token match; DOB distance 0 day(s)
cm0001_vanilla_original,25734,Ahmet Yıldırım,https://www.wikidata.org/wiki/Q676847,unique accent/order-insensitive token match; DOB distance 0 day(s)
cm0001_vanilla_original,25791,Alper Akıcı,https://www.wikidata.org/wiki/Q18410164,unique accent/order-insensitive token match; DOB distance 0 day(s)
cm0001_vanilla_original,25800,Alper Tezcan,https://www.wikidata.org/wiki/Q2650863,unique accent/order-insensitive token match; DOB distance 0 day(s)
cm0001_vanilla_original,28534,Hayrettin Demirbaş,https://www.wikidata.org/wiki/Q6665963,unique accent/order-insensitive token match; DOB distance 0 day(s)
cm0001_vanilla_original,28535,Hayrettin Yerlikaya,https://www.wikidata.org/wiki/Q433109,unique accent/order-insensitive token match; DOB distance 0 day(s)
cm0001_vanilla_original,31475,Ömer Rıza,https://www.wikidata.org/wiki/Q297499,unique accent/order-insensitive token match; DOB distance 0 day(s)
cm0001_vanilla_original,33822,İsmail Aydoğdu,https://www.wikidata.org/wiki/Q134444171,unique accent/order-insensitive token match; DOB distance 0 day(s)
cm0001_vanilla_original,33825,İsmail Demirci,https://www.wikidata.org/wiki/Q6091885,unique accent/order-insensitive token match; DOB distance 0 day(s)
cm0001_vanilla_original,33826,İsmail Erden,https://www.wikidata.org/wiki/Q19758090,unique accent/order-insensitive token match; DOB distance 0 day(s)
cm0001_vanilla_original,33828,İsmail Güldüren,https://www.wikidata.org/wiki/Q344163,unique accent/order-insensitive token match; DOB distance 0 day(s)
cm0001_vanilla_original,33838,İsmail Şenyüz,https://www.wikidata.org/wiki/Q2405236,unique accent/order-insensitive token match; DOB distance 0 day(s)
cm0001_vanilla_original,33840,İsmail Sivrikaya,https://www.wikidata.org/wiki/Q134463653,unique accent/order-insensitive token match; DOB distance 0 day(s)
cm0001_vanilla_original,36604,Ferdi Tatlı,https://www.wikidata.org/wiki/Q47499835,unique accent/order-insensitive token match; DOB distance 0 day(s)
cm0001_vanilla_original,37974,Murat Erdoğan,https://www.wikidata.org/wiki/Q1953539,unique accent/order-insensitive token match; DOB distance 0 day(s)
cm0001_vanilla_original,37983,Murat Akarsu,https://www.wikidata.org/wiki/Q6064327,unique accent/order-insensitive token match; DOB distance 0 day(s)
cm0001_vanilla_original,37988,Murat Alaçayır,https://www.wikidata.org/wiki/Q6092742,unique accent/order-insensitive token match; DOB distance 0 day(s)
cm0001_vanilla_original,37996,Murat Baytaroğlu,https://www.wikidata.org/wiki/Q6102533,unique accent/order-insensitive token match; DOB distance 0 day(s)
cm0001_vanilla_original,37998,Murat Bölükbaşı,https://www.wikidata.org/wiki/Q6087709,unique accent/order-insensitive token match; DOB distance 0 day(s)
cm0001_vanilla_original,38014,Murat Duman,https://www.wikidata.org/wiki/Q25473681,unique accent/order-insensitive token match; DOB distance 0 day(s)
cm0001_vanilla_original,38021,Murat Hacıoğlu,https://www.wikidata.org/wiki/Q358987,unique accent/order-insensitive token match; DOB distance 0 day(s)
cm0001_vanilla_original,38023,Murat İsmailoğlu,https://www.wikidata.org/wiki/Q130484547,unique accent/order-insensitive token match; DOB distance 0 day(s)
cm0001_vanilla_original,38025,Murat Karakoç,https://www.wikidata.org/wiki/Q6937410,unique accent/order-insensitive token match; DOB distance 0 day(s)
cm0001_vanilla_original,38032,Murat Onur,https://www.wikidata.org/wiki/Q2947435,unique accent/order-insensitive token match; DOB distance 0 day(s)
cm0001_vanilla_original,38037,Murat Öztürk,https://www.wikidata.org/wiki/Q6937441,unique accent/order-insensitive token match; DOB distance 0 day(s)
cm0001_vanilla_original,38041,Murat Şahin,https://www.wikidata.org/wiki/Q646042,unique accent/order-insensitive token match; DOB distance 0 day(s)
cm0001_vanilla_original,38044,Murat Şenvardar,https://www.wikidata.org/wiki/Q6034686,unique accent/order-insensitive token match; DOB distance 0 day(s)
cm0001_vanilla_original,38052,Murat Türksoy,https://www.wikidata.org/wiki/Q6020758,unique accent/order-insensitive token match; DOB distance 0 day(s)
cm0001_vanilla_original,38055,Murat Yiğiter,https://www.wikidata.org/wiki/Q15867355,unique accent/order-insensitive token match; DOB distance 0 day(s)
cm0001_vanilla_original,40277,Hikmet Çapanoğlu,https://www.wikidata.org/wiki/Q6096831,unique accent/order-insensitive token match; DOB distance 0 day(s)
cm0001_vanilla_original,40375,Hüseyin Öztürk,https://www.wikidata.org/wiki/Q134422404,unique accent/order-insensitive token match; DOB distance 0 day(s)
cm0001_vanilla_original,40386,Hüseyin Ulusal,https://www.wikidata.org/wiki/Q17045801,unique accent/order-insensitive token match; DOB distance 0 day(s)
cm0001_vanilla_original,40389,Hüseyin Yoğurtçu,https://www.wikidata.org/wiki/Q1652495,unique accent/order-insensitive token match; DOB distance 0 day(s)
cm0001_vanilla_original,40484,Kaya Tarakçı,https://www.wikidata.org/wiki/Q1418755,unique accent/order-insensitive token match; DOB distance 0 day(s)
cm0001_vanilla_original,41332,Erol Sabanov,https://www.wikidata.org/wiki/Q883701,unique accent/order-insensitive token match; DOB distance 0 day(s)
cm0001_vanilla_original,41516,Şenol Erol,https://www.wikidata.org/wiki/Q6102204,unique accent/order-insensitive token match; DOB distance 0 day(s)
cm0001_vanilla_original,41517,Şenol İbişi,https://www.wikidata.org/wiki/Q99672566,unique accent/order-insensitive token match; DOB distance 0 day(s)
cm0001_vanilla_original,41520,Şenol Fidan,https://www.wikidata.org/wiki/Q8082477,unique accent/order-insensitive token match; DOB distance 0 day(s)
cm0001_vanilla_original,41521,Şenol Karagöl,https://www.wikidata.org/wiki/Q6080193,unique accent/order-insensitive token match; DOB distance 0 day(s)
cm0001_vanilla_original,41526,Şenol Yavaş,https://www.wikidata.org/wiki/Q6103415,unique accent/order-insensitive token match; DOB distance 0 day(s)
cm0001_vanilla_original,41527,Serhat Akın,https://www.wikidata.org/wiki/Q659367,unique accent/order-insensitive token match; DOB distance 0 day(s)
cm0001_vanilla_original,41532,Serhat Güller,https://www.wikidata.org/wiki/Q2273309,unique accent/order-insensitive token match; DOB distance 0 day(s)
cm0001_vanilla_original,41533,Serhat Gülpınar,https://www.wikidata.org/wiki/Q2273311,unique accent/order-insensitive token match; DOB distance 0 day(s)
cm0001_vanilla_original,41664,Selim Teber,https://www.wikidata.org/wiki/Q690129,unique accent/order-insensitive token match; DOB distance 0 day(s)
cm0001_vanilla_original,43968,Pini Balili,https://www.wikidata.org/wiki/Q1389115,unique accent/order-insensitive token match; DOB distance 0 day(s)
cm0001_vanilla_original,44024,Hasan Çelik,https://www.wikidata.org/wiki/Q2815469,unique accent/order-insensitive token match; DOB distance 0 day(s)
cm0001_vanilla_original,44029,Hasan Gültang,https://www.wikidata.org/wiki/Q10433603,unique accent/order-insensitive token match; DOB distance 0 day(s)
cm0001_vanilla_original,44030,Hasan Kabze,https://www.wikidata.org/wiki/Q719346,unique accent/order-insensitive token match; DOB distance 0 day(s)
cm0001_vanilla_original,44038,Hasan Sönmez,https://www.wikidata.org/wiki/Q10429658,unique accent/order-insensitive token match; DOB distance 0 day(s)
cm0001_vanilla_original,44042,Hasan Üçüncü,https://www.wikidata.org/wiki/Q630587,unique accent/order-insensitive token match; DOB distance 0 day(s)
cm0001_vanilla_original,52820,Mustafa Aydın,https://www.wikidata.org/wiki/Q2456748,unique accent/order-insensitive token match; DOB distance 0 day(s)
cm0001_vanilla_original,52825,Aydın Dağdelen,https://www.wikidata.org/wiki/Q99673272,unique accent/order-insensitive token match; DOB distance 0 day(s)
cm0001_vanilla_original,52828,Aydın Kaldırım,https://www.wikidata.org/wiki/Q130484542,unique accent/order-insensitive token match; DOB distance 0 day(s)
cm0001_vanilla_original,52833,Aydın Tuna,https://www.wikidata.org/wiki/Q6081704,unique accent/order-insensitive token match; DOB distance 0 day(s)
cm0001_vanilla_original,52834,Aydın Yetgin,https://www.wikidata.org/wiki/Q132967678,unique accent/order-insensitive token match; DOB distance 0 day(s)
cm0001_vanilla_original,55617,Ekrem Ekşioğlu,https://www.wikidata.org/wiki/Q1323520,unique accent/order-insensitive token match; DOB distance 0 day(s)
cm0001_vanilla_original,55618,Ekrem Köse,https://www.wikidata.org/wiki/Q6087061,unique accent/order-insensitive token match; DOB distance 0 day(s)
cm0001_vanilla_original,56294,Azar Karadaş,https://www.wikidata.org/wiki/Q725150,unique accent/order-insensitive token match; DOB distance 0 day(s)
cm0001_vanilla_original,61420,Aşkın Dilli,https://www.wikidata.org/wiki/Q134378662,unique accent/order-insensitive token match; DOB distance 0 day(s)
cm0001_vanilla_original,71279,Alp Küçükvardar,https://www.wikidata.org/wiki/Q2839387,unique accent/order-insensitive token match; DOB distance 0 day(s)
cm0001_vanilla_original,71713,Erol Bulut,https://www.wikidata.org/wiki/Q562157,unique accent/order-insensitive token match; DOB distance 1 day(s)
cm0001_vanilla_original,73225,Kurtuluş Öztürk,https://www.wikidata.org/wiki/Q98278011,unique accent/order-insensitive token match; DOB distance 0 day(s)
cm0001_vanilla_original,75341,Yaşar Erdoğan,https://www.wikidata.org/wiki/Q134449681,unique accent/order-insensitive token match; DOB distance 0 day(s)
cm0001_vanilla_original,75354,Yasin Çelik,https://www.wikidata.org/wiki/Q2856378,unique accent/order-insensitive token match; DOB distance 0 day(s)
cm0001_vanilla_original,75361,Yasin Sülün,https://www.wikidata.org/wiki/Q1550964,unique accent/order-insensitive token match; DOB distance 0 day(s)
cm0001_vanilla_original,75370,Yavuz Eraydın,https://www.wikidata.org/wiki/Q1419830,unique accent/order-insensitive token match; DOB distance 0 day(s)
cm0001_vanilla_original,75520,Kubilay Türkyılmaz,https://www.wikidata.org/wiki/Q366571,unique accent/order-insensitive token match; DOB distance 0 day(s)
cm0001_vanilla_original,75526,Hakan Yakın,https://www.wikidata.org/wiki/Q122346,unique accent/order-insensitive token match; DOB distance 0 day(s)
cm0001_vanilla_original,75527,Murat Yakın,https://www.wikidata.org/wiki/Q113245,unique accent/order-insensitive token match; DOB distance 0 day(s)
cm0001_vanilla_original,75538,Abdülkadir Demirci,https://www.wikidata.org/wiki/Q17045440,unique accent/order-insensitive token match; DOB distance 0 day(s)
cm0001_vanilla_original,75545,Abdurrahman Dereli,https://www.wikidata.org/wiki/Q180924,unique accent/order-insensitive token match; DOB distance 0 day(s)
cm0001_vanilla_original,75552,Adem Çak,https://www.wikidata.org/wiki/Q134222206,unique accent/order-insensitive token match; DOB distance 0 day(s)
cm0001_vanilla_original,75553,Adem Dursun,https://www.wikidata.org/wiki/Q4682114,unique accent/order-insensitive token match; DOB distance 0 day(s)
cm0001_vanilla_original,75555,Adem Kaya,https://www.wikidata.org/wiki/Q6080587,unique accent/order-insensitive token match; DOB distance 0 day(s)
cm0001_vanilla_original,75564,Adnan Erkan,https://www.wikidata.org/wiki/Q359388,unique accent/order-insensitive token match; DOB distance 0 day(s)
cm0001_vanilla_original,75567,Adnan Güngör,https://www.wikidata.org/wiki/Q359403,unique accent/order-insensitive token match; DOB distance 0 day(s)
cm0001_vanilla_original,75568,Adnan İlgin,https://www.wikidata.org/wiki/Q23920695,unique accent/order-insensitive token match; DOB distance 0 day(s)
cm0001_vanilla_original,75569,Adnan Karahan,https://www.wikidata.org/wiki/Q6097915,unique accent/order-insensitive token match; DOB distance 0 day(s)
cm0001_vanilla_original,75597,Taşkın Aksoy,https://www.wikidata.org/wiki/Q1285241,unique accent/order-insensitive token match; DOB distance 0 day(s)
cm0001_vanilla_original,75611,Ali Eren Beşerler,https://www.wikidata.org/wiki/Q4724775,unique accent/order-insensitive token match; DOB distance 0 day(s)
cm0001_vanilla_original,75624,Ali Nadir Başkan,https://www.wikidata.org/wiki/Q116586807,unique accent/order-insensitive token match; DOB distance 1 day(s)
cm0001_vanilla_original,75625,Ali Nail Durmuş,https://www.wikidata.org/wiki/Q6101899,unique accent/order-insensitive token match; DOB distance 0 day(s)
cm0001_vanilla_original,75626,Ali Rıza Yılmaz,https://www.wikidata.org/wiki/Q61198452,unique accent/order-insensitive token match; DOB distance 0 day(s)
cm0001_vanilla_original,75640,Alpaslan Kartal,https://www.wikidata.org/wiki/Q956261,unique accent/order-insensitive token match; DOB distance 0 day(s)
cm0001_vanilla_original,75649,Altay Dağdelen,https://www.wikidata.org/wiki/Q6095275,unique accent/order-insensitive token match; DOB distance 0 day(s)
cm0001_vanilla_original,75665,Erdoğan Arıca,https://www.wikidata.org/wiki/Q1313472,unique accent/order-insensitive token match; DOB distance 0 day(s)
cm0001_vanilla_original,75690,Atacan Öztürk,https://www.wikidata.org/wiki/Q753135,unique accent/order-insensitive token match; DOB distance 0 day(s)
cm0001_vanilla_original,75693,Atakan Sancarbarlaz,https://www.wikidata.org/wiki/Q21524076,unique accent/order-insensitive token match; DOB distance 0 day(s)
cm0001_vanilla_original,75708,Atilla Alioğlu,https://www.wikidata.org/wiki/Q134416693,unique accent/order-insensitive token match; DOB distance 0 day(s)
cm0001_vanilla_original,75712,Atilla Çebi,https://www.wikidata.org/wiki/Q134444167,unique accent/order-insensitive token match; DOB distance 0 day(s)
cm0001_vanilla_original,75716,Atilla Koca,https://www.wikidata.org/wiki/Q612897,unique accent/order-insensitive token match; DOB distance 0 day(s)
cm0001_vanilla_original,75733,Aydoğan Hacısalihoğlu,https://www.wikidata.org/wiki/Q134378650,unique accent/order-insensitive token match; DOB distance 0 day(s)
cm0001_vanilla_original,75737,Necat Aygün,https://www.wikidata.org/wiki/Q322906,unique accent/order-insensitive token match; DOB distance 0 day(s)
cm0001_vanilla_original,75738,Aygün Taşkıran,https://www.wikidata.org/wiki/Q6089760,unique accent/order-insensitive token match; DOB distance 0 day(s)
cm0001_vanilla_original,75740,Ayhan Alemdaroğlu,https://www.wikidata.org/wiki/Q15435603,unique accent/order-insensitive token match; DOB distance 0 day(s)
cm0001_vanilla_original,75743,Ayhan Hüseyinoğlu,https://www.wikidata.org/wiki/Q28647859,unique accent/order-insensitive token match; DOB distance 0 day(s)
cm0001_vanilla_original,75747,Aykan Atik,https://www.wikidata.org/wiki/Q92927830,unique accent/order-insensitive token match; DOB distance 0 day(s)
cm0001_vanilla_original,75756,Aytekin Viduşlu,https://www.wikidata.org/wiki/Q4831733,unique accent/order-insensitive token match; DOB distance 0 day(s)
cm0001_vanilla_original,75792,Barış Özkan,https://www.wikidata.org/wiki/Q132967665,unique accent/order-insensitive token match; DOB distance 0 day(s)
cm0001_vanilla_original,75805,Yıldıray Baştürk,https://www.wikidata.org/wiki/Q76322,unique accent/order-insensitive token match; DOB distance 0 day(s)
cm0001_vanilla_original,75809,Batur Altıparmak,https://www.wikidata.org/wiki/Q47313911,unique accent/order-insensitive token match; DOB distance 0 day(s)
cm0001_vanilla_original,75820,Bayram Bektaş,https://www.wikidata.org/wiki/Q6087377,unique accent/order-insensitive token match; DOB distance 0 day(s)
cm0001_vanilla_original,75823,Bayram Çolak,https://www.wikidata.org/wiki/Q126918539,unique accent/order-insensitive token match; DOB distance 0 day(s)
cm0001_vanilla_original,75839,Bekir Gür,https://www.wikidata.org/wiki/Q2894092,unique accent/order-insensitive token match; DOB distance 0 day(s)
cm0001_vanilla_original,75845,Benhur Babaoğlu,https://www.wikidata.org/wiki/Q2895845,unique accent/order-insensitive token match; DOB distance 0 day(s)
cm0001_vanilla_original,75854,Besim Durmuş,https://www.wikidata.org/wiki/Q829868,unique accent/order-insensitive token match; DOB distance 0 day(s)
cm0001_vanilla_original,75856,Beyhan Sümer,https://www.wikidata.org/wiki/Q20472194,unique accent/order-insensitive token match; DOB distance 0 day(s)
cm0001_vanilla_original,75869,Ümit Bilican,https://www.wikidata.org/wiki/Q8079465,unique accent/order-insensitive token match; DOB distance 0 day(s)
cm0001_vanilla_original,75881,Birol Aksancak,https://www.wikidata.org/wiki/Q4916923,unique accent/order-insensitive token match; DOB distance 0 day(s)
cm0001_vanilla_original,75882,Birol Demirhan,https://www.wikidata.org/wiki/Q56173804,unique accent/order-insensitive token match; DOB distance 0 day(s)
cm0001_vanilla_original,75887,Bora Körk,https://www.wikidata.org/wiki/Q893284,unique accent/order-insensitive token match; DOB distance 0 day(s)
cm0001_vanilla_original,75897,Bülent Akın,https://www.wikidata.org/wiki/Q2705560,unique accent/order-insensitive token match; DOB distance 0 day(s)
cm0001_vanilla_original,75898,Bülent Aslan,https://www.wikidata.org/wiki/Q134100645,unique accent/order-insensitive token match; DOB distance 0 day(s)
cm0001_vanilla_original,75900,Bülent Ataman,https://www.wikidata.org/wiki/Q5005275,unique accent/order-insensitive token match; DOB distance 0 day(s)
cm0001_vanilla_original,75904,Bülent Bal,https://www.wikidata.org/wiki/Q5005274,unique accent/order-insensitive token match; DOB distance 0 day(s)
cm0001_vanilla_original,75905,Bülent Bölükbaşı,https://www.wikidata.org/wiki/Q370545,unique accent/order-insensitive token match; DOB distance 0 day(s)
cm0001_vanilla_original,75913,Bülent Ertuğrul,https://www.wikidata.org/wiki/Q526631,unique accent/order-insensitive token match; DOB distance 0 day(s)
cm0001_vanilla_original,75918,Bülent Karaman,https://www.wikidata.org/wiki/Q6102611,unique accent/order-insensitive token match; DOB distance 0 day(s)
cm0001_vanilla_original,75919,Bülent Korkmaz,https://www.wikidata.org/wiki/Q507832,unique accent/order-insensitive token match; DOB distance 0 day(s)
cm0001_vanilla_original,75928,Bülent Sevlü,https://www.wikidata.org/wiki/Q6072963,unique accent/order-insensitive token match; DOB distance 0 day(s)
cm0001_vanilla_original,75929,Bülent Şimşek,https://www.wikidata.org/wiki/Q6094796,unique accent/order-insensitive token match; DOB distance 0 day(s)
cm0001_vanilla_original,75932,Bülent Üçüncü,https://www.wikidata.org/wiki/Q5005289,unique accent/order-insensitive token match; DOB distance 0 day(s)
cm0001_vanilla_original,75933,Bülent Uygun,https://www.wikidata.org/wiki/Q1020698,unique accent/order-insensitive token match; DOB distance 0 day(s)
cm0001_vanilla_original,75935,Bülent Yenihayat,https://www.wikidata.org/wiki/Q126285515,unique accent/order-insensitive token match; DOB distance 1 day(s)
cm0001_vanilla_original,75942,Bünyamin Kubat,https://www.wikidata.org/wiki/Q20473773,unique accent/order-insensitive token match; DOB distance 0 day(s)
cm0001_vanilla_original,75945,Burak Akdiş,https://www.wikidata.org/wiki/Q1010172,unique accent/order-insensitive token match; DOB distance 0 day(s)
cm0001_vanilla_original,75954,Burhanettin Kaymak,https://www.wikidata.org/wiki/Q823922,unique accent/order-insensitive token match; DOB distance 0 day(s)
cm0001_vanilla_original,75959,Cafer Aydın,https://www.wikidata.org/wiki/Q6095911,unique accent/order-insensitive token match; DOB distance 0 day(s)
cm0001_vanilla_original,75973,Cahit Paşa,https://www.wikidata.org/wiki/Q5017432,unique accent/order-insensitive token match; DOB distance 0 day(s)
cm0001_vanilla_original,75988,Can Ulun,https://www.wikidata.org/wiki/Q6063079,unique accent/order-insensitive token match; DOB distance 0 day(s)
cm0001_vanilla_original,75991,Can Cumhur Bozacı,https://www.wikidata.org/wiki/Q118340917,unique accent/order-insensitive token match; DOB distance 0 day(s)
cm0001_vanilla_original,75998,Candan Sayın,https://www.wikidata.org/wiki/Q132967685,unique accent/order-insensitive token match; DOB distance 0 day(s)
cm0001_vanilla_original,76001,Caner Yılmaz,https://www.wikidata.org/wiki/Q132967670,unique accent/order-insensitive token match; DOB distance 0 day(s)
cm0001_vanilla_original,76032,Celil Sağır,https://www.wikidata.org/wiki/Q6079661,unique accent/order-insensitive token match; DOB distance 0 day(s)
cm0001_vanilla_original,76040,Cem Kargın,https://www.wikidata.org/wiki/Q5058615,unique accent/order-insensitive token match; DOB distance 0 day(s)
cm0001_vanilla_original,76045,Cem Koşanoğlu,https://www.wikidata.org/wiki/Q6074346,unique accent/order-insensitive token match; DOB distance 0 day(s)
cm0001_vanilla_original,76055,Cem Sinan Vergül,https://www.wikidata.org/wiki/Q6067519,unique accent/order-insensitive token match; DOB distance 0 day(s)
cm0001_vanilla_original,76081,Cengiz Alp,https://www.wikidata.org/wiki/Q6092694,unique accent/order-insensitive token match; DOB distance 0 day(s)
cm0001_vanilla_original,76082,Cengiz Atila,https://www.wikidata.org/wiki/Q6094097,unique accent/order-insensitive token match; DOB distance 0 day(s)
cm0001_vanilla_original,76092,Cengizhan Hınçal,https://www.wikidata.org/wiki/Q2944233,unique accent/order-insensitive token match; DOB distance 0 day(s)
cm0001_vanilla_original,76099,Cenk İşler,https://www.wikidata.org/wiki/Q824590,unique accent/order-insensitive token match; DOB distance 0 day(s)
cm0001_vanilla_original,76103,Cenk Tekelioğlu,https://www.wikidata.org/wiki/Q7459061,unique accent/order-insensitive token match; DOB distance 0 day(s)
cm0001_vanilla_original,76108,Aydın Çetin,https://www.wikidata.org/wiki/Q792893,unique accent/order-insensitive token match; DOB distance 0 day(s)
cm0001_vanilla_original,76114,Çetin Limanoğlu,https://www.wikidata.org/wiki/Q134394835,unique accent/order-insensitive token match; DOB distance 0 day(s)
cm0001_vanilla_original,76137,Cihan Haspolatlı,https://www.wikidata.org/wiki/Q722056,unique accent/order-insensitive token match; DOB distance 0 day(s)
cm0001_vanilla_original,76140,Cihat Arslan,https://www.wikidata.org/wiki/Q2645475,unique accent/order-insensitive token match; DOB distance 0 day(s)
cm0001_vanilla_original,76157,Coşkun Yılmaz,https://www.wikidata.org/wiki/Q134396420,unique accent/order-insensitive token match; DOB distance 0 day(s)
cm0001_vanilla_original,76159,Coşkun Birdal,https://www.wikidata.org/wiki/Q5180176,unique accent/order-insensitive token match; DOB distance 0 day(s)
cm0001_vanilla_original,76173,Cüneyt Dumlupınar,https://www.wikidata.org/wiki/Q18415925,unique accent/order-insensitive token match; DOB distance 1 day(s)
cm0001_vanilla_original,76176,Cüneyt Kocabıçak,https://www.wikidata.org/wiki/Q1151074,unique accent/order-insensitive token match; DOB distance 0 day(s)
cm0001_vanilla_original,76183,Cüneyt Yis,https://www.wikidata.org/wiki/Q99673269,unique accent/order-insensitive token match; DOB distance 0 day(s)
cm0001_vanilla_original,76198,Ünal Demirkıran,https://www.wikidata.org/wiki/Q334912,unique accent/order-insensitive token match; DOB distance 0 day(s)
cm0001_vanilla_original,76202,Deniz Kibar,https://www.wikidata.org/wiki/Q133250232,unique accent/order-insensitive token match; DOB distance 0 day(s)
cm0001_vanilla_original,76204,Deniz Kolgu,https://www.wikidata.org/wiki/Q20476889,unique accent/order-insensitive token match; DOB distance 0 day(s)
cm0001_vanilla_original,76209,Oktay Derelioğlu,https://www.wikidata.org/wiki/Q782070,unique accent/order-insensitive token match; DOB distance 0 day(s)
cm0001_vanilla_original,76214,Devran Ayhan,https://www.wikidata.org/wiki/Q4059038,unique accent/order-insensitive token match; DOB distance 0 day(s)
cm0001_vanilla_original,76227,Ersan Doğu,https://www.wikidata.org/wiki/Q5395762,unique accent/order-insensitive token match; DOB distance 0 day(s)
cm0001_vanilla_original,76238,Kenan Durmuşoğlu,https://www.wikidata.org/wiki/Q2183146,unique accent/order-insensitive token match; DOB distance 0 day(s)
cm0001_vanilla_original,76249,Cem Efe,https://www.wikidata.org/wiki/Q5058612,unique accent/order-insensitive token match; DOB distance 0 day(s)
cm0001_vanilla_original,76250,Efe İnanç,https://www.wikidata.org/wiki/Q1295771,unique accent/order-insensitive token match; DOB distance 0 day(s)
cm0001_vanilla_original,76251,Egemen Korkmaz,https://www.wikidata.org/wiki/Q1114411,unique accent/order-insensitive token match; DOB distance 0 day(s)
cm0001_vanilla_original,76266,Emin Taş,https://www.wikidata.org/wiki/Q6091645,unique accent/order-insensitive token match; DOB distance 0 day(s)
cm0001_vanilla_original,76274,Emrah Eren,https://www.wikidata.org/wiki/Q1339529,unique accent/order-insensitive token match; DOB distance 0 day(s)
cm0001_vanilla_original,76283,Emre Aşık,https://www.wikidata.org/wiki/Q463358,unique accent/order-insensitive token match; DOB distance 0 day(s)
cm0001_vanilla_original,76285,Emre Belözoğlu,https://www.wikidata.org/wiki/Q202569,unique accent/order-insensitive token match; DOB distance 0 day(s)
cm0001_vanilla_original,76289,Emre Güsar,https://www.wikidata.org/wiki/Q99672561,unique accent/order-insensitive token match; DOB distance 0 day(s)
cm0001_vanilla_original,76296,Emre Toraman,https://www.wikidata.org/wiki/Q1339601,unique accent/order-insensitive token match; DOB distance 0 day(s)
cm0001_vanilla_original,76299,Emrehan Ceylan,https://www.wikidata.org/wiki/Q6047448,unique accent/order-insensitive token match; DOB distance 0 day(s)
cm0001_vanilla_original,76300,Ender Alkan,https://www.wikidata.org/wiki/Q5376054,unique accent/order-insensitive token match; DOB distance 0 day(s)
cm0001_vanilla_original,76322,Engin Özdemir,https://www.wikidata.org/wiki/Q6078657,unique accent/order-insensitive token match; DOB distance 0 day(s)
cm0001_vanilla_original,76323,Engin Öztonga,https://www.wikidata.org/wiki/Q5377636,unique accent/order-insensitive token match; DOB distance 0 day(s)
cm0001_vanilla_original,76326,Engin Sayan,https://www.wikidata.org/wiki/Q40454483,unique accent/order-insensitive token match; DOB distance 0 day(s)
cm0001_vanilla_original,76337,Ensar Hacımustafaoğlu,https://www.wikidata.org/wiki/Q134394832,unique accent/order-insensitive token match; DOB distance 0 day(s)
cm0001_vanilla_original,76348,Erbil Uzel,https://www.wikidata.org/wiki/Q1348364,unique accent/order-insensitive token match; DOB distance 0 day(s)
cm0001_vanilla_original,76351,Ercan Agaçe,https://www.wikidata.org/wiki/Q135441374,unique accent/order-insensitive token match; DOB distance 0 day(s)
cm0001_vanilla_original,76361,Ercan Yıldız,https://www.wikidata.org/wiki/Q135112118,unique accent/order-insensitive token match; DOB distance 0 day(s)
cm0001_vanilla_original,76364,Ercüment Şahin,https://www.wikidata.org/wiki/Q725073,unique accent/order-insensitive token match; DOB distance 0 day(s)
cm0001_vanilla_original,76370,Erdal Güneş,https://www.wikidata.org/wiki/Q6103478,unique accent/order-insensitive token match; DOB distance 0 day(s)
cm0001_vanilla_original,76376,Erdal Sezek,https://www.wikidata.org/wiki/Q1348714,unique accent/order-insensitive token match; DOB distance 0 day(s)
cm0001_vanilla_original,76382,Arif Erdem,https://www.wikidata.org/wiki/Q660534,unique accent/order-insensitive token match; DOB distance 0 day(s)
cm0001_vanilla_original,76396,Erdinç Yavuz,https://www.wikidata.org/wiki/Q1349279,unique accent/order-insensitive token match; DOB distance 0 day(s)
cm0001_vanilla_original,76398,Erdoğan Yılmaz,https://www.wikidata.org/wiki/Q6082896,unique accent/order-insensitive token match; DOB distance 0 day(s)
cm0001_vanilla_original,76409,Eren Özen,https://www.wikidata.org/wiki/Q1350006,unique accent/order-insensitive token match; DOB distance 0 day(s)
cm0001_vanilla_original,76419,Ergün Penbe,https://www.wikidata.org/wiki/Q729999,unique accent/order-insensitive token match; DOB distance 0 day(s)
cm0001_vanilla_original,76421,Ergün Teber,https://www.wikidata.org/wiki/Q548218,unique accent/order-insensitive token match; DOB distance 0 day(s)
cm0001_vanilla_original,76429,Erhan Albayrak,https://www.wikidata.org/wiki/Q99321,unique accent/order-insensitive token match; DOB distance 0 day(s)
cm0001_vanilla_original,76432,Erhan Namlı,https://www.wikidata.org/wiki/Q5385859,unique accent/order-insensitive token match; DOB distance 0 day(s)
cm0001_vanilla_original,76448,Erkan Avseren,https://www.wikidata.org/wiki/Q6097297,unique accent/order-insensitive token match; DOB distance 0 day(s)
cm0001_vanilla_original,76457,Erkan Özbey,https://www.wikidata.org/wiki/Q759156,unique accent/order-insensitive token match; DOB distance 0 day(s)
cm0001_vanilla_original,76459,Erkan Sözeri,https://www.wikidata.org/wiki/Q6084146,unique accent/order-insensitive token match; DOB distance 0 day(s)
cm0001_vanilla_original,76469,Erman Ergin,https://www.wikidata.org/wiki/Q1355829,unique accent/order-insensitive token match; DOB distance 0 day(s)
cm0001_vanilla_original,76470,Erman Güraçar,https://www.wikidata.org/wiki/Q5389872,unique accent/order-insensitive token match; DOB distance 0 day(s)
cm0001_vanilla_original,76472,Erman Özgür,https://www.wikidata.org/wiki/Q2542760,unique accent/order-insensitive token match; DOB distance 0 day(s)
cm0001_vanilla_original,76473,Erman Yıldırım,https://www.wikidata.org/wiki/Q6089137,unique accent/order-insensitive token match; DOB distance 0 day(s)
cm0001_vanilla_original,76481,Erol Gündoğdu,https://www.wikidata.org/wiki/Q134606212,unique accent/order-insensitive token match; DOB distance 0 day(s)
cm0001_vanilla_original,76500,Ersin Güreler,https://www.wikidata.org/wiki/Q10437767,unique accent/order-insensitive token match; DOB distance 0 day(s)
cm0001_vanilla_original,76511,Ertuğrul Arslan,https://www.wikidata.org/wiki/Q5395921,unique accent/order-insensitive token match; DOB distance 0 day(s)
cm0001_vanilla_original,76512,Ertuğrul Sağlam,https://www.wikidata.org/wiki/Q250519,unique accent/order-insensitive token match; DOB distance 0 day(s)
cm0001_vanilla_original,76513,Ertuğrul Şerbetçi,https://www.wikidata.org/wiki/Q17045626,unique accent/order-insensitive token match; DOB distance 0 day(s)
cm0001_vanilla_original,76524,Eser Altın,https://www.wikidata.org/wiki/Q1367567,unique accent/order-insensitive token match; DOB distance 0 day(s)
cm0001_vanilla_original,76526,Eser Öztürk,https://www.wikidata.org/wiki/Q133849185,unique accent/order-insensitive token match; DOB distance 0 day(s)
cm0001_vanilla_original,76542,Eyüphan Bayraktar,https://www.wikidata.org/wiki/Q134435773,unique accent/order-insensitive token match; DOB distance 0 day(s)
cm0001_vanilla_original,76546,Fadıl Koşutan,https://www.wikidata.org/wiki/Q109484378,unique accent/order-insensitive token match; DOB distance 0 day(s)
cm0001_vanilla_original,76549,Fahri Tatan,https://www.wikidata.org/wiki/Q178148,unique accent/order-insensitive token match; DOB distance 0 day(s)
cm0001_vanilla_original,76556,Faruk Atalay,https://www.wikidata.org/wiki/Q1397192,unique accent/order-insensitive token match; DOB distance 0 day(s)
cm0001_vanilla_original,76558,Faruk Bayar,https://www.wikidata.org/wiki/Q1397194,unique accent/order-insensitive token match; DOB distance 0 day(s)
cm0001_vanilla_original,76564,Faruk Sarman,https://www.wikidata.org/wiki/Q6092930,unique accent/order-insensitive token match; DOB distance 0 day(s)
cm0001_vanilla_original,76567,Faruk Yiğit,https://www.wikidata.org/wiki/Q2055879,unique accent/order-insensitive token match; DOB distance 0 day(s)
cm0001_vanilla_original,76572,Fatih Akyel,https://www.wikidata.org/wiki/Q614470,unique accent/order-insensitive token match; DOB distance 0 day(s)
cm0001_vanilla_original,76581,Fatih Egedik,https://www.wikidata.org/wiki/Q5437785,unique accent/order-insensitive token match; DOB distance 0 day(s)
cm0001_vanilla_original,76595,Fatih Sarı,https://www.wikidata.org/wiki/Q17046278,unique accent/order-insensitive token match; DOB distance 0 day(s)
cm0001_vanilla_original,76598,Fatih Şen,https://www.wikidata.org/wiki/Q1398126,unique accent/order-insensitive token match; DOB distance 0 day(s)
cm0001_vanilla_original,76603,Fatih Tekke,https://www.wikidata.org/wiki/Q559158,unique accent/order-insensitive token match; DOB distance 0 day(s)
cm0001_vanilla_original,76607,Fatih Serkan Albayrak,https://www.wikidata.org/wiki/Q134378649,unique accent/order-insensitive token match; DOB distance 0 day(s)
cm0001_vanilla_original,76608,Fazlı Ulusal,https://www.wikidata.org/wiki/Q6094146,unique accent/order-insensitive token match; DOB distance 0 day(s)
cm0001_vanilla_original,76609,Fazlı Ulusoy,https://www.wikidata.org/wiki/Q12809527,unique accent/order-insensitive token match; DOB distance 0 day(s)
cm0001_vanilla_original,76627,Ferit Cömert,https://www.wikidata.org/wiki/Q1406339,unique accent/order-insensitive token match; DOB distance 0 day(s)
cm0001_vanilla_original,76635,Fevzi Elmas,https://www.wikidata.org/wiki/Q349941,unique accent/order-insensitive token match; DOB distance 0 day(s)
cm0001_vanilla_original,76636,Fevzi Korkmaz,https://www.wikidata.org/wiki/Q6069757,unique accent/order-insensitive token match; DOB distance 0 day(s)
cm0001_vanilla_original,76639,Fevzi Tuncay,https://www.wikidata.org/wiki/Q1343408,unique accent/order-insensitive token match; DOB distance 0 day(s)
cm0001_vanilla_original,76643,Fikret Acuner,https://www.wikidata.org/wiki/Q134378661,unique accent/order-insensitive token match; DOB distance 0 day(s)
cm0001_vanilla_original,76650,Fırat Akkoyun,https://www.wikidata.org/wiki/Q5511809,unique accent/order-insensitive token match; DOB distance 0 day(s)
cm0001_vanilla_original,76659,Fuat Buruk,https://www.wikidata.org/wiki/Q15280453,unique accent/order-insensitive token match; DOB distance 0 day(s)
cm0001_vanilla_original,76665,Furkan Baştan,https://www.wikidata.org/wiki/Q6083474,unique accent/order-insensitive token match; DOB distance 0 day(s)
cm0001_vanilla_original,76684,Gökdeniz Karadeniz,https://www.wikidata.org/wiki/Q352815,unique accent/order-insensitive token match; DOB distance 0 day(s)
cm0001_vanilla_original,76691,Gökhan Bozkaya,https://www.wikidata.org/wiki/Q5626475,unique accent/order-insensitive token match; DOB distance 0 day(s)
cm0001_vanilla_original,76693,Gökhan Çalışal,https://www.wikidata.org/wiki/Q5626480,unique accent/order-insensitive token match; DOB distance 0 day(s)
cm0001_vanilla_original,76698,Gökhan Günay,https://www.wikidata.org/wiki/Q134416684,unique accent/order-insensitive token match; DOB distance 0 day(s)
cm0001_vanilla_original,76708,Gökhan Kolomoç,https://www.wikidata.org/wiki/Q134301703,unique accent/order-insensitive token match; DOB distance 0 day(s)
cm0001_vanilla_original,76716,Gökhan Tokgöz,https://www.wikidata.org/wiki/Q5626484,unique accent/order-insensitive token match; DOB distance 0 day(s)
cm0001_vanilla_original,76717,Gökhan Ünal,https://www.wikidata.org/wiki/Q767468,unique accent/order-insensitive token match; DOB distance 0 day(s)
cm0001_vanilla_original,76720,Gökhan Zan,https://www.wikidata.org/wiki/Q259179,unique accent/order-insensitive token match; DOB distance 0 day(s)
cm0001_vanilla_original,76728,Gökmen Yıldıran,https://www.wikidata.org/wiki/Q99542993,unique accent/order-insensitive token match; DOB distance 0 day(s)
cm0001_vanilla_original,76729,Göksel Akıncı,https://www.wikidata.org/wiki/Q6103142,unique accent/order-insensitive token match; DOB distance 0 day(s)
cm0001_vanilla_original,76758,Özkan Gümüş,https://www.wikidata.org/wiki/Q17417972,unique accent/order-insensitive token match; DOB distance 0 day(s)
cm0001_vanilla_original,76770,Gürol Azer,https://www.wikidata.org/wiki/Q10397035,unique accent/order-insensitive token match; DOB distance 0 day(s)
cm0001_vanilla_original,76781,Güngör Öztürk,https://www.wikidata.org/wiki/Q102696187,unique accent/order-insensitive token match; DOB distance 0 day(s)
cm0001_vanilla_original,76795,Gürkan Ekren,https://www.wikidata.org/wiki/Q5627138,unique accent/order-insensitive token match; DOB distance 0 day(s)
cm0001_vanilla_original,76813,Güven Varol,https://www.wikidata.org/wiki/Q1562318,unique accent/order-insensitive token match; DOB distance 0 day(s)
cm0001_vanilla_original,76829,Hakkı Daş,https://www.wikidata.org/wiki/Q132633401,unique accent/order-insensitive token match; DOB distance 0 day(s)
cm0001_vanilla_original,76830,Hakkı Hocaoğlu,https://www.wikidata.org/wiki/Q5640549,unique accent/order-insensitive token match; DOB distance 0 day(s)
cm0001_vanilla_original,76836,Halil İbrahim Kara,https://www.wikidata.org/wiki/Q6096940,unique accent/order-insensitive token match; DOB distance 0 day(s)
cm0001_vanilla_original,76838,Halim Okta,https://www.wikidata.org/wiki/Q97237023,unique accent/order-insensitive token match; DOB distance 1 day(s)
cm0001_vanilla_original,76843,Halit Köprülü,https://www.wikidata.org/wiki/Q6094419,unique accent/order-insensitive token match; DOB distance 0 day(s)
cm0001_vanilla_original,76849,Haluk Güngör,https://www.wikidata.org/wiki/Q15819107,unique accent/order-insensitive token match; DOB distance 0 day(s)
cm0001_vanilla_original,76851,Haluk Tanrıseven,https://www.wikidata.org/wiki/Q6103322,unique accent/order-insensitive token match; DOB distance 0 day(s)
cm0001_vanilla_original,76862,Hamit Yüksel,https://www.wikidata.org/wiki/Q107452783,unique accent/order-insensitive token match; DOB distance 0 day(s)
cm0001_vanilla_original,76869,Harun Avgın,https://www.wikidata.org/wiki/Q12809885,unique accent/order-insensitive token match; DOB distance 0 day(s)
cm0001_vanilla_original,76872,Harun Ovalıoğlu,https://www.wikidata.org/wiki/Q6063525,unique accent/order-insensitive token match; DOB distance 0 day(s)
cm0001_vanilla_original,76886,Hayati Köse,https://www.wikidata.org/wiki/Q133989696,unique accent/order-insensitive token match; DOB distance 0 day(s)
cm0001_vanilla_original,76887,Hayati Palancı,https://www.wikidata.org/wiki/Q21097889,unique accent/order-insensitive token match; DOB distance 0 day(s)
cm0001_vanilla_original,76903,Hürriyet Gücer,https://www.wikidata.org/wiki/Q548270,unique accent/order-insensitive token match; DOB distance 0 day(s)
cm0001_vanilla_original,76909,İhsan Okay,https://www.wikidata.org/wiki/Q6046258,unique accent/order-insensitive token match; DOB distance 0 day(s)
cm0001_vanilla_original,76912,İhsan Burak Özsaraç,https://www.wikidata.org/wiki/Q1010206,unique accent/order-insensitive token match; DOB distance 0 day(s)
cm0001_vanilla_original,76918,İlhan Mansız,https://www.wikidata.org/wiki/Q315309,unique accent/order-insensitive token match; DOB distance 0 day(s)
cm0001_vanilla_original,76920,İlhan Palut,https://www.wikidata.org/wiki/Q78498047,unique accent/order-insensitive token match; DOB distance 0 day(s)
cm0001_vanilla_original,76921,İlhan Şahin,https://www.wikidata.org/wiki/Q343716,unique accent/order-insensitive token match; DOB distance 0 day(s)
cm0001_vanilla_original,76922,İlhan Sancaktar,https://www.wikidata.org/wiki/Q774601,unique accent/order-insensitive token match; DOB distance 0 day(s)
cm0001_vanilla_original,76925,İlkan Aksoy,https://www.wikidata.org/wiki/Q132967667,unique accent/order-insensitive token match; DOB distance 0 day(s)
cm0001_vanilla_original,76926,İlkay Margılıçlı,https://www.wikidata.org/wiki/Q6102054,unique accent/order-insensitive token match; DOB distance 0 day(s)
cm0001_vanilla_original,76929,İlkem Özkaynak,https://www.wikidata.org/wiki/Q343789,unique accent/order-insensitive token match; DOB distance 0 day(s)
cm0001_vanilla_original,76930,İlker Erdem,https://www.wikidata.org/wiki/Q134378664,unique accent/order-insensitive token match; DOB distance 0 day(s)
cm0001_vanilla_original,76932,İlker Avcıbay,https://www.wikidata.org/wiki/Q343801,unique accent/order-insensitive token match; DOB distance 0 day(s)
cm0001_vanilla_original,76938,İlker Yağcıoğlu,https://www.wikidata.org/wiki/Q343818,unique accent/order-insensitive token match; DOB distance 0 day(s)
cm0001_vanilla_original,76943,İlyas Kahraman,https://www.wikidata.org/wiki/Q3148834,unique accent/order-insensitive token match; DOB distance 0 day(s)
cm0001_vanilla_original,76946,İmdat Arslan,https://www.wikidata.org/wiki/Q20477044,unique accent/order-insensitive token match; DOB distance 0 day(s)
cm0001_vanilla_original,76953,Uğur İnceman,https://www.wikidata.org/wiki/Q71403,unique accent/order-insensitive token match; DOB distance 0 day(s)
cm0001_vanilla_original,76970,İsmet Taşdemir,https://www.wikidata.org/wiki/Q6100996,unique accent/order-insensitive token match; DOB distance 0 day(s)
cm0001_vanilla_original,76974,İzzet Kaya,https://www.wikidata.org/wiki/Q8080277,unique accent/order-insensitive token match; DOB distance 0 day(s)
cm0001_vanilla_original,76976,Muzzy İzzet,https://www.wikidata.org/wiki/Q740385,unique accent/order-insensitive token match; DOB distance 0 day(s)
cm0001_vanilla_original,76984,Kadir Demirel,https://www.wikidata.org/wiki/Q113818173,unique accent/order-insensitive token match; DOB distance 0 day(s)
cm0001_vanilla_original,76991,Kadri Sancak,https://www.wikidata.org/wiki/Q99672492,unique accent/order-insensitive token match; DOB distance 0 day(s)
cm0001_vanilla_original,77040,Kasım Çıkla,https://www.wikidata.org/wiki/Q6093960,unique accent/order-insensitive token match; DOB distance 0 day(s)
cm0001_vanilla_original,77056,Kâzım Sarı,https://www.wikidata.org/wiki/Q1737597,unique accent/order-insensitive token match; DOB distance 0 day(s)
cm0001_vanilla_original,77058,Kemal Aslan,https://www.wikidata.org/wiki/Q716673,unique accent/order-insensitive token match; DOB distance 0 day(s)
cm0001_vanilla_original,77059,Kemal Dulda,https://www.wikidata.org/wiki/Q6386823,unique accent/order-insensitive token match; DOB distance 0 day(s)
cm0001_vanilla_original,77068,Kemalettin Şentürk,https://www.wikidata.org/wiki/Q581247,unique accent/order-insensitive token match; DOB distance 0 day(s)
cm0001_vanilla_original,77072,Kenan Arayıcı,https://www.wikidata.org/wiki/Q99673251,unique accent/order-insensitive token match; DOB distance 0 day(s)
cm0001_vanilla_original,77073,Kenan Aşkan,https://www.wikidata.org/wiki/Q15859584,unique accent/order-insensitive token match; DOB distance 0 day(s)
cm0001_vanilla_original,77079,Kenan Yelek,https://www.wikidata.org/wiki/Q3737282,unique accent/order-insensitive token match; DOB distance 0 day(s)
cm0001_vanilla_original,77084,Kerem İnan,https://www.wikidata.org/wiki/Q558754,unique accent/order-insensitive token match; DOB distance 0 day(s)
cm0001_vanilla_original,77092,Tugay Kerimoğlu,https://www.wikidata.org/wiki/Q347045,unique accent/order-insensitive token match; DOB distance 0 day(s)
cm0001_vanilla_original,77108,Kılıçarslan Kopuz,https://www.wikidata.org/wiki/Q6099633,unique accent/order-insensitive token match; DOB distance 0 day(s)
cm0001_vanilla_original,77137,Tayfun Korkut,https://www.wikidata.org/wiki/Q708808,unique accent/order-insensitive token match; DOB distance 0 day(s)
cm0001_vanilla_original,77139,Kubilay Aydın,https://www.wikidata.org/wiki/Q15859771,unique accent/order-insensitive token match; DOB distance 0 day(s)
cm0001_vanilla_original,77143,Kubilay Toptaş,https://www.wikidata.org/wiki/Q2115070,unique accent/order-insensitive token match; DOB distance 0 day(s)
cm0001_vanilla_original,77156,Kürşat Duymuş,https://www.wikidata.org/wiki/Q523813,unique accent/order-insensitive token match; DOB distance 0 day(s)
cm0001_vanilla_original,77161,Kurthan Yılmaz,https://www.wikidata.org/wiki/Q56173928,unique accent/order-insensitive token match; DOB distance 0 day(s)
cm0001_vanilla_original,77168,Levent Açıkgöz,https://www.wikidata.org/wiki/Q17045898,unique accent/order-insensitive token match; DOB distance 0 day(s)
cm0001_vanilla_original,77173,Levent Demiray,https://www.wikidata.org/wiki/Q12810611,unique accent/order-insensitive token match; DOB distance 0 day(s)
cm0001_vanilla_original,77174,Levent Devrim,https://www.wikidata.org/wiki/Q1821769,unique accent/order-insensitive token match; DOB distance 0 day(s)
cm0001_vanilla_original,77179,Levent Kartop,https://www.wikidata.org/wiki/Q4820125,unique accent/order-insensitive token match; DOB distance 0 day(s)
cm0001_vanilla_original,77185,Levent Taşkın,https://www.wikidata.org/wiki/Q6084650,unique accent/order-insensitive token match; DOB distance 0 day(s)
cm0001_vanilla_original,77192,Mahmut Hoşgiz,https://www.wikidata.org/wiki/Q6734655,unique accent/order-insensitive token match; DOB distance 0 day(s)
cm0001_vanilla_original,77193,Mahmut Karıklar,https://www.wikidata.org/wiki/Q6074327,unique accent/order-insensitive token match; DOB distance 0 day(s)
cm0001_vanilla_original,77199,Mahmut Hanefi Erdoğdu,https://www.wikidata.org/wiki/Q175335,unique accent/order-insensitive token match; DOB distance 0 day(s)
cm0001_vanilla_original,77202,Mehmet Yılmaz,https://www.wikidata.org/wiki/Q6103341,unique accent/order-insensitive token match; DOB distance 0 day(s)
cm0001_vanilla_original,77221,Mehmet Budak,https://www.wikidata.org/wiki/Q10397140,unique accent/order-insensitive token match; DOB distance 0 day(s)
cm0001_vanilla_original,77223,Mehmet Çetinkaya,https://www.wikidata.org/wiki/Q116732594,unique accent/order-insensitive token match; DOB distance 0 day(s)
cm0001_vanilla_original,77225,Mehmet Çoğum,https://www.wikidata.org/wiki/Q1716782,unique accent/order-insensitive token match; DOB distance 0 day(s)
cm0001_vanilla_original,77226,Mehmet Çolak,https://www.wikidata.org/wiki/Q6092540,unique accent/order-insensitive token match; DOB distance 0 day(s)
cm0001_vanilla_original,77232,Mehmet Duymazer,https://www.wikidata.org/wiki/Q3304543,unique accent/order-insensitive token match; DOB distance 0 day(s)
cm0001_vanilla_original,77235,Mehmet Gönülaçar,https://www.wikidata.org/wiki/Q6094253,unique accent/order-insensitive token match; DOB distance 0 day(s)
cm0001_vanilla_original,77238,Mehmet İpek,https://www.wikidata.org/wiki/Q134301793,unique accent/order-insensitive token match; DOB distance 0 day(s)
cm0001_vanilla_original,77240,Mehmet Kahriman,https://www.wikidata.org/wiki/Q6102713,unique accent/order-insensitive token match; DOB distance 0 day(s)
cm0001_vanilla_original,77247,Mehmet Nas,https://www.wikidata.org/wiki/Q277944,unique accent/order-insensitive token match; DOB distance 0 day(s)
cm0001_vanilla_original,77254,Mehmet Özkul,https://www.wikidata.org/wiki/Q82950865,unique accent/order-insensitive token match; DOB distance 0 day(s)
cm0001_vanilla_original,77255,Mehmet Polat,https://www.wikidata.org/wiki/Q3545241,unique accent/order-insensitive token match; DOB distance 0 day(s)
cm0001_vanilla_original,77258,Mehmet Şen,https://www.wikidata.org/wiki/Q6102832,unique accent/order-insensitive token match; DOB distance 0 day(s)
cm0001_vanilla_original,77260,Mehmet Şimşek,https://www.wikidata.org/wiki/Q17046046,unique accent/order-insensitive token match; DOB distance 0 day(s)
cm0001_vanilla_original,77263,Mehmet Tezcan,https://www.wikidata.org/wiki/Q6059193,unique accent/order-insensitive token match; DOB distance 0 day(s)
cm0001_vanilla_original,77266,Mehmet Türkmehmet,https://www.wikidata.org/wiki/Q1917362,unique accent/order-insensitive token match; DOB distance 0 day(s)
cm0001_vanilla_original,77270,Mehmet Yener,https://www.wikidata.org/wiki/Q134416686,unique accent/order-insensitive token match; DOB distance 0 day(s)
cm0001_vanilla_original,77275,Mehmet Yıldız,https://www.wikidata.org/wiki/Q371492,unique accent/order-insensitive token match; DOB distance 0 day(s)
cm0001_vanilla_original,77276,Mehmet Yozgatlı,https://www.wikidata.org/wiki/Q544714,unique accent/order-insensitive token match; DOB distance 0 day(s)
cm0001_vanilla_original,77286,Mehmet Ali Tunç,https://www.wikidata.org/wiki/Q1402703,unique accent/order-insensitive token match; DOB distance 0 day(s)
cm0001_vanilla_original,77301,Melih Gürbüztürk,https://www.wikidata.org/wiki/Q135441385,unique accent/order-insensitive token match; DOB distance 0 day(s)
cm0001_vanilla_original,77307,Merthan Açıl,https://www.wikidata.org/wiki/Q1242664,unique accent/order-insensitive token match; DOB distance 0 day(s)
cm0001_vanilla_original,77312,Mesut Dilsöz,https://www.wikidata.org/wiki/Q19611967,unique accent/order-insensitive token match; DOB distance 0 day(s)
cm0001_vanilla_original,77315,Mesut Kumcuoğlu,https://www.wikidata.org/wiki/Q1924613,unique accent/order-insensitive token match; DOB distance 0 day(s)
cm0001_vanilla_original,77316,Mesut Ünal,https://www.wikidata.org/wiki/Q27055380,unique accent/order-insensitive token match; DOB distance 0 day(s)
cm0001_vanilla_original,77325,Mithat Yavaş,https://www.wikidata.org/wiki/Q6102942,unique accent/order-insensitive token match; DOB distance 0 day(s)
cm0001_vanilla_original,77328,Muammer Sürmeli,https://www.wikidata.org/wiki/Q6080971,unique accent/order-insensitive token match; DOB distance 0 day(s)
cm0001_vanilla_original,77331,Mücahit Dönmez,https://www.wikidata.org/wiki/Q97667375,unique accent/order-insensitive token match; DOB distance 0 day(s)
cm0001_vanilla_original,77334,Muhammet Şeker,https://www.wikidata.org/wiki/Q6049439,unique accent/order-insensitive token match; DOB distance 0 day(s)
cm0001_vanilla_original,77339,Muhammet Özdin,https://www.wikidata.org/wiki/Q1951919,unique accent/order-insensitive token match; DOB distance 0 day(s)
cm0001_vanilla_original,77347,Muharrem Kasa,https://www.wikidata.org/wiki/Q15136493,unique accent/order-insensitive token match; DOB distance 0 day(s)
cm0001_vanilla_original,77358,Murat İbrahim Uslu,https://www.wikidata.org/wiki/Q6937446,unique accent/order-insensitive token match; DOB distance 0 day(s)
cm0001_vanilla_original,77363,Müslüm Can,https://www.wikidata.org/wiki/Q6950588,unique accent/order-insensitive token match; DOB distance 0 day(s)
cm0001_vanilla_original,77367,Koray Avcı,https://www.wikidata.org/wiki/Q326854,unique accent/order-insensitive token match; DOB distance 0 day(s)
cm0001_vanilla_original,77373,Mustafa Tuna Kaya,https://www.wikidata.org/wiki/Q683426,unique accent/order-insensitive token match; DOB distance 0 day(s)
cm0001_vanilla_original,77374,Mustafa Ulaş Ortakaya,https://www.wikidata.org/wiki/Q6943339,unique accent/order-insensitive token match; DOB distance 0 day(s)
cm0001_vanilla_original,77375,Mutlu Dervişoğlu,https://www.wikidata.org/wiki/Q6943982,unique accent/order-insensitive token match; DOB distance 0 day(s)
cm0001_vanilla_original,77379,Mutlu Kızıltan,https://www.wikidata.org/wiki/Q6084402,unique accent/order-insensitive token match; DOB distance 0 day(s)
cm0001_vanilla_original,77382,Mutlu Topçu,https://www.wikidata.org/wiki/Q10433617,unique accent/order-insensitive token match; DOB distance 0 day(s)
cm0001_vanilla_original,77385,Muzaffer Akdoğan,https://www.wikidata.org/wiki/Q125147430,unique accent/order-insensitive token match; DOB distance 0 day(s)
cm0001_vanilla_original,77386,Muzaffer Bilazer,https://www.wikidata.org/wiki/Q6098157,unique accent/order-insensitive token match; DOB distance 0 day(s)
cm0001_vanilla_original,77402,Necati Ateş,https://www.wikidata.org/wiki/Q787437,unique accent/order-insensitive token match; DOB distance 0 day(s)
cm0001_vanilla_original,77411,Nedim Yiğit,https://www.wikidata.org/wiki/Q17046520,unique accent/order-insensitive token match; DOB distance 0 day(s)
cm0001_vanilla_original,77412,Nejat Özyıldırım,https://www.wikidata.org/wiki/Q17046190,unique accent/order-insensitive token match; DOB distance 0 day(s)
cm0001_vanilla_original,77413,Nesim Özgür,https://www.wikidata.org/wiki/Q3874867,unique accent/order-insensitive token match; DOB distance 0 day(s)
cm0001_vanilla_original,77414,Nevzat Dinçbudak,https://www.wikidata.org/wiki/Q12811133,unique accent/order-insensitive token match; DOB distance 0 day(s)
cm0001_vanilla_original,77418,Nihat Baştürk,https://www.wikidata.org/wiki/Q3177600,unique accent/order-insensitive token match; DOB distance 0 day(s)
cm0001_vanilla_original,77422,Nihat Tümkaya,https://www.wikidata.org/wiki/Q17046206,unique accent/order-insensitive token match; DOB distance 0 day(s)
cm0001_vanilla_original,77426,Niyazi Güney,https://www.wikidata.org/wiki/Q6095150,unique accent/order-insensitive token match; DOB distance 0 day(s)
cm0001_vanilla_original,77433,Nuri Yılmaz,https://www.wikidata.org/wiki/Q134316870,unique accent/order-insensitive token match; DOB distance 0 day(s)
cm0001_vanilla_original,77437,Nuri Kamburoğlu,https://www.wikidata.org/wiki/Q12811194,unique accent/order-insensitive token match; DOB distance 0 day(s)
cm0001_vanilla_original,77444,Ahmet Öcal,https://www.wikidata.org/wiki/Q4696210,unique accent/order-insensitive token match; DOB distance 0 day(s)
cm0001_vanilla_original,77450,Ogün Temizkanoğlu,https://www.wikidata.org/wiki/Q1366156,unique accent/order-insensitive token match; DOB distance 0 day(s)
cm0001_vanilla_original,77453,Oğuz Dağlaroğlu,https://www.wikidata.org/wiki/Q2043168,unique accent/order-insensitive token match; DOB distance 0 day(s)
cm0001_vanilla_original,77461,Okan Yılmaz,https://www.wikidata.org/wiki/Q942014,unique accent/order-insensitive token match; DOB distance 0 day(s)
cm0001_vanilla_original,77464,Okan Buruk,https://www.wikidata.org/wiki/Q444318,unique accent/order-insensitive token match; DOB distance 0 day(s)
cm0001_vanilla_original,77465,Okan Çebi,https://www.wikidata.org/wiki/Q134378660,unique accent/order-insensitive token match; DOB distance 0 day(s)
cm0001_vanilla_original,77467,Okan Koç,https://www.wikidata.org/wiki/Q2017091,unique accent/order-insensitive token match; DOB distance 0 day(s)
cm0001_vanilla_original,77468,Okan Özke,https://www.wikidata.org/wiki/Q6098876,unique accent/order-insensitive token match; DOB distance 0 day(s)
cm0001_vanilla_original,77469,Okan Öztürk,https://www.wikidata.org/wiki/Q7081769,unique accent/order-insensitive token match; DOB distance 0 day(s)
cm0001_vanilla_original,77484,Oktay Kuday,https://www.wikidata.org/wiki/Q7082662,unique accent/order-insensitive token match; DOB distance 0 day(s)
cm0001_vanilla_original,77495,Ömer Erdoğan,https://www.wikidata.org/wiki/Q297471,unique accent/order-insensitive token match; DOB distance 0 day(s)
cm0001_vanilla_original,77498,Ömer Çatkıç,https://www.wikidata.org/wiki/Q297526,unique accent/order-insensitive token match; DOB distance 0 day(s)
cm0001_vanilla_original,77502,Ömer Hacısalihoğlu,https://www.wikidata.org/wiki/Q6102699,unique accent/order-insensitive token match; DOB distance 0 day(s)
cm0001_vanilla_original,77504,Ömer Karabacak,https://www.wikidata.org/wiki/Q18633307,unique accent/order-insensitive token match; DOB distance 0 day(s)
cm0001_vanilla_original,77506,Ömer Közen,https://www.wikidata.org/wiki/Q10442838,unique accent/order-insensitive token match; DOB distance 0 day(s)
cm0001_vanilla_original,77507,Ömer Kılıç,https://www.wikidata.org/wiki/Q2606385,unique accent/order-insensitive token match; DOB distance 0 day(s)
cm0001_vanilla_original,77540,Onur İçli,https://www.wikidata.org/wiki/Q7095097,unique accent/order-insensitive token match; DOB distance 0 day(s)
cm0001_vanilla_original,77554,Orhan Atik,https://www.wikidata.org/wiki/Q7102169,unique accent/order-insensitive token match; DOB distance 0 day(s)
cm0001_vanilla_original,77555,Orhan Ak,https://www.wikidata.org/wiki/Q937898,unique accent/order-insensitive token match; DOB distance 0 day(s)
cm0001_vanilla_original,77559,Orhan Çıkırıkçı,https://www.wikidata.org/wiki/Q944236,unique accent/order-insensitive token match; DOB distance 0 day(s)
cm0001_vanilla_original,77565,Orhan Terzi,https://www.wikidata.org/wiki/Q6097101,unique accent/order-insensitive token match; DOB distance 0 day(s)
cm0001_vanilla_original,77566,Orhan Üstündağ,https://www.wikidata.org/wiki/Q57832555,unique accent/order-insensitive token match; DOB distance 0 day(s)
cm0001_vanilla_original,77568,Orkun Uşak,https://www.wikidata.org/wiki/Q931253,unique accent/order-insensitive token match; DOB distance 0 day(s)
cm0001_vanilla_original,77575,Alpay Özalan,https://www.wikidata.org/wiki/Q435749,unique accent/order-insensitive token match; DOB distance 0 day(s)
cm0001_vanilla_original,77598,Özden Öngün,https://www.wikidata.org/wiki/Q307761,unique accent/order-insensitive token match; DOB distance 0 day(s)
cm0001_vanilla_original,77630,Özgür Yıldırım,https://www.wikidata.org/wiki/Q307848,unique accent/order-insensitive token match; DOB distance 0 day(s)
cm0001_vanilla_original,77633,Özkan Karslı,https://www.wikidata.org/wiki/Q15856105,unique accent/order-insensitive token match; DOB distance 0 day(s)
cm0001_vanilla_original,77634,Özkan Koçtürk,https://www.wikidata.org/wiki/Q307895,unique accent/order-insensitive token match; DOB distance 0 day(s)
cm0001_vanilla_original,77665,Ragıp Başdağ,https://www.wikidata.org/wiki/Q373394,unique accent/order-insensitive token match; DOB distance 0 day(s)
cm0001_vanilla_original,77670,Ramazan Altıntepe,https://www.wikidata.org/wiki/Q1752088,unique accent/order-insensitive token match; DOB distance 0 day(s)
cm0001_vanilla_original,77679,Ramazan Kurşunlu,https://www.wikidata.org/wiki/Q2130008,unique accent/order-insensitive token match; DOB distance 0 day(s)
cm0001_vanilla_original,77686,Ramazan Silin,https://www.wikidata.org/wiki/Q25473775,unique accent/order-insensitive token match; DOB distance 0 day(s)
cm0001_vanilla_original,77694,Rasim Vardar,https://www.wikidata.org/wiki/Q18630054,unique accent/order-insensitive token match; DOB distance 0 day(s)
cm0001_vanilla_original,77700,Recep Biler,https://www.wikidata.org/wiki/Q434163,unique accent/order-insensitive token match; DOB distance 0 day(s)
cm0001_vanilla_original,77702,Recep Çetin,https://www.wikidata.org/wiki/Q919232,unique accent/order-insensitive token match; DOB distance 0 day(s)
cm0001_vanilla_original,77706,Recep Öztürk,https://www.wikidata.org/wiki/Q2135187,unique accent/order-insensitive token match; DOB distance 0 day(s)
cm0001_vanilla_original,77710,Recep Uçar,https://www.wikidata.org/wiki/Q112902036,unique accent/order-insensitive token match; DOB distance 0 day(s)
cm0001_vanilla_original,77742,Şaban Yıldırım,https://www.wikidata.org/wiki/Q6096142,unique accent/order-insensitive token match; DOB distance 0 day(s)
cm0001_vanilla_original,77747,Şadi Çolak,https://www.wikidata.org/wiki/Q6087332,unique accent/order-insensitive token match; DOB distance 0 day(s)
cm0001_vanilla_original,77751,Saffet Akbaş,https://www.wikidata.org/wiki/Q6580420,unique accent/order-insensitive token match; DOB distance 0 day(s)
cm0001_vanilla_original,77752,Saffet Akyüz,https://www.wikidata.org/wiki/Q6580418,unique accent/order-insensitive token match; DOB distance 0 day(s)
cm0001_vanilla_original,77758,Mahir Şahin,https://www.wikidata.org/wiki/Q78145890,unique accent/order-insensitive token match; DOB distance 0 day(s)
cm0001_vanilla_original,77764,Murat Salar,https://www.wikidata.org/wiki/Q6937422,unique accent/order-insensitive token match; DOB distance 0 day(s)
cm0001_vanilla_original,77781,Sami Uğurlu,https://www.wikidata.org/wiki/Q112134519,unique accent/order-insensitive token match; DOB distance 0 day(s)
cm0001_vanilla_original,77786,Şanver Göymen,https://www.wikidata.org/wiki/Q2085285,unique accent/order-insensitive token match; DOB distance 0 day(s)
cm0001_vanilla_original,77795,Sarp Yiğit,https://www.wikidata.org/wiki/Q138337257,unique accent/order-insensitive token match; DOB distance 0 day(s)
cm0001_vanilla_original,77803,Savaş Kaya,https://www.wikidata.org/wiki/Q21606721,unique accent/order-insensitive token match; DOB distance 0 day(s)
cm0001_vanilla_original,77819,Sedat Ağçay,https://www.wikidata.org/wiki/Q2264245,unique accent/order-insensitive token match; DOB distance 0 day(s)
cm0001_vanilla_original,77823,Sedat Bayrak,https://www.wikidata.org/wiki/Q278065,unique accent/order-insensitive token match; DOB distance 0 day(s)
cm0001_vanilla_original,77825,Sedat Kalaycı,https://www.wikidata.org/wiki/Q12811752,unique accent/order-insensitive token match; DOB distance 0 day(s)
cm0001_vanilla_original,77831,Sedat Yeşilkaya,https://www.wikidata.org/wiki/Q7445146,unique accent/order-insensitive token match; DOB distance 0 day(s)
cm0001_vanilla_original,77834,Sefer Yılmaz,https://www.wikidata.org/wiki/Q22342856,unique accent/order-insensitive token match; DOB distance 0 day(s)
cm0001_vanilla_original,77839,Şehmus Özer,https://www.wikidata.org/wiki/Q388687,unique accent/order-insensitive token match; DOB distance 0 day(s)
cm0001_vanilla_original,77842,Selahattin Kınalı,https://www.wikidata.org/wiki/Q7447448,unique accent/order-insensitive token match; DOB distance 0 day(s)
cm0001_vanilla_original,77843,Selahattin Özbir,https://www.wikidata.org/wiki/Q6102525,unique accent/order-insensitive token match; DOB distance 0 day(s)
cm0001_vanilla_original,77850,Selçuk Beyaz,https://www.wikidata.org/wiki/Q102111365,unique accent/order-insensitive token match; DOB distance 0 day(s)
cm0001_vanilla_original,77853,Selçuk Şahin,https://www.wikidata.org/wiki/Q739376,unique accent/order-insensitive token match; DOB distance 0 day(s)
cm0001_vanilla_original,77857,Selçuk Yıldırımkaya,https://www.wikidata.org/wiki/Q1537013,unique accent/order-insensitive token match; DOB distance 0 day(s)
cm0001_vanilla_original,77859,Selim Çatalbaş,https://www.wikidata.org/wiki/Q6077844,unique accent/order-insensitive token match; DOB distance 0 day(s)
cm0001_vanilla_original,77864,Selim Özer,https://www.wikidata.org/wiki/Q6074687,unique accent/order-insensitive token match; DOB distance 0 day(s)
cm0001_vanilla_original,77865,Semavi Uzun,https://www.wikidata.org/wiki/Q21527257,unique accent/order-insensitive token match; DOB distance 0 day(s)
cm0001_vanilla_original,77869,Semih Şentürk,https://www.wikidata.org/wiki/Q378275,unique accent/order-insensitive token match; DOB distance 0 day(s)
cm0001_vanilla_original,77905,Serkan Albayrak,https://www.wikidata.org/wiki/Q134378647,unique accent/order-insensitive token match; DOB distance 0 day(s)
cm0001_vanilla_original,77909,Serkan Aykut,https://www.wikidata.org/wiki/Q942041,unique accent/order-insensitive token match; DOB distance 0 day(s)
cm0001_vanilla_original,77911,Serkan Balcı,https://www.wikidata.org/wiki/Q547797,unique accent/order-insensitive token match; DOB distance 0 day(s)
cm0001_vanilla_original,77913,Serkan Bekiroğlu,https://www.wikidata.org/wiki/Q54861387,unique accent/order-insensitive token match; DOB distance 0 day(s)
cm0001_vanilla_original,77919,Serkan Damla,https://www.wikidata.org/wiki/Q124432988,unique accent/order-insensitive token match; DOB distance 0 day(s)
cm0001_vanilla_original,77936,Serkan Özbalta,https://www.wikidata.org/wiki/Q110713858,unique accent/order-insensitive token match; DOB distance 0 day(s)
cm0001_vanilla_original,77937,Serkan Özdemir,https://www.wikidata.org/wiki/Q7454959,unique accent/order-insensitive token match; DOB distance 0 day(s)
cm0001_vanilla_original,77941,Serkan Özsoy,https://www.wikidata.org/wiki/Q2273768,unique accent/order-insensitive token match; DOB distance 0 day(s)
cm0001_vanilla_original,77943,Serkan Reçber,https://www.wikidata.org/wiki/Q116586789,unique accent/order-insensitive token match; DOB distance 0 day(s)
cm0001_vanilla_original,77952,Serkan Silan,https://www.wikidata.org/wiki/Q7454951,unique accent/order-insensitive token match; DOB distance 0 day(s)
cm0001_vanilla_original,77954,Serkan Tanrınıan,https://www.wikidata.org/wiki/Q17046305,unique accent/order-insensitive token match; DOB distance 0 day(s)
cm0001_vanilla_original,77961,Serkan Yıldık,https://www.wikidata.org/wiki/Q7454954,unique accent/order-insensitive token match; DOB distance 0 day(s)
cm0001_vanilla_original,77968,Sertan Eser,https://www.wikidata.org/wiki/Q7455463,unique accent/order-insensitive token match; DOB distance 0 day(s)
cm0001_vanilla_original,77970,Sertan Vardar,https://www.wikidata.org/wiki/Q2274029,unique accent/order-insensitive token match; DOB distance 0 day(s)
cm0001_vanilla_original,77975,Servet Çetin,https://www.wikidata.org/wiki/Q347327,unique accent/order-insensitive token match; DOB distance 0 day(s)
cm0001_vanilla_original,77986,Şevki Ekşi,https://www.wikidata.org/wiki/Q17047003,unique accent/order-insensitive token match; DOB distance 0 day(s)
cm0001_vanilla_original,77988,Seyfettin Kurtulmuş,https://www.wikidata.org/wiki/Q6103882,unique accent/order-insensitive token match; DOB distance 0 day(s)
cm0001_vanilla_original,77996,Seyit İçgül,https://www.wikidata.org/wiki/Q17046313,unique accent/order-insensitive token match; DOB distance 0 day(s)
cm0001_vanilla_original,78002,Sezar Güner,https://www.wikidata.org/wiki/Q132967672,unique accent/order-insensitive token match; DOB distance 0 day(s)
cm0001_vanilla_original,78017,Sinan Kahraman,https://www.wikidata.org/wiki/Q85974923,unique accent/order-insensitive token match; DOB distance 0 day(s)
cm0001_vanilla_original,78020,Sinan Demircioğlu,https://www.wikidata.org/wiki/Q7521748,unique accent/order-insensitive token match; DOB distance 0 day(s)
cm0001_vanilla_original,78023,Sinan Kaloğlu,https://www.wikidata.org/wiki/Q1396846,unique accent/order-insensitive token match; DOB distance 0 day(s)
cm0001_vanilla_original,78026,Sinan Yeşil,https://www.wikidata.org/wiki/Q423012,unique accent/order-insensitive token match; DOB distance 0 day(s)
cm0001_vanilla_original,78041,Soner Boz,https://www.wikidata.org/wiki/Q65718609,unique accent/order-insensitive token match; DOB distance 0 day(s)
cm0001_vanilla_original,78043,Soner Keleş,https://www.wikidata.org/wiki/Q134386662,unique accent/order-insensitive token match; DOB distance 0 day(s)
cm0001_vanilla_original,78053,Suat Kaya,https://www.wikidata.org/wiki/Q1372805,unique accent/order-insensitive token match; DOB distance 0 day(s)
cm0001_vanilla_original,78067,Süleyman Küçük,https://www.wikidata.org/wiki/Q6102908,unique accent/order-insensitive token match; DOB distance 0 day(s)
cm0001_vanilla_original,78070,Süleyman Usta,https://www.wikidata.org/wiki/Q134394833,unique accent/order-insensitive token match; DOB distance 0 day(s)
cm0001_vanilla_original,78071,Süleyman Varlık,https://www.wikidata.org/wiki/Q6087930,unique accent/order-insensitive token match; DOB distance 0 day(s)
cm0001_vanilla_original,78080,Suvat Karadağ,https://www.wikidata.org/wiki/Q115868354,unique accent/order-insensitive token match; DOB distance 0 day(s)
cm0001_vanilla_original,78092,Tahir Karapınar,https://www.wikidata.org/wiki/Q6079830,unique accent/order-insensitive token match; DOB distance 0 day(s)
cm0001_vanilla_original,78103,Taner Yılmaz,https://www.wikidata.org/wiki/Q134395520,unique accent/order-insensitive token match; DOB distance 0 day(s)
cm0001_vanilla_original,78105,Taner Alpak,https://www.wikidata.org/wiki/Q60557391,unique accent/order-insensitive token match; DOB distance 0 day(s)
cm0001_vanilla_original,78111,Taner Bodur,https://www.wikidata.org/wiki/Q134597359,unique accent/order-insensitive token match; DOB distance 0 day(s)
cm0001_vanilla_original,78112,Taner Demirbaş,https://www.wikidata.org/wiki/Q7682558,unique accent/order-insensitive token match; DOB distance 0 day(s)
cm0001_vanilla_original,78114,Taner Gülleri,https://www.wikidata.org/wiki/Q2392344,unique accent/order-insensitive token match; DOB distance 0 day(s)
cm0001_vanilla_original,78116,Taner Savut,https://www.wikidata.org/wiki/Q107450638,unique accent/order-insensitive token match; DOB distance 0 day(s)
cm0001_vanilla_original,78118,Taner Taşkın,https://www.wikidata.org/wiki/Q6085895,unique accent/order-insensitive token match; DOB distance 0 day(s)
cm0001_vanilla_original,78125,Targan Seymen,https://www.wikidata.org/wiki/Q134435769,unique accent/order-insensitive token match; DOB distance 0 day(s)
cm0001_vanilla_original,78130,Tarık Daşgün,https://www.wikidata.org/wiki/Q7687059,unique accent/order-insensitive token match; DOB distance 0 day(s)
cm0001_vanilla_original,78135,Tarık Yurttaş,https://www.wikidata.org/wiki/Q6090402,unique accent/order-insensitive token match; DOB distance 0 day(s)
cm0001_vanilla_original,78144,Tayfun Hut,https://www.wikidata.org/wiki/Q2757668,unique accent/order-insensitive token match; DOB distance 0 day(s)
cm0001_vanilla_original,78149,Tayfun Seven,https://www.wikidata.org/wiki/Q7689784,unique accent/order-insensitive token match; DOB distance 0 day(s)
cm0001_vanilla_original,78150,Tayfun Türkmen,https://www.wikidata.org/wiki/Q10427256,unique accent/order-insensitive token match; DOB distance 0 day(s)
cm0001_vanilla_original,78153,Tayfun Rıdvan Albayrak,https://www.wikidata.org/wiki/Q7689783,unique accent/order-insensitive token match; DOB distance 0 day(s)
cm0001_vanilla_original,78154,Tayfur Havutçu,https://www.wikidata.org/wiki/Q1394807,unique accent/order-insensitive token match; DOB distance 0 day(s)
cm0001_vanilla_original,78157,Taylan Uzunoğlu,https://www.wikidata.org/wiki/Q6102924,unique accent/order-insensitive token match; DOB distance 0 day(s)
cm0001_vanilla_original,78163,Metin Telle,https://www.wikidata.org/wiki/Q126727383,unique accent/order-insensitive token match; DOB distance 0 day(s)
cm0001_vanilla_original,78172,Tevfik Saygılı,https://www.wikidata.org/wiki/Q126955601,unique accent/order-insensitive token match; DOB distance 0 day(s)
cm0001_vanilla_original,78173,Tevfik Cihan Bulut,https://www.wikidata.org/wiki/Q31192422,unique accent/order-insensitive token match; DOB distance 0 day(s)
cm0001_vanilla_original,78175,Timuçin Bayazıt,https://www.wikidata.org/wiki/Q6092858,unique accent/order-insensitive token match; DOB distance 0 day(s)
cm0001_vanilla_original,78185,Tolga Doğantez,https://www.wikidata.org/wiki/Q1457850,unique accent/order-insensitive token match; DOB distance 0 day(s)
cm0001_vanilla_original,78188,Tolga Seyhan,https://www.wikidata.org/wiki/Q1384117,unique accent/order-insensitive token match; DOB distance 0 day(s)
cm0001_vanilla_original,78193,Tolunay Kafkas,https://www.wikidata.org/wiki/Q1378780,unique accent/order-insensitive token match; DOB distance 0 day(s)
cm0001_vanilla_original,78199,Toprak Kırtoğlu,https://www.wikidata.org/wiki/Q6103137,unique accent/order-insensitive token match; DOB distance 0 day(s)
cm0001_vanilla_original,78204,Tufan Apaydın,https://www.wikidata.org/wiki/Q6047800,unique accent/order-insensitive token match; DOB distance 0 day(s)
cm0001_vanilla_original,78214,Ayhan Tumani,https://www.wikidata.org/wiki/Q792951,unique accent/order-insensitive token match; DOB distance 0 day(s)
cm0001_vanilla_original,78215,Tümer Metin,https://www.wikidata.org/wiki/Q362534,unique accent/order-insensitive token match; DOB distance 0 day(s)
cm0001_vanilla_original,78217,Tunahan Akdoğan,https://www.wikidata.org/wiki/Q6090830,unique accent/order-insensitive token match; DOB distance 0 day(s)
cm0001_vanilla_original,78221,Tunç Kip,https://www.wikidata.org/wiki/Q6095055,unique accent/order-insensitive token match; DOB distance 0 day(s)
cm0001_vanilla_original,78222,Tuncay Akgün,https://www.wikidata.org/wiki/Q107450596,unique accent/order-insensitive token match; DOB distance 0 day(s)
cm0001_vanilla_original,78223,Tuncay Aksoy,https://www.wikidata.org/wiki/Q2459758,unique accent/order-insensitive token match; DOB distance 0 day(s)
cm0001_vanilla_original,78238,Turan Akkoyun,https://www.wikidata.org/wiki/Q6039629,unique accent/order-insensitive token match; DOB distance 0 day(s)
cm0001_vanilla_original,78241,Turan Kuş,https://www.wikidata.org/wiki/Q6101563,unique accent/order-insensitive token match; DOB distance 0 day(s)
cm0001_vanilla_original,78245,Turan Uzun,https://www.wikidata.org/wiki/Q66310107,unique accent/order-insensitive token match; DOB distance 0 day(s)
cm0001_vanilla_original,78266,İbrahim Türkmen,https://www.wikidata.org/wiki/Q1656010,unique accent/order-insensitive token match; DOB distance 0 day(s)
cm0001_vanilla_original,78278,Ufuk Ali,https://www.wikidata.org/wiki/Q134378656,unique accent/order-insensitive token match; DOB distance 0 day(s)
cm0001_vanilla_original,78279,Ufuk Ateş,https://www.wikidata.org/wiki/Q14863079,unique accent/order-insensitive token match; DOB distance 0 day(s)
cm0001_vanilla_original,78290,Ufuk Süer,https://www.wikidata.org/wiki/Q2473834,unique accent/order-insensitive token match; DOB distance 0 day(s)
cm0001_vanilla_original,78298,Ulaş Meyan,https://www.wikidata.org/wiki/Q6074004,unique accent/order-insensitive token match; DOB distance 0 day(s)
cm0001_vanilla_original,78300,Ulaş Ulusan,https://www.wikidata.org/wiki/Q134517759,unique accent/order-insensitive token match; DOB distance 0 day(s)
cm0001_vanilla_original,78307,Umut Sağır,https://www.wikidata.org/wiki/Q130484538,unique accent/order-insensitive token match; DOB distance 0 day(s)
cm0001_vanilla_original,78312,Ünal Odabaş,https://www.wikidata.org/wiki/Q134394830,unique accent/order-insensitive token match; DOB distance 0 day(s)
cm0001_vanilla_original,78325,Suat Usta,https://www.wikidata.org/wiki/Q1812901,unique accent/order-insensitive token match; DOB distance 0 day(s)
cm0001_vanilla_original,78337,Şükrü Uzuner,https://www.wikidata.org/wiki/Q16991092,unique accent/order-insensitive token match; DOB distance 0 day(s)
cm0001_vanilla_original,78348,Vedat İnceefe,https://www.wikidata.org/wiki/Q178545,unique accent/order-insensitive token match; DOB distance 0 day(s)
cm0001_vanilla_original,78356,Veysel Cihan,https://www.wikidata.org/wiki/Q453996,unique accent/order-insensitive token match; DOB distance 0 day(s)
cm0001_vanilla_original,78363,Volkan Kürşat Bekiroğlu,https://www.wikidata.org/wiki/Q2530821,unique accent/order-insensitive token match; DOB distance 0 day(s)
cm0001_vanilla_original,78366,Vural Korkmaz,https://www.wikidata.org/wiki/Q6089632,unique accent/order-insensitive token match; DOB distance 0 day(s)
cm0001_vanilla_original,78370,Yahya Aydın,https://www.wikidata.org/wiki/Q134435786,unique accent/order-insensitive token match; DOB distance 0 day(s)
cm0001_vanilla_original,78378,Yakup Sertkaya,https://www.wikidata.org/wiki/Q8047237,unique accent/order-insensitive token match; DOB distance 0 day(s)
cm0001_vanilla_original,78387,Yalçın Kıldıran,https://www.wikidata.org/wiki/Q19613047,unique accent/order-insensitive token match; DOB distance 0 day(s)
cm0001_vanilla_original,78388,Yalçın Koşukavak,https://www.wikidata.org/wiki/Q43303413,unique accent/order-insensitive token match; DOB distance 0 day(s)
cm0001_vanilla_original,78401,Yasir Elmacı,https://www.wikidata.org/wiki/Q2483820,unique accent/order-insensitive token match; DOB distance 0 day(s)
cm0001_vanilla_original,78422,Ramazan Yıldırım,https://www.wikidata.org/wiki/Q406184,unique accent/order-insensitive token match; DOB distance 0 day(s)
cm0001_vanilla_original,78431,Yücel Çolak,https://www.wikidata.org/wiki/Q42893838,unique accent/order-insensitive token match; DOB distance 0 day(s)
cm0001_vanilla_original,78445,Yunus Altun,https://www.wikidata.org/wiki/Q10507034,unique accent/order-insensitive token match; DOB distance 0 day(s)
cm0001_vanilla_original,78469,Yusuf Ocak,https://www.wikidata.org/wiki/Q134378670,unique accent/order-insensitive token match; DOB distance 0 day(s)
cm0001_vanilla_original,78470,Yusuf Peken,https://www.wikidata.org/wiki/Q130484537,unique accent/order-insensitive token match; DOB distance 0 day(s)
cm0001_vanilla_original,78472,Yusuf Şimşek,https://www.wikidata.org/wiki/Q2035734,unique accent/order-insensitive token match; DOB distance 0 day(s)
cm0001_vanilla_original,78473,Yusuf Soysal,https://www.wikidata.org/wiki/Q8061986,unique accent/order-insensitive token match; DOB distance 0 day(s)
cm0001_vanilla_original,78474,Yusuf Tepekule,https://www.wikidata.org/wiki/Q2602033,unique accent/order-insensitive token match; DOB distance 0 day(s)
cm0001_vanilla_original,78475,Yusuf Tokaç,https://www.wikidata.org/wiki/Q12812655,unique accent/order-insensitive token match; DOB distance 0 day(s)
cm0001_vanilla_original,78481,Zafer Demir,https://www.wikidata.org/wiki/Q6075149,unique accent/order-insensitive token match; DOB distance 0 day(s)
cm0001_vanilla_original,78486,Zafer Biryol,https://www.wikidata.org/wiki/Q140157,unique accent/order-insensitive token match; DOB distance 0 day(s)
cm0001_vanilla_original,78488,Zafer Demiray,https://www.wikidata.org/wiki/Q140156,unique accent/order-insensitive token match; DOB distance 0 day(s)
cm0001_vanilla_original,78490,Zafer Kılıçkan,https://www.wikidata.org/wiki/Q8064279,unique accent/order-insensitive token match; DOB distance 0 day(s)
cm0001_vanilla_original,78495,Zafer Şahin,https://www.wikidata.org/wiki/Q8064285,unique accent/order-insensitive token match; DOB distance 0 day(s)
cm0001_vanilla_original,78500,Zafer Turan,https://www.wikidata.org/wiki/Q12812689,unique accent/order-insensitive token match; DOB distance 0 day(s)
cm0001_vanilla_original,78503,Zafer Uysal,https://www.wikidata.org/wiki/Q6094494,unique accent/order-insensitive token match; DOB distance 0 day(s)
cm0001_vanilla_original,78516,Zeki Önatlı,https://www.wikidata.org/wiki/Q8068673,unique accent/order-insensitive token match; DOB distance 0 day(s)
cm0001_vanilla_original,78519,Zeki Sonbay,https://www.wikidata.org/wiki/Q113164231,unique accent/order-insensitive token match; DOB distance 0 day(s)
cm0001_vanilla_original,78521,Zeki Yakupoğlu,https://www.wikidata.org/wiki/Q134416691,unique accent/order-insensitive token match; DOB distance 0 day(s)
cm0001_vanilla_original,78526,Ziya Aydın,https://www.wikidata.org/wiki/Q6091807,unique accent/order-insensitive token match; DOB distance 0 day(s)
cm0001_vanilla_original,78528,Ziya Şahin,https://www.wikidata.org/wiki/Q31188014,unique accent/order-insensitive token match; DOB distance 0 day(s)
cm0001_vanilla_original,83458,Márcio Nobre,https://www.wikidata.org/wiki/Q727531,unique accent/order-insensitive token match; DOB distance 0 day(s)
cm0102_vanilla_original,74,Burhan Kaba,https://www.wikidata.org/wiki/Q122158848,unique accent/order-insensitive token match; DOB distance 0 day(s)
cm0102_vanilla_original,77,Burhan Coşkun,https://www.wikidata.org/wiki/Q6079190,unique accent/order-insensitive token match; DOB distance 0 day(s)
cm0102_vanilla_original,154,Dursun Albayrak,https://www.wikidata.org/wiki/Q134416683,unique accent/order-insensitive token match; DOB distance 0 day(s)
cm0102_vanilla_original,1972,Rahim Zafer,https://www.wikidata.org/wiki/Q580705,unique accent/order-insensitive token match; DOB distance 0 day(s)
cm0102_vanilla_original,5724,Abdullah Ercan,https://www.wikidata.org/wiki/Q317612,unique accent/order-insensitive token match; DOB distance 0 day(s)
cm0102_vanilla_original,5729,Abdullah Boz,https://www.wikidata.org/wiki/Q134221083,unique accent/order-insensitive token match; DOB distance 0 day(s)
cm0102_vanilla_original,5799,Ali Akdeniz,https://www.wikidata.org/wiki/Q6053829,unique accent/order-insensitive token match; DOB distance 0 day(s)
cm0102_vanilla_original,5808,Ali Çebi,https://www.wikidata.org/wiki/Q134029622,unique accent/order-insensitive token match; DOB distance 0 day(s)
cm0102_vanilla_original,5821,Ali Günçar,https://www.wikidata.org/wiki/Q6095226,unique accent/order-insensitive token match; DOB distance 0 day(s)
cm0102_vanilla_original,5822,Ali Güneş,https://www.wikidata.org/wiki/Q322892,unique accent/order-insensitive token match; DOB distance 0 day(s)
cm0102_vanilla_original,5825,Ali İşleyen,https://www.wikidata.org/wiki/Q15856606,unique accent/order-insensitive token match; DOB distance 0 day(s)
cm0102_vanilla_original,5835,Ali Kulaksız,https://www.wikidata.org/wiki/Q132861958,unique accent/order-insensitive token match; DOB distance 0 day(s)
cm0102_vanilla_original,5837,Ali Mumcu,https://www.wikidata.org/wiki/Q4725062,unique accent/order-insensitive token match; DOB distance 0 day(s)
cm0102_vanilla_original,5842,Ali Ravcı,https://www.wikidata.org/wiki/Q110538000,unique accent/order-insensitive token match; DOB distance 0 day(s)
cm0102_vanilla_original,5847,Ali Tandoğan,https://www.wikidata.org/wiki/Q1378286,unique accent/order-insensitive token match; DOB distance 0 day(s)
cm0102_vanilla_original,5964,Hamza Akaydın,https://www.wikidata.org/wiki/Q6100619,unique accent/order-insensitive token match; DOB distance 0 day(s)
cm0102_vanilla_original,5965,Hamza Gezmiş,https://www.wikidata.org/wiki/Q1574055,unique accent/order-insensitive token match; DOB distance 0 day(s)
cm0102_vanilla_original,5966,Hamza Hamzaoğlu,https://www.wikidata.org/wiki/Q919026,unique accent/order-insensitive token match; DOB distance 0 day(s)
cm0102_vanilla_original,6006,İbrahim Yavuz,https://www.wikidata.org/wiki/Q343377,unique accent/order-insensitive token match; DOB distance 0 day(s)
cm0102_vanilla_original,6010,İbrahim Arıkan,https://www.wikidata.org/wiki/Q6102162,unique accent/order-insensitive token match; DOB distance 0 day(s)
cm0102_vanilla_original,6013,İbrahim Çelik,https://www.wikidata.org/wiki/Q6082371,unique accent/order-insensitive token match; DOB distance 0 day(s)
cm0102_vanilla_original,6021,İbrahim Hasançebi,https://www.wikidata.org/wiki/Q130484553,unique accent/order-insensitive token match; DOB distance 0 day(s)
cm0102_vanilla_original,6030,İbrahim Mollaibrahimağaoğlu,https://www.wikidata.org/wiki/Q132967674,unique accent/order-insensitive token match; DOB distance 0 day(s)
cm0102_vanilla_original,6036,İbrahim Parlayan,https://www.wikidata.org/wiki/Q134316590,unique accent/order-insensitive token match; DOB distance 0 day(s)
cm0102_vanilla_original,6039,İbrahim Toraman,https://www.wikidata.org/wiki/Q343372,unique accent/order-insensitive token match; DOB distance 0 day(s)
cm0102_vanilla_original,6042,İbrahim Üzülmez,https://www.wikidata.org/wiki/Q343415,unique accent/order-insensitive token match; DOB distance 0 day(s)
cm0102_vanilla_original,6064,İsmail Demirci,https://www.wikidata.org/wiki/Q6091885,unique accent/order-insensitive token match; DOB distance 0 day(s)
cm0102_vanilla_original,6066,İsmail Erden,https://www.wikidata.org/wiki/Q19758090,unique accent/order-insensitive token match; DOB distance 0 day(s)
cm0102_vanilla_original,6069,İsmail Güldüren,https://www.wikidata.org/wiki/Q344163,unique accent/order-insensitive token match; DOB distance 0 day(s)
cm0102_vanilla_original,6081,İsmail Şenyüz,https://www.wikidata.org/wiki/Q2405236,unique accent/order-insensitive token match; DOB distance 0 day(s)
cm0102_vanilla_original,6085,İsmail Sivrikaya,https://www.wikidata.org/wiki/Q134463653,unique accent/order-insensitive token match; DOB distance 0 day(s)
cm0102_vanilla_original,6169,Osman Akyol,https://www.wikidata.org/wiki/Q3357265,unique accent/order-insensitive token match; DOB distance 0 day(s)
cm0102_vanilla_original,6172,Osman Coşkun,https://www.wikidata.org/wiki/Q6089294,unique accent/order-insensitive token match; DOB distance 0 day(s)
cm0102_vanilla_original,6177,Osman Durmuş,https://www.wikidata.org/wiki/Q134396370,unique accent/order-insensitive token match; DOB distance 0 day(s)
cm0102_vanilla_original,6183,Osman Kurtuldu,https://www.wikidata.org/wiki/Q6082013,unique accent/order-insensitive token match; DOB distance 0 day(s)
cm0102_vanilla_original,6186,Osman Özköylü,https://www.wikidata.org/wiki/Q605498,unique accent/order-insensitive token match; DOB distance 0 day(s)
cm0102_vanilla_original,6187,Osman Üstünel,https://www.wikidata.org/wiki/Q6092389,unique accent/order-insensitive token match; DOB distance 0 day(s)
cm0102_vanilla_original,6253,Selim Çatalbaş,https://www.wikidata.org/wiki/Q6077844,unique accent/order-insensitive token match; DOB distance 0 day(s)
cm0102_vanilla_original,6258,Selim Özer,https://www.wikidata.org/wiki/Q6074687,unique accent/order-insensitive token match; DOB distance 0 day(s)
cm0102_vanilla_original,6825,Musa Aydın,https://www.wikidata.org/wiki/Q936079,unique accent/order-insensitive token match; DOB distance 0 day(s)
cm0102_vanilla_original,6829,Musa Kuş,https://www.wikidata.org/wiki/Q6082042,unique accent/order-insensitive token match; DOB distance 0 day(s)
cm0102_vanilla_original,7732,Arif Erdem,https://www.wikidata.org/wiki/Q660534,unique accent/order-insensitive token match; DOB distance 0 day(s)
cm0102_vanilla_original,8617,İdris Gümüşdere,https://www.wikidata.org/wiki/Q6097516,unique accent/order-insensitive token match; DOB distance 0 day(s)
cm0102_vanilla_original,9205,Yusuf Ocak,https://www.wikidata.org/wiki/Q134378670,unique accent/order-insensitive token match; DOB distance 0 day(s)
cm0102_vanilla_original,9207,Yusuf Peken,https://www.wikidata.org/wiki/Q130484537,unique accent/order-insensitive token match; DOB distance 0 day(s)
cm0102_vanilla_original,9210,Yusuf Şimşek,https://www.wikidata.org/wiki/Q2035734,unique accent/order-insensitive token match; DOB distance 0 day(s)
cm0102_vanilla_original,9211,Yusuf Soysal,https://www.wikidata.org/wiki/Q8061986,unique accent/order-insensitive token match; DOB distance 0 day(s)
cm0102_vanilla_original,9212,Yusuf Tepekule,https://www.wikidata.org/wiki/Q2602033,unique accent/order-insensitive token match; DOB distance 0 day(s)
cm0102_vanilla_original,9213,Yusuf Tokaç,https://www.wikidata.org/wiki/Q12812655,unique accent/order-insensitive token match; DOB distance 0 day(s)
cm0102_vanilla_original,11385,Sait Karafırtınalar,https://www.wikidata.org/wiki/Q2213308,unique accent/order-insensitive token match; DOB distance 0 day(s)
cm0102_vanilla_original,12265,Mert Korkmaz,https://www.wikidata.org/wiki/Q360668,unique accent/order-insensitive token match; DOB distance 0 day(s)
cm0102_vanilla_original,15892,Mustafa Yılmaz,https://www.wikidata.org/wiki/Q133989854,unique accent/order-insensitive token match; DOB distance 0 day(s)
cm0102_vanilla_original,15898,Mustafa Doğan,https://www.wikidata.org/wiki/Q567406,unique accent/order-insensitive token match; DOB distance 0 day(s)
cm0102_vanilla_original,15910,Mustafa Bahadır,https://www.wikidata.org/wiki/Q15743242,unique accent/order-insensitive token match; DOB distance 0 day(s)
cm0102_vanilla_original,15938,Mustafa Er,https://www.wikidata.org/wiki/Q53250303,unique accent/order-insensitive token match; DOB distance 0 day(s)
cm0102_vanilla_original,15945,Mustafa Gürsel,https://www.wikidata.org/wiki/Q130438001,unique accent/order-insensitive token match; DOB distance 0 day(s)
cm0102_vanilla_original,15954,Mustafa Kalafatoğlu,https://www.wikidata.org/wiki/Q134378678,unique accent/order-insensitive token match; DOB distance 0 day(s)
cm0102_vanilla_original,15958,Mustafa Keçeli,https://www.wikidata.org/wiki/Q1955557,unique accent/order-insensitive token match; DOB distance 0 day(s)
cm0102_vanilla_original,15961,Mustafa Kocabey,https://www.wikidata.org/wiki/Q3328883,unique accent/order-insensitive token match; DOB distance 0 day(s)
cm0102_vanilla_original,15965,Mustafa Marangoz,https://www.wikidata.org/wiki/Q6094748,unique accent/order-insensitive token match; DOB distance 0 day(s)
cm0102_vanilla_original,15972,Mustafa Özer,https://www.wikidata.org/wiki/Q14946222,unique accent/order-insensitive token match; DOB distance 0 day(s)
cm0102_vanilla_original,15975,Mustafa Özşahin,https://www.wikidata.org/wiki/Q134416685,unique accent/order-insensitive token match; DOB distance 0 day(s)
cm0102_vanilla_original,15983,Mustafa Sarp,https://www.wikidata.org/wiki/Q426881,unique accent/order-insensitive token match; DOB distance 0 day(s)
cm0102_vanilla_original,15986,Mustafa Sert,https://www.wikidata.org/wiki/Q1480628,unique accent/order-insensitive token match; DOB distance 0 day(s)
cm0102_vanilla_original,16372,Hasan Çelik,https://www.wikidata.org/wiki/Q2815469,unique accent/order-insensitive token match; DOB distance 0 day(s)
cm0102_vanilla_original,16380,Hasan Gültang,https://www.wikidata.org/wiki/Q10433603,unique accent/order-insensitive token match; DOB distance 0 day(s)
cm0102_vanilla_original,16381,Hasan Kabze,https://www.wikidata.org/wiki/Q719346,unique accent/order-insensitive token match; DOB distance 0 day(s)
cm0102_vanilla_original,16393,Hasan Sönmez,https://www.wikidata.org/wiki/Q10429658,unique accent/order-insensitive token match; DOB distance 0 day(s)
cm0102_vanilla_original,16396,Hasan Üçüncü,https://www.wikidata.org/wiki/Q630587,unique accent/order-insensitive token match; DOB distance 0 day(s)
cm0102_vanilla_original,18816,Adnan Erkan,https://www.wikidata.org/wiki/Q359388,unique accent/order-insensitive token match; DOB distance 0 day(s)
cm0102_vanilla_original,18821,Adnan Güngör,https://www.wikidata.org/wiki/Q359403,unique accent/order-insensitive token match; DOB distance 0 day(s)
cm0102_vanilla_original,18822,Adnan İlgin,https://www.wikidata.org/wiki/Q23920695,unique accent/order-insensitive token match; DOB distance 0 day(s)
cm0102_vanilla_original,18823,Adnan Karahan,https://www.wikidata.org/wiki/Q6097915,unique accent/order-insensitive token match; DOB distance 0 day(s)
cm0102_vanilla_original,18844,Harun Avgın,https://www.wikidata.org/wiki/Q12809885,unique accent/order-insensitive token match; DOB distance 0 day(s)
cm0102_vanilla_original,18849,Harun Ovalıoğlu,https://www.wikidata.org/wiki/Q6063525,unique accent/order-insensitive token match; DOB distance 0 day(s)
cm0102_vanilla_original,19158,Faruk Atalay,https://www.wikidata.org/wiki/Q1397192,unique accent/order-insensitive token match; DOB distance 0 day(s)
cm0102_vanilla_original,19160,Faruk Bayar,https://www.wikidata.org/wiki/Q1397194,unique accent/order-insensitive token match; DOB distance 0 day(s)
cm0102_vanilla_original,19169,Faruk Sarman,https://www.wikidata.org/wiki/Q6092930,unique accent/order-insensitive token match; DOB distance 0 day(s)
cm0102_vanilla_original,19172,Faruk Yiğit,https://www.wikidata.org/wiki/Q2055879,unique accent/order-insensitive token match; DOB distance 0 day(s)
cm0102_vanilla_original,19204,İsa Turan,https://www.wikidata.org/wiki/Q6095914,unique accent/order-insensitive token match; DOB distance 0 day(s)
cm0102_vanilla_original,19233,Kadir Demirel,https://www.wikidata.org/wiki/Q113818173,unique accent/order-insensitive token match; DOB distance 0 day(s)
cm0102_vanilla_original,19366,Ersen Martin,https://www.wikidata.org/wiki/Q819597,unique accent/order-insensitive token match; DOB distance 0 day(s)
cm0102_vanilla_original,19415,Ömer Rıza,https://www.wikidata.org/wiki/Q297499,unique accent/order-insensitive token match; DOB distance 0 day(s)
cm0102_vanilla_original,19478,Tahir Karapınar,https://www.wikidata.org/wiki/Q6079830,unique accent/order-insensitive token match; DOB distance 0 day(s)
cm0102_vanilla_original,19508,Yunus Altun,https://www.wikidata.org/wiki/Q10507034,unique accent/order-insensitive token match; DOB distance 0 day(s)
cm0102_vanilla_original,19510,Yunus İçuz,https://www.wikidata.org/wiki/Q8061400,unique accent/order-insensitive token match; DOB distance 0 day(s)
cm0102_vanilla_original,29815,Akın Sağlam,https://www.wikidata.org/wiki/Q134378667,unique accent/order-insensitive token match; DOB distance 0 day(s)
cm0102_vanilla_original,29816,Akın Vardar,https://www.wikidata.org/wiki/Q424750,unique accent/order-insensitive token match; DOB distance 0 day(s)
cm0102_vanilla_original,35192,Volkan Kahraman,https://www.wikidata.org/wiki/Q871938,unique accent/order-insensitive token match; DOB distance 0 day(s)
cm0102_vanilla_original,35698,Ümit Erbay,https://www.wikidata.org/wiki/Q102078593,unique accent/order-insensitive token match; DOB distance 0 day(s)
cm0102_vanilla_original,35700,Ümit İnal,https://www.wikidata.org/wiki/Q14859023,unique accent/order-insensitive token match; DOB distance 0 day(s)
cm0102_vanilla_original,35701,Ümit Aydın,https://www.wikidata.org/wiki/Q4831526,unique accent/order-insensitive token match; DOB distance 0 day(s)
cm0102_vanilla_original,35708,Ümit Bozkurt,https://www.wikidata.org/wiki/Q8079469,unique accent/order-insensitive token match; DOB distance 0 day(s)
cm0102_vanilla_original,35716,Umut Hatipoğlu,https://www.wikidata.org/wiki/Q2506954,unique accent/order-insensitive token match; DOB distance 0 day(s)
cm0102_vanilla_original,35720,Ümit Özışık,https://www.wikidata.org/wiki/Q115631624,unique accent/order-insensitive token match; DOB distance 0 day(s)
cm0102_vanilla_original,35724,Ümit Teke,https://www.wikidata.org/wiki/Q6082892,unique accent/order-insensitive token match; DOB distance 0 day(s)
cm0102_vanilla_original,38177,Yasin Karaca,https://www.wikidata.org/wiki/Q2003441,unique accent/order-insensitive token match; DOB distance 0 day(s)
cm0102_vanilla_original,39869,Önder Turacı,https://www.wikidata.org/wiki/Q297604,unique accent/order-insensitive token match; DOB distance 0 day(s)
cm0102_vanilla_original,39887,Uğur Boral,https://www.wikidata.org/wiki/Q2505360,unique accent/order-insensitive token match; DOB distance 0 day(s)
cm0102_vanilla_original,39909,Uğur Yasan,https://www.wikidata.org/wiki/Q135441382,unique accent/order-insensitive token match; DOB distance 0 day(s)
cm0102_vanilla_original,42553,Batur Altıparmak,https://www.wikidata.org/wiki/Q47313911,unique accent/order-insensitive token match; DOB distance 0 day(s)
cm0102_vanilla_original,44958,Serdar Kulbilge,https://www.wikidata.org/wiki/Q2000793,unique accent/order-insensitive token match; DOB distance 0 day(s)
cm0102_vanilla_original,44959,Serdar Meriç,https://www.wikidata.org/wiki/Q99673271,unique accent/order-insensitive token match; DOB distance 0 day(s)
cm0102_vanilla_original,44963,Serdar Özbayraktar,https://www.wikidata.org/wiki/Q775542,unique accent/order-insensitive token match; DOB distance 0 day(s)
cm0102_vanilla_original,44965,Serdar Samatyalı,https://www.wikidata.org/wiki/Q6103526,unique accent/order-insensitive token match; DOB distance 0 day(s)
cm0102_vanilla_original,47738,Deniz Doğan,https://www.wikidata.org/wiki/Q832159,unique accent/order-insensitive token match; DOB distance 0 day(s)
cm0102_vanilla_original,47739,Doğan Baykuş,https://www.wikidata.org/wiki/Q125072307,unique accent/order-insensitive token match; DOB distance 0 day(s)
cm0102_vanilla_original,47743,Hüzeyfe Doğan,https://www.wikidata.org/wiki/Q877105,unique accent/order-insensitive token match; DOB distance 0 day(s)
cm0102_vanilla_original,49646,Metin Kurt,https://www.wikidata.org/wiki/Q6083827,unique accent/order-insensitive token match; DOB distance 0 day(s)
cm0102_vanilla_original,49651,Metin Akçevre,https://www.wikidata.org/wiki/Q12810845,unique accent/order-insensitive token match; DOB distance 0 day(s)
cm0102_vanilla_original,49657,Metin Aydemir,https://www.wikidata.org/wiki/Q6092015,unique accent/order-insensitive token match; DOB distance 0 day(s)
cm0102_vanilla_original,49675,Metin Uzun,https://www.wikidata.org/wiki/Q61725010,unique accent/order-insensitive token match; DOB distance 0 day(s)
cm0102_vanilla_original,50012,Orhan Atik,https://www.wikidata.org/wiki/Q7102169,unique accent/order-insensitive token match; DOB distance 0 day(s)
cm0102_vanilla_original,50013,Orhan Ak,https://www.wikidata.org/wiki/Q937898,unique accent/order-insensitive token match; DOB distance 0 day(s)
cm0102_vanilla_original,50016,Orhan Altay,https://www.wikidata.org/wiki/Q6102297,unique accent/order-insensitive token match; DOB distance 0 day(s)
cm0102_vanilla_original,50021,Orhan Çıkırıkçı,https://www.wikidata.org/wiki/Q944236,unique accent/order-insensitive token match; DOB distance 0 day(s)
cm0102_vanilla_original,50025,Orhan Kalafat,https://www.wikidata.org/wiki/Q6094069,unique accent/order-insensitive token match; DOB distance 0 day(s)
cm0102_vanilla_original,50030,Orhan Terzi,https://www.wikidata.org/wiki/Q6097101,unique accent/order-insensitive token match; DOB distance 0 day(s)
cm0102_vanilla_original,50031,Orhan Üstündağ,https://www.wikidata.org/wiki/Q57832555,unique accent/order-insensitive token match; DOB distance 0 day(s)
cm0102_vanilla_original,50056,Barış Özcan,https://www.wikidata.org/wiki/Q12302890,unique accent/order-insensitive token match; DOB distance 0 day(s)
cm0102_vanilla_original,50064,Yusuf Öztürk,https://www.wikidata.org/wiki/Q8062001,unique accent/order-insensitive token match; DOB distance 0 day(s)
cm0102_vanilla_original,50974,Mahmut Yılmaz,https://www.wikidata.org/wiki/Q1573871,unique accent/order-insensitive token match; DOB distance 0 day(s)
cm0102_vanilla_original,50997,Yılmaz Özen,https://www.wikidata.org/wiki/Q16858162,unique accent/order-insensitive token match; DOB distance 0 day(s)
cm0102_vanilla_original,50998,Yılmaz Özlem,https://www.wikidata.org/wiki/Q1717999,unique accent/order-insensitive token match; DOB distance 0 day(s)
cm0102_vanilla_original,51052,Ahmet Arslaner,https://www.wikidata.org/wiki/Q100325119,unique accent/order-insensitive token match; DOB distance 0 day(s)
cm0102_vanilla_original,51060,Ahmet Bulut,https://www.wikidata.org/wiki/Q25476809,unique accent/order-insensitive token match; DOB distance 0 day(s)
cm0102_vanilla_original,51061,Ahmet Çağıran,https://www.wikidata.org/wiki/Q6083252,unique accent/order-insensitive token match; DOB distance 0 day(s)
cm0102_vanilla_original,51067,Ahmet Erdinç,https://www.wikidata.org/wiki/Q401821,unique accent/order-insensitive token match; DOB distance 0 day(s)
cm0102_vanilla_original,51069,Ahmet Ersoy,https://www.wikidata.org/wiki/Q115961990,unique accent/order-insensitive token match; DOB distance 0 day(s)
cm0102_vanilla_original,51084,Ahmet Mercan,https://www.wikidata.org/wiki/Q42842556,unique accent/order-insensitive token match; DOB distance 0 day(s)
cm0102_vanilla_original,51090,Ahmet Şahin,https://www.wikidata.org/wiki/Q402016,unique accent/order-insensitive token match; DOB distance 0 day(s)
cm0102_vanilla_original,51094,Ahmet Taşyürek,https://www.wikidata.org/wiki/Q27123036,unique accent/order-insensitive token match; DOB distance 0 day(s)
cm0102_vanilla_original,51100,Ahmet Yıldırım,https://www.wikidata.org/wiki/Q676847,unique accent/order-insensitive token match; DOB distance 0 day(s)
cm0102_vanilla_original,51173,Alper Akıcı,https://www.wikidata.org/wiki/Q18410164,unique accent/order-insensitive token match; DOB distance 0 day(s)
cm0102_vanilla_original,51183,Alper Tezcan,https://www.wikidata.org/wiki/Q2650863,unique accent/order-insensitive token match; DOB distance 0 day(s)
cm0102_vanilla_original,54420,Hayrettin Yerlikaya,https://www.wikidata.org/wiki/Q433109,unique accent/order-insensitive token match; DOB distance 0 day(s)
cm0102_vanilla_original,64230,Ferdi Tatlı,https://www.wikidata.org/wiki/Q47499835,unique accent/order-insensitive token match; DOB distance 0 day(s)
cm0102_vanilla_original,65851,Murat Erdoğan,https://www.wikidata.org/wiki/Q1953539,unique accent/order-insensitive token match; DOB distance 0 day(s)
cm0102_vanilla_original,65861,Murat Akarsu,https://www.wikidata.org/wiki/Q6064327,unique accent/order-insensitive token match; DOB distance 0 day(s)
cm0102_vanilla_original,65867,Murat Alaçayır,https://www.wikidata.org/wiki/Q6092742,unique accent/order-insensitive token match; DOB distance 0 day(s)
cm0102_vanilla_original,65879,Murat Baytaroğlu,https://www.wikidata.org/wiki/Q6102533,unique accent/order-insensitive token match; DOB distance 0 day(s)
cm0102_vanilla_original,65882,Murat Bölükbaşı,https://www.wikidata.org/wiki/Q6087709,unique accent/order-insensitive token match; DOB distance 0 day(s)
cm0102_vanilla_original,65897,Murat Duman,https://www.wikidata.org/wiki/Q25473681,unique accent/order-insensitive token match; DOB distance 0 day(s)
cm0102_vanilla_original,65905,Murat Hacıoğlu,https://www.wikidata.org/wiki/Q358987,unique accent/order-insensitive token match; DOB distance 0 day(s)
cm0102_vanilla_original,65906,Murat İsmailoğlu,https://www.wikidata.org/wiki/Q130484547,unique accent/order-insensitive token match; DOB distance 0 day(s)
cm0102_vanilla_original,65911,Murat Karakoç,https://www.wikidata.org/wiki/Q6937410,unique accent/order-insensitive token match; DOB distance 0 day(s)
cm0102_vanilla_original,65922,Murat Onur,https://www.wikidata.org/wiki/Q2947435,unique accent/order-insensitive token match; DOB distance 0 day(s)
cm0102_vanilla_original,65929,Murat Öztürk,https://www.wikidata.org/wiki/Q6937441,unique accent/order-insensitive token match; DOB distance 0 day(s)
cm0102_vanilla_original,65936,Murat Şahin,https://www.wikidata.org/wiki/Q646042,unique accent/order-insensitive token match; DOB distance 0 day(s)
cm0102_vanilla_original,65940,Murat Şenvardar,https://www.wikidata.org/wiki/Q6034686,unique accent/order-insensitive token match; DOB distance 0 day(s)
cm0102_vanilla_original,65949,Murat Türksoy,https://www.wikidata.org/wiki/Q6020758,unique accent/order-insensitive token match; DOB distance 0 day(s)
cm0102_vanilla_original,65954,Murat Yiğiter,https://www.wikidata.org/wiki/Q15867355,unique accent/order-insensitive token match; DOB distance 0 day(s)
cm0102_vanilla_original,67530,Mustafa Aydın,https://www.wikidata.org/wiki/Q2456748,unique accent/order-insensitive token match; DOB distance 0 day(s)
cm0102_vanilla_original,67538,Aydın Dağdelen,https://www.wikidata.org/wiki/Q99673272,unique accent/order-insensitive token match; DOB distance 0 day(s)
cm0102_vanilla_original,67539,Erhan Aydın,https://www.wikidata.org/wiki/Q5385854,unique accent/order-insensitive token match; DOB distance 0 day(s)
cm0102_vanilla_original,67544,Aydın Kaldırım,https://www.wikidata.org/wiki/Q130484542,unique accent/order-insensitive token match; DOB distance 0 day(s)
cm0102_vanilla_original,67551,Aydın Tuna,https://www.wikidata.org/wiki/Q6081704,unique accent/order-insensitive token match; DOB distance 0 day(s)
cm0102_vanilla_original,67553,Aydın Yetgin,https://www.wikidata.org/wiki/Q132967678,unique accent/order-insensitive token match; DOB distance 0 day(s)
cm0102_vanilla_original,69009,Hikmet Çapanoğlu,https://www.wikidata.org/wiki/Q6096831,unique accent/order-insensitive token match; DOB distance 0 day(s)
cm0102_vanilla_original,69330,Kaya Tarakçı,https://www.wikidata.org/wiki/Q1418755,unique accent/order-insensitive token match; DOB distance 0 day(s)
cm0102_vanilla_original,70689,Erol Sabanov,https://www.wikidata.org/wiki/Q883701,unique accent/order-insensitive token match; DOB distance 0 day(s)
cm0102_vanilla_original,71010,Şenol Erol,https://www.wikidata.org/wiki/Q6102204,unique accent/order-insensitive token match; DOB distance 0 day(s)
cm0102_vanilla_original,71012,Şenol İbişi,https://www.wikidata.org/wiki/Q99672566,unique accent/order-insensitive token match; DOB distance 0 day(s)
cm0102_vanilla_original,71015,Şenol Fidan,https://www.wikidata.org/wiki/Q8082477,unique accent/order-insensitive token match; DOB distance 0 day(s)
cm0102_vanilla_original,71016,Şenol Karagöl,https://www.wikidata.org/wiki/Q6080193,unique accent/order-insensitive token match; DOB distance 0 day(s)
cm0102_vanilla_original,71021,Şenol Yavaş,https://www.wikidata.org/wiki/Q6103415,unique accent/order-insensitive token match; DOB distance 0 day(s)
cm0102_vanilla_original,71250,Selim Teber,https://www.wikidata.org/wiki/Q690129,unique accent/order-insensitive token match; DOB distance 0 day(s)
cm0102_vanilla_original,74224,Pini Balili,https://www.wikidata.org/wiki/Q1389115,unique accent/order-insensitive token match; DOB distance 0 day(s)
cm0102_vanilla_original,90171,Ramazan Yıldırım,https://www.wikidata.org/wiki/Q406184,unique accent/order-insensitive token match; DOB distance 0 day(s)
cm0102_vanilla_original,90173,Uğur Yıldırım,https://www.wikidata.org/wiki/Q523871,unique accent/order-insensitive token match; DOB distance 0 day(s)
cm0102_vanilla_original,91706,Ekrem Ekşioğlu,https://www.wikidata.org/wiki/Q1323520,unique accent/order-insensitive token match; DOB distance 0 day(s)
cm0102_vanilla_original,91707,Ekrem Köse,https://www.wikidata.org/wiki/Q6087061,unique accent/order-insensitive token match; DOB distance 0 day(s)
cm0102_vanilla_original,92623,Azar Karadaş,https://www.wikidata.org/wiki/Q725150,unique accent/order-insensitive token match; DOB distance 0 day(s)
cm0102_vanilla_original,99679,Aşkın Dilli,https://www.wikidata.org/wiki/Q134378662,unique accent/order-insensitive token match; DOB distance 0 day(s)
cm0102_vanilla_original,111449,Abdi Aktaş,https://www.wikidata.org/wiki/Q308140,unique accent/order-insensitive token match; DOB distance 0 day(s)
cm0102_vanilla_original,111601,Alp Küçükvardar,https://www.wikidata.org/wiki/Q2839387,unique accent/order-insensitive token match; DOB distance 0 day(s)
cm0102_vanilla_original,112145,Can Ulun,https://www.wikidata.org/wiki/Q6063079,unique accent/order-insensitive token match; DOB distance 0 day(s)
cm0102_vanilla_original,112634,Erdoğan Yılmaz,https://www.wikidata.org/wiki/Q6082896,unique accent/order-insensitive token match; DOB distance 0 day(s)
cm0102_vanilla_original,112640,Umut Erdoğan,https://www.wikidata.org/wiki/Q2478776,unique accent/order-insensitive token match; DOB distance 0 day(s)
cm0102_vanilla_original,113115,Halit Köprülü,https://www.wikidata.org/wiki/Q6094419,unique accent/order-insensitive token match; DOB distance 0 day(s)
cm0102_vanilla_original,113752,Kurtuluş Dölek,https://www.wikidata.org/wiki/Q134378671,unique accent/order-insensitive token match; DOB distance 0 day(s)
cm0102_vanilla_original,113753,Kurtuluş Öztürk,https://www.wikidata.org/wiki/Q98278011,unique accent/order-insensitive token match; DOB distance 0 day(s)
cm0102_vanilla_original,115253,Erkan Sağlık,https://www.wikidata.org/wiki/Q82902,unique accent/order-insensitive token match; DOB distance 0 day(s)
cm0102_vanilla_original,115254,Mahir Sağlık,https://www.wikidata.org/wiki/Q327433,unique accent/order-insensitive token match; DOB distance 0 day(s)
cm0102_vanilla_original,115896,Vural Korkmaz,https://www.wikidata.org/wiki/Q6089632,unique accent/order-insensitive token match; DOB distance 0 day(s)
cm0102_vanilla_original,116107,Yaşar Kabakçı,https://www.wikidata.org/wiki/Q15728702,unique accent/order-insensitive token match; DOB distance 0 day(s)
cm0102_vanilla_original,116115,Yasin Çelik,https://www.wikidata.org/wiki/Q2856378,unique accent/order-insensitive token match; DOB distance 0 day(s)
cm0102_vanilla_original,116124,Yasin Sülün,https://www.wikidata.org/wiki/Q1550964,unique accent/order-insensitive token match; DOB distance 0 day(s)
cm0102_vanilla_original,116242,Dilaver Satılmış,https://www.wikidata.org/wiki/Q122159,unique accent/order-insensitive token match; DOB distance 0 day(s)
cm0102_vanilla_original,116455,Gürkan Sermeter,https://www.wikidata.org/wiki/Q692061,unique accent/order-insensitive token match; DOB distance 0 day(s)
cm0102_vanilla_original,116485,Kubilay Türkyılmaz,https://www.wikidata.org/wiki/Q366571,unique accent/order-insensitive token match; DOB distance 0 day(s)
cm0102_vanilla_original,116506,Hakan Yakın,https://www.wikidata.org/wiki/Q122346,unique accent/order-insensitive token match; DOB distance 0 day(s)
cm0102_vanilla_original,116507,Murat Yakın,https://www.wikidata.org/wiki/Q113245,unique accent/order-insensitive token match; DOB distance 0 day(s)
cm0102_vanilla_original,116523,Abdülkadir Demirci,https://www.wikidata.org/wiki/Q17045440,unique accent/order-insensitive token match; DOB distance 0 day(s)
cm0102_vanilla_original,116527,Abdulvahit Karacabey,https://www.wikidata.org/wiki/Q6102977,unique accent/order-insensitive token match; DOB distance 0 day(s)
cm0102_vanilla_original,116531,Abdurrahman Dereli,https://www.wikidata.org/wiki/Q180924,unique accent/order-insensitive token match; DOB distance 0 day(s)
cm0102_vanilla_original,116544,Adem Çak,https://www.wikidata.org/wiki/Q134222206,unique accent/order-insensitive token match; DOB distance 0 day(s)
cm0102_vanilla_original,116545,Adem Dursun,https://www.wikidata.org/wiki/Q4682114,unique accent/order-insensitive token match; DOB distance 0 day(s)
cm0102_vanilla_original,116546,Adem Gezici,https://www.wikidata.org/wiki/Q6033883,unique accent/order-insensitive token match; DOB distance 0 day(s)
cm0102_vanilla_original,116549,Adem Kaya,https://www.wikidata.org/wiki/Q6080587,unique accent/order-insensitive token match; DOB distance 0 day(s)
cm0102_vanilla_original,116550,Adem Koçak,https://www.wikidata.org/wiki/Q354522,unique accent/order-insensitive token match; DOB distance 0 day(s)
cm0102_vanilla_original,116559,Adil Müftüoğlu,https://www.wikidata.org/wiki/Q16143353,unique accent/order-insensitive token match; DOB distance 0 day(s)
cm0102_vanilla_original,116597,Taşkın Aksoy,https://www.wikidata.org/wiki/Q1285241,unique accent/order-insensitive token match; DOB distance 0 day(s)
cm0102_vanilla_original,116621,Ali Eren Beşerler,https://www.wikidata.org/wiki/Q4724775,unique accent/order-insensitive token match; DOB distance 0 day(s)
cm0102_vanilla_original,116633,Ali Nadir Başkan,https://www.wikidata.org/wiki/Q116586807,unique accent/order-insensitive token match; DOB distance 1 day(s)
cm0102_vanilla_original,116634,Ali Nail Durmuş,https://www.wikidata.org/wiki/Q6101899,unique accent/order-insensitive token match; DOB distance 0 day(s)
cm0102_vanilla_original,116636,Ali Rıza Yılmaz,https://www.wikidata.org/wiki/Q61198452,unique accent/order-insensitive token match; DOB distance 0 day(s)
cm0102_vanilla_original,116655,Alpaslan Kartal,https://www.wikidata.org/wiki/Q956261,unique accent/order-insensitive token match; DOB distance 0 day(s)
cm0102_vanilla_original,116662,Altay Dağdelen,https://www.wikidata.org/wiki/Q6095275,unique accent/order-insensitive token match; DOB distance 0 day(s)
cm0102_vanilla_original,116670,Halil Altıntop,https://www.wikidata.org/wiki/Q156638,unique accent/order-insensitive token match; DOB distance 0 day(s)
cm0102_vanilla_original,116671,Hamit Altıntop,https://www.wikidata.org/wiki/Q44118,unique accent/order-insensitive token match; DOB distance 0 day(s)
cm0102_vanilla_original,116691,Erdoğan Arıca,https://www.wikidata.org/wiki/Q1313472,unique accent/order-insensitive token match; DOB distance 0 day(s)
cm0102_vanilla_original,116719,Atacan Öztürk,https://www.wikidata.org/wiki/Q753135,unique accent/order-insensitive token match; DOB distance 0 day(s)
cm0102_vanilla_original,116722,Atakan Sancarbarlaz,https://www.wikidata.org/wiki/Q21524076,unique accent/order-insensitive token match; DOB distance 0 day(s)
cm0102_vanilla_original,116737,Atilla Çebi,https://www.wikidata.org/wiki/Q134444167,unique accent/order-insensitive token match; DOB distance 0 day(s)
cm0102_vanilla_original,116741,Atilla Koca,https://www.wikidata.org/wiki/Q612897,unique accent/order-insensitive token match; DOB distance 0 day(s)
cm0102_vanilla_original,116762,Aydoğan Hacısalihoğlu,https://www.wikidata.org/wiki/Q134378650,unique accent/order-insensitive token match; DOB distance 0 day(s)
cm0102_vanilla_original,116767,Aygün Taşkıran,https://www.wikidata.org/wiki/Q6089760,unique accent/order-insensitive token match; DOB distance 0 day(s)
cm0102_vanilla_original,116769,Ayhan Alemdaroğlu,https://www.wikidata.org/wiki/Q15435603,unique accent/order-insensitive token match; DOB distance 0 day(s)
cm0102_vanilla_original,116776,Ayhan Hüseyinoğlu,https://www.wikidata.org/wiki/Q28647859,unique accent/order-insensitive token match; DOB distance 0 day(s)
cm0102_vanilla_original,116783,Ayhan Tumani,https://www.wikidata.org/wiki/Q792951,unique accent/order-insensitive token match; DOB distance 0 day(s)
cm0102_vanilla_original,116785,Aykan Atik,https://www.wikidata.org/wiki/Q92927830,unique accent/order-insensitive token match; DOB distance 0 day(s)
cm0102_vanilla_original,116799,Aytekin Viduşlu,https://www.wikidata.org/wiki/Q4831733,unique accent/order-insensitive token match; DOB distance 0 day(s)
cm0102_vanilla_original,116830,Barış Durmaz,https://www.wikidata.org/wiki/Q809710,unique accent/order-insensitive token match; DOB distance 0 day(s)
cm0102_vanilla_original,116836,Barış Özkan,https://www.wikidata.org/wiki/Q132967665,unique accent/order-insensitive token match; DOB distance 0 day(s)
cm0102_vanilla_original,116851,Yıldıray Baştürk,https://www.wikidata.org/wiki/Q76322,unique accent/order-insensitive token match; DOB distance 0 day(s)
cm0102_vanilla_original,116864,Bayram Bektaş,https://www.wikidata.org/wiki/Q6087377,unique accent/order-insensitive token match; DOB distance 0 day(s)
cm0102_vanilla_original,116868,Bayram Çolak,https://www.wikidata.org/wiki/Q126918539,unique accent/order-insensitive token match; DOB distance 0 day(s)
cm0102_vanilla_original,116884,Behram Zülaloğlu,https://www.wikidata.org/wiki/Q814550,unique accent/order-insensitive token match; DOB distance 0 day(s)
cm0102_vanilla_original,116891,Bekir Gür,https://www.wikidata.org/wiki/Q2894092,unique accent/order-insensitive token match; DOB distance 0 day(s)
cm0102_vanilla_original,116905,Benhur Babaoğlu,https://www.wikidata.org/wiki/Q2895845,unique accent/order-insensitive token match; DOB distance 0 day(s)
cm0102_vanilla_original,116915,Besim Durmuş,https://www.wikidata.org/wiki/Q829868,unique accent/order-insensitive token match; DOB distance 0 day(s)
cm0102_vanilla_original,116919,Beyhan Sümer,https://www.wikidata.org/wiki/Q20472194,unique accent/order-insensitive token match; DOB distance 0 day(s)
cm0102_vanilla_original,116936,Ümit Bilican,https://www.wikidata.org/wiki/Q8079465,unique accent/order-insensitive token match; DOB distance 0 day(s)
cm0102_vanilla_original,116950,Birol Aksancak,https://www.wikidata.org/wiki/Q4916923,unique accent/order-insensitive token match; DOB distance 0 day(s)
cm0102_vanilla_original,116951,Birol Demirhan,https://www.wikidata.org/wiki/Q56173804,unique accent/order-insensitive token match; DOB distance 0 day(s)
cm0102_vanilla_original,116963,Bora Körk,https://www.wikidata.org/wiki/Q893284,unique accent/order-insensitive token match; DOB distance 0 day(s)
cm0102_vanilla_original,116973,Bülent Akın,https://www.wikidata.org/wiki/Q2705560,unique accent/order-insensitive token match; DOB distance 0 day(s)
cm0102_vanilla_original,116977,Bülent Aslan,https://www.wikidata.org/wiki/Q134100645,unique accent/order-insensitive token match; DOB distance 0 day(s)
cm0102_vanilla_original,116979,Bülent Ataman,https://www.wikidata.org/wiki/Q5005275,unique accent/order-insensitive token match; DOB distance 0 day(s)
cm0102_vanilla_original,116984,Bülent Bal,https://www.wikidata.org/wiki/Q5005274,unique accent/order-insensitive token match; DOB distance 0 day(s)
cm0102_vanilla_original,116985,Bülent Bölükbaşı,https://www.wikidata.org/wiki/Q370545,unique accent/order-insensitive token match; DOB distance 0 day(s)
cm0102_vanilla_original,116992,Bülent Ertuğrul,https://www.wikidata.org/wiki/Q526631,unique accent/order-insensitive token match; DOB distance 0 day(s)
cm0102_vanilla_original,116999,Bülent Karaman,https://www.wikidata.org/wiki/Q6102611,unique accent/order-insensitive token match; DOB distance 0 day(s)
cm0102_vanilla_original,117000,Bülent Korkmaz,https://www.wikidata.org/wiki/Q507832,unique accent/order-insensitive token match; DOB distance 0 day(s)
cm0102_vanilla_original,117008,Bülent Sevlü,https://www.wikidata.org/wiki/Q6072963,unique accent/order-insensitive token match; DOB distance 0 day(s)
cm0102_vanilla_original,117009,Bülent Şimşek,https://www.wikidata.org/wiki/Q6094796,unique accent/order-insensitive token match; DOB distance 0 day(s)
cm0102_vanilla_original,117013,Bülent Üçüncü,https://www.wikidata.org/wiki/Q5005289,unique accent/order-insensitive token match; DOB distance 0 day(s)
cm0102_vanilla_original,117014,Bülent Uygun,https://www.wikidata.org/wiki/Q1020698,unique accent/order-insensitive token match; DOB distance 0 day(s)
cm0102_vanilla_original,117016,Bülent Yenihayat,https://www.wikidata.org/wiki/Q126285515,unique accent/order-insensitive token match; DOB distance 1 day(s)
cm0102_vanilla_original,117023,Bünyamin Kubat,https://www.wikidata.org/wiki/Q20473773,unique accent/order-insensitive token match; DOB distance 0 day(s)
cm0102_vanilla_original,117027,Burak Akdiş,https://www.wikidata.org/wiki/Q1010172,unique accent/order-insensitive token match; DOB distance 0 day(s)
cm0102_vanilla_original,117046,Cafer Aydın,https://www.wikidata.org/wiki/Q6095911,unique accent/order-insensitive token match; DOB distance 0 day(s)
cm0102_vanilla_original,117053,Çağdaş Atan,https://www.wikidata.org/wiki/Q272727,unique accent/order-insensitive token match; DOB distance 0 day(s)
cm0102_vanilla_original,117067,Cahit Paşa,https://www.wikidata.org/wiki/Q5017432,unique accent/order-insensitive token match; DOB distance 0 day(s)
cm0102_vanilla_original,117082,Can Cumhur Bozacı,https://www.wikidata.org/wiki/Q118340917,unique accent/order-insensitive token match; DOB distance 0 day(s)
cm0102_vanilla_original,117089,Candan Sayın,https://www.wikidata.org/wiki/Q132967685,unique accent/order-insensitive token match; DOB distance 0 day(s)
cm0102_vanilla_original,117092,Caner Yılmaz,https://www.wikidata.org/wiki/Q132967670,unique accent/order-insensitive token match; DOB distance 0 day(s)
cm0102_vanilla_original,117129,Celil Sağır,https://www.wikidata.org/wiki/Q6079661,unique accent/order-insensitive token match; DOB distance 0 day(s)
cm0102_vanilla_original,117141,Cem Kargın,https://www.wikidata.org/wiki/Q5058615,unique accent/order-insensitive token match; DOB distance 0 day(s)
cm0102_vanilla_original,117147,Cem Koşanoğlu,https://www.wikidata.org/wiki/Q6074346,unique accent/order-insensitive token match; DOB distance 0 day(s)
cm0102_vanilla_original,117161,Cem Sinan Vergül,https://www.wikidata.org/wiki/Q6067519,unique accent/order-insensitive token match; DOB distance 0 day(s)
cm0102_vanilla_original,117193,Cengiz Alp,https://www.wikidata.org/wiki/Q6092694,unique accent/order-insensitive token match; DOB distance 0 day(s)
cm0102_vanilla_original,117197,Cengiz Atila,https://www.wikidata.org/wiki/Q6094097,unique accent/order-insensitive token match; DOB distance 0 day(s)
cm0102_vanilla_original,117211,Cengizhan Hınçal,https://www.wikidata.org/wiki/Q2944233,unique accent/order-insensitive token match; DOB distance 0 day(s)
cm0102_vanilla_original,117218,Cenk İşler,https://www.wikidata.org/wiki/Q824590,unique accent/order-insensitive token match; DOB distance 0 day(s)
cm0102_vanilla_original,117223,Cenk Tekelioğlu,https://www.wikidata.org/wiki/Q7459061,unique accent/order-insensitive token match; DOB distance 0 day(s)
cm0102_vanilla_original,117231,Aydın Çetin,https://www.wikidata.org/wiki/Q792893,unique accent/order-insensitive token match; DOB distance 0 day(s)
cm0102_vanilla_original,117234,Çetin Güner,https://www.wikidata.org/wiki/Q6104501,unique accent/order-insensitive token match; DOB distance 0 day(s)
cm0102_vanilla_original,117238,Çetin Limanoğlu,https://www.wikidata.org/wiki/Q134394835,unique accent/order-insensitive token match; DOB distance 0 day(s)
cm0102_vanilla_original,117268,Cihan Haspolatlı,https://www.wikidata.org/wiki/Q722056,unique accent/order-insensitive token match; DOB distance 0 day(s)
cm0102_vanilla_original,117273,Cihat Arslan,https://www.wikidata.org/wiki/Q2645475,unique accent/order-insensitive token match; DOB distance 0 day(s)
cm0102_vanilla_original,117296,Coşkun Yılmaz,https://www.wikidata.org/wiki/Q134396420,unique accent/order-insensitive token match; DOB distance 0 day(s)
cm0102_vanilla_original,117299,Coşkun Birdal,https://www.wikidata.org/wiki/Q5180176,unique accent/order-insensitive token match; DOB distance 0 day(s)
cm0102_vanilla_original,117317,Cüneyt Dumlupınar,https://www.wikidata.org/wiki/Q18415925,unique accent/order-insensitive token match; DOB distance 1 day(s)
cm0102_vanilla_original,117321,Cüneyt Kocabıçak,https://www.wikidata.org/wiki/Q1151074,unique accent/order-insensitive token match; DOB distance 0 day(s)
cm0102_vanilla_original,117327,Cüneyt Yis,https://www.wikidata.org/wiki/Q99673269,unique accent/order-insensitive token match; DOB distance 0 day(s)
cm0102_vanilla_original,117329,Ekrem Dağ,https://www.wikidata.org/wiki/Q697338,unique accent/order-insensitive token match; DOB distance 0 day(s)
cm0102_vanilla_original,117352,Ünal Demirkıran,https://www.wikidata.org/wiki/Q334912,unique accent/order-insensitive token match; DOB distance 0 day(s)
cm0102_vanilla_original,117356,Deniz Kibar,https://www.wikidata.org/wiki/Q133250232,unique accent/order-insensitive token match; DOB distance 0 day(s)
cm0102_vanilla_original,117358,Deniz Kolgu,https://www.wikidata.org/wiki/Q20476889,unique accent/order-insensitive token match; DOB distance 0 day(s)
cm0102_vanilla_original,117373,Devran Ayhan,https://www.wikidata.org/wiki/Q4059038,unique accent/order-insensitive token match; DOB distance 0 day(s)
cm0102_vanilla_original,117384,Rıdvan Dilmen,https://www.wikidata.org/wiki/Q1353591,unique accent/order-insensitive token match; DOB distance 0 day(s)
cm0102_vanilla_original,117397,Ersan Doğu,https://www.wikidata.org/wiki/Q5395762,unique accent/order-insensitive token match; DOB distance 0 day(s)
cm0102_vanilla_original,117409,Kenan Durmuşoğlu,https://www.wikidata.org/wiki/Q2183146,unique accent/order-insensitive token match; DOB distance 0 day(s)
cm0102_vanilla_original,117421,Cem Efe,https://www.wikidata.org/wiki/Q5058612,unique accent/order-insensitive token match; DOB distance 0 day(s)
cm0102_vanilla_original,117422,Efe İnanç,https://www.wikidata.org/wiki/Q1295771,unique accent/order-insensitive token match; DOB distance 0 day(s)
cm0102_vanilla_original,117424,Egemen Korkmaz,https://www.wikidata.org/wiki/Q1114411,unique accent/order-insensitive token match; DOB distance 0 day(s)
cm0102_vanilla_original,117440,Emin Taş,https://www.wikidata.org/wiki/Q6091645,unique accent/order-insensitive token match; DOB distance 0 day(s)
cm0102_vanilla_original,117446,Emrah Umut,https://www.wikidata.org/wiki/Q28836107,unique accent/order-insensitive token match; DOB distance 0 day(s)
cm0102_vanilla_original,117448,Emrah Bozkurt,https://www.wikidata.org/wiki/Q1339514,unique accent/order-insensitive token match; DOB distance 0 day(s)
cm0102_vanilla_original,117451,Emrah Eren,https://www.wikidata.org/wiki/Q1339529,unique accent/order-insensitive token match; DOB distance 0 day(s)
cm0102_vanilla_original,117462,Emre Aşık,https://www.wikidata.org/wiki/Q463358,unique accent/order-insensitive token match; DOB distance 0 day(s)
cm0102_vanilla_original,117464,Emre Belözoğlu,https://www.wikidata.org/wiki/Q202569,unique accent/order-insensitive token match; DOB distance 0 day(s)
cm0102_vanilla_original,117469,Emre Güngör,https://www.wikidata.org/wiki/Q441580,unique accent/order-insensitive token match; DOB distance 0 day(s)
cm0102_vanilla_original,117470,Emre Güsar,https://www.wikidata.org/wiki/Q99672561,unique accent/order-insensitive token match; DOB distance 0 day(s)
cm0102_vanilla_original,117479,Emre Toraman,https://www.wikidata.org/wiki/Q1339601,unique accent/order-insensitive token match; DOB distance 0 day(s)
cm0102_vanilla_original,117485,Emrehan Ceylan,https://www.wikidata.org/wiki/Q6047448,unique accent/order-insensitive token match; DOB distance 0 day(s)
cm0102_vanilla_original,117487,Ender Alkan,https://www.wikidata.org/wiki/Q5376054,unique accent/order-insensitive token match; DOB distance 0 day(s)
cm0102_vanilla_original,117511,Engin Özdemir,https://www.wikidata.org/wiki/Q6078657,unique accent/order-insensitive token match; DOB distance 0 day(s)
cm0102_vanilla_original,117512,Engin Öztonga,https://www.wikidata.org/wiki/Q5377636,unique accent/order-insensitive token match; DOB distance 0 day(s)
cm0102_vanilla_original,117515,Engin Sayan,https://www.wikidata.org/wiki/Q40454483,unique accent/order-insensitive token match; DOB distance 0 day(s)
cm0102_vanilla_original,117524,Ensar Hacımustafaoğlu,https://www.wikidata.org/wiki/Q134394832,unique accent/order-insensitive token match; DOB distance 0 day(s)
cm0102_vanilla_original,117531,Eray Er,https://www.wikidata.org/wiki/Q6068447,unique accent/order-insensitive token match; DOB distance 0 day(s)
cm0102_vanilla_original,117536,Erbil Uzel,https://www.wikidata.org/wiki/Q1348364,unique accent/order-insensitive token match; DOB distance 0 day(s)
cm0102_vanilla_original,117542,Ercan Agaçe,https://www.wikidata.org/wiki/Q135441374,unique accent/order-insensitive token match; DOB distance 0 day(s)
cm0102_vanilla_original,117557,Ercan Yıldız,https://www.wikidata.org/wiki/Q135112118,unique accent/order-insensitive token match; DOB distance 0 day(s)
cm0102_vanilla_original,117558,Aykut Erçetin,https://www.wikidata.org/wiki/Q729830,unique accent/order-insensitive token match; DOB distance 0 day(s)
cm0102_vanilla_original,117561,Ercüment Şahin,https://www.wikidata.org/wiki/Q725073,unique accent/order-insensitive token match; DOB distance 0 day(s)
cm0102_vanilla_original,117567,Erdal Güneş,https://www.wikidata.org/wiki/Q6103478,unique accent/order-insensitive token match; DOB distance 0 day(s)
cm0102_vanilla_original,117573,Erdal Sezek,https://www.wikidata.org/wiki/Q1348714,unique accent/order-insensitive token match; DOB distance 0 day(s)
cm0102_vanilla_original,117587,Erdinç Yavuz,https://www.wikidata.org/wiki/Q1349279,unique accent/order-insensitive token match; DOB distance 0 day(s)
cm0102_vanilla_original,117601,Eren Özen,https://www.wikidata.org/wiki/Q1350006,unique accent/order-insensitive token match; DOB distance 0 day(s)
cm0102_vanilla_original,117615,Ergün Penbe,https://www.wikidata.org/wiki/Q729999,unique accent/order-insensitive token match; DOB distance 0 day(s)
cm0102_vanilla_original,117617,Ergün Teber,https://www.wikidata.org/wiki/Q548218,unique accent/order-insensitive token match; DOB distance 0 day(s)
cm0102_vanilla_original,117627,Erhan Albayrak,https://www.wikidata.org/wiki/Q99321,unique accent/order-insensitive token match; DOB distance 0 day(s)
cm0102_vanilla_original,117637,Erhan Namlı,https://www.wikidata.org/wiki/Q5385859,unique accent/order-insensitive token match; DOB distance 0 day(s)
cm0102_vanilla_original,117645,Erhan Uyaroğlu,https://www.wikidata.org/wiki/Q19279202,unique accent/order-insensitive token match; DOB distance 0 day(s)
cm0102_vanilla_original,117647,Erhan Yıldırım,https://www.wikidata.org/wiki/Q6037198,unique accent/order-insensitive token match; DOB distance 0 day(s)
cm0102_vanilla_original,117650,Eriş Özkan,https://www.wikidata.org/wiki/Q5389625,unique accent/order-insensitive token match; DOB distance 0 day(s)
cm0102_vanilla_original,117658,Erkan Avseren,https://www.wikidata.org/wiki/Q6097297,unique accent/order-insensitive token match; DOB distance 0 day(s)
cm0102_vanilla_original,117667,Erkan Özbey,https://www.wikidata.org/wiki/Q759156,unique accent/order-insensitive token match; DOB distance 0 day(s)
cm0102_vanilla_original,117669,Erkan Sözeri,https://www.wikidata.org/wiki/Q6084146,unique accent/order-insensitive token match; DOB distance 0 day(s)
cm0102_vanilla_original,117680,Erman Özcan,https://www.wikidata.org/wiki/Q6082812,unique accent/order-insensitive token match; DOB distance 0 day(s)
cm0102_vanilla_original,117681,Erman Ergin,https://www.wikidata.org/wiki/Q1355829,unique accent/order-insensitive token match; DOB distance 0 day(s)
cm0102_vanilla_original,117682,Erman Güraçar,https://www.wikidata.org/wiki/Q5389872,unique accent/order-insensitive token match; DOB distance 0 day(s)
cm0102_vanilla_original,117685,Erman Özgür,https://www.wikidata.org/wiki/Q2542760,unique accent/order-insensitive token match; DOB distance 0 day(s)
cm0102_vanilla_original,117686,Erman Yıldırım,https://www.wikidata.org/wiki/Q6089137,unique accent/order-insensitive token match; DOB distance 0 day(s)
cm0102_vanilla_original,117692,Erol Bulut,https://www.wikidata.org/wiki/Q562157,unique accent/order-insensitive token match; DOB distance 1 day(s)
cm0102_vanilla_original,117710,Ersan Deniz,https://www.wikidata.org/wiki/Q130484554,unique accent/order-insensitive token match; DOB distance 0 day(s)
cm0102_vanilla_original,117723,Ersin Güreler,https://www.wikidata.org/wiki/Q10437767,unique accent/order-insensitive token match; DOB distance 0 day(s)
cm0102_vanilla_original,117726,Ersin Şahin,https://www.wikidata.org/wiki/Q6101581,unique accent/order-insensitive token match; DOB distance 0 day(s)
cm0102_vanilla_original,117738,Muhsin Ertuğral,https://www.wikidata.org/wiki/Q3070123,unique accent/order-insensitive token match; DOB distance 0 day(s)
cm0102_vanilla_original,117739,Ertuğrul Arslan,https://www.wikidata.org/wiki/Q5395921,unique accent/order-insensitive token match; DOB distance 0 day(s)
cm0102_vanilla_original,117741,Ertuğrul Sağlam,https://www.wikidata.org/wiki/Q250519,unique accent/order-insensitive token match; DOB distance 0 day(s)
cm0102_vanilla_original,117742,Ertuğrul Şerbetçi,https://www.wikidata.org/wiki/Q17045626,unique accent/order-insensitive token match; DOB distance 0 day(s)
cm0102_vanilla_original,117754,Eser Altın,https://www.wikidata.org/wiki/Q1367567,unique accent/order-insensitive token match; DOB distance 0 day(s)
cm0102_vanilla_original,117757,Eser Öztürk,https://www.wikidata.org/wiki/Q133849185,unique accent/order-insensitive token match; DOB distance 0 day(s)
cm0102_vanilla_original,117764,Evren Kürkçü,https://www.wikidata.org/wiki/Q6102138,unique accent/order-insensitive token match; DOB distance 0 day(s)
cm0102_vanilla_original,117775,Eyüp Kaymakçı,https://www.wikidata.org/wiki/Q6100971,unique accent/order-insensitive token match; DOB distance 0 day(s)
cm0102_vanilla_original,117779,Eyüphan Bayraktar,https://www.wikidata.org/wiki/Q134435773,unique accent/order-insensitive token match; DOB distance 0 day(s)
cm0102_vanilla_original,117783,Fadıl Koşutan,https://www.wikidata.org/wiki/Q109484378,unique accent/order-insensitive token match; DOB distance 0 day(s)
cm0102_vanilla_original,117790,Fahri Tatan,https://www.wikidata.org/wiki/Q178148,unique accent/order-insensitive token match; DOB distance 0 day(s)
cm0102_vanilla_original,117793,Fatih Şen,https://www.wikidata.org/wiki/Q1398126,unique accent/order-insensitive token match; DOB distance 0 day(s)
cm0102_vanilla_original,117801,Fatih Akyel,https://www.wikidata.org/wiki/Q614470,unique accent/order-insensitive token match; DOB distance 0 day(s)
cm0102_vanilla_original,117814,Fatih Egedik,https://www.wikidata.org/wiki/Q5437785,unique accent/order-insensitive token match; DOB distance 0 day(s)
cm0102_vanilla_original,117835,Fatih Sarı,https://www.wikidata.org/wiki/Q17046278,unique accent/order-insensitive token match; DOB distance 0 day(s)
cm0102_vanilla_original,117841,Fatih Tekke,https://www.wikidata.org/wiki/Q559158,unique accent/order-insensitive token match; DOB distance 0 day(s)
cm0102_vanilla_original,117847,Fatih Serkan Albayrak,https://www.wikidata.org/wiki/Q134378649,unique accent/order-insensitive token match; DOB distance 0 day(s)
cm0102_vanilla_original,117848,Fazlı Ulusal,https://www.wikidata.org/wiki/Q6094146,unique accent/order-insensitive token match; DOB distance 0 day(s)
cm0102_vanilla_original,117849,Fazlı Ulusoy,https://www.wikidata.org/wiki/Q12809527,unique accent/order-insensitive token match; DOB distance 0 day(s)
cm0102_vanilla_original,117867,Ferit Cömert,https://www.wikidata.org/wiki/Q1406339,unique accent/order-insensitive token match; DOB distance 0 day(s)
cm0102_vanilla_original,117877,Fevzi Elmas,https://www.wikidata.org/wiki/Q349941,unique accent/order-insensitive token match; DOB distance 0 day(s)
cm0102_vanilla_original,117878,Fevzi Korkmaz,https://www.wikidata.org/wiki/Q6069757,unique accent/order-insensitive token match; DOB distance 0 day(s)
cm0102_vanilla_original,117881,Fevzi Tuncay,https://www.wikidata.org/wiki/Q1343408,unique accent/order-insensitive token match; DOB distance 0 day(s)
cm0102_vanilla_original,117885,Fikret Acuner,https://www.wikidata.org/wiki/Q134378661,unique accent/order-insensitive token match; DOB distance 0 day(s)
cm0102_vanilla_original,117886,Fikret Bademci,https://www.wikidata.org/wiki/Q6081845,unique accent/order-insensitive token match; DOB distance 0 day(s)
cm0102_vanilla_original,117895,Fırat Akkoyun,https://www.wikidata.org/wiki/Q5511809,unique accent/order-insensitive token match; DOB distance 0 day(s)
cm0102_vanilla_original,117906,Fuat Buruk,https://www.wikidata.org/wiki/Q15280453,unique accent/order-insensitive token match; DOB distance 0 day(s)
cm0102_vanilla_original,117914,Furkan Baştan,https://www.wikidata.org/wiki/Q6083474,unique accent/order-insensitive token match; DOB distance 0 day(s)
cm0102_vanilla_original,117919,Galip Acuner,https://www.wikidata.org/wiki/Q134400493,unique accent/order-insensitive token match; DOB distance 0 day(s)
cm0102_vanilla_original,117934,Gökdeniz Karadeniz,https://www.wikidata.org/wiki/Q352815,unique accent/order-insensitive token match; DOB distance 0 day(s)
cm0102_vanilla_original,117935,Gökhan Kaba,https://www.wikidata.org/wiki/Q1559266,unique accent/order-insensitive token match; DOB distance 0 day(s)
cm0102_vanilla_original,117945,Gökhan Bozkaya,https://www.wikidata.org/wiki/Q5626475,unique accent/order-insensitive token match; DOB distance 0 day(s)
cm0102_vanilla_original,117948,Gökhan Çalışal,https://www.wikidata.org/wiki/Q5626480,unique accent/order-insensitive token match; DOB distance 0 day(s)
cm0102_vanilla_original,117955,Gökhan Günay,https://www.wikidata.org/wiki/Q134416684,unique accent/order-insensitive token match; DOB distance 0 day(s)
cm0102_vanilla_original,117963,Gökhan Kök,https://www.wikidata.org/wiki/Q5626479,unique accent/order-insensitive token match; DOB distance 0 day(s)
cm0102_vanilla_original,117965,Gökhan Kolomoç,https://www.wikidata.org/wiki/Q134301703,unique accent/order-insensitive token match; DOB distance 0 day(s)
cm0102_vanilla_original,117975,Gökhan Tokgöz,https://www.wikidata.org/wiki/Q5626484,unique accent/order-insensitive token match; DOB distance 0 day(s)
cm0102_vanilla_original,117976,Gökhan Ünal,https://www.wikidata.org/wiki/Q767468,unique accent/order-insensitive token match; DOB distance 0 day(s)
cm0102_vanilla_original,117982,Gökhan Zan,https://www.wikidata.org/wiki/Q259179,unique accent/order-insensitive token match; DOB distance 0 day(s)
cm0102_vanilla_original,117992,Gökmen Kore,https://www.wikidata.org/wiki/Q64514487,unique accent/order-insensitive token match; DOB distance 0 day(s)
cm0102_vanilla_original,117994,Gökmen Yıldıran,https://www.wikidata.org/wiki/Q99542993,unique accent/order-insensitive token match; DOB distance 0 day(s)
cm0102_vanilla_original,117996,Göksel Akıncı,https://www.wikidata.org/wiki/Q6103142,unique accent/order-insensitive token match; DOB distance 0 day(s)
cm0102_vanilla_original,118030,Özkan Gümüş,https://www.wikidata.org/wiki/Q17417972,unique accent/order-insensitive token match; DOB distance 0 day(s)
cm0102_vanilla_original,118059,Güngör Öztürk,https://www.wikidata.org/wiki/Q102696187,unique accent/order-insensitive token match; DOB distance 0 day(s)
cm0102_vanilla_original,118067,Güray Gündoğdu,https://www.wikidata.org/wiki/Q6100510,unique accent/order-insensitive token match; DOB distance 0 day(s)
cm0102_vanilla_original,118080,Gürkan Ekren,https://www.wikidata.org/wiki/Q5627138,unique accent/order-insensitive token match; DOB distance 0 day(s)
cm0102_vanilla_original,118084,Gürol Azer,https://www.wikidata.org/wiki/Q10397035,unique accent/order-insensitive token match; DOB distance 0 day(s)
cm0102_vanilla_original,118102,Güven Varol,https://www.wikidata.org/wiki/Q1562318,unique accent/order-insensitive token match; DOB distance 0 day(s)
cm0102_vanilla_original,118123,Hakan Akbulut,https://www.wikidata.org/wiki/Q139595197,unique accent/order-insensitive token match; DOB distance 0 day(s)
cm0102_vanilla_original,118131,Hakan Bayraktar,https://www.wikidata.org/wiki/Q134422407,unique accent/order-insensitive token match; DOB distance 0 day(s)
cm0102_vanilla_original,118132,Hakan Biçici,https://www.wikidata.org/wiki/Q137441153,unique accent/order-insensitive token match; DOB distance 0 day(s)
cm0102_vanilla_original,118134,Hakan Çalışkan,https://www.wikidata.org/wiki/Q6100343,unique accent/order-insensitive token match; DOB distance 0 day(s)
cm0102_vanilla_original,118146,Hakan Dolutaş,https://www.wikidata.org/wiki/Q6095292,unique accent/order-insensitive token match; DOB distance 0 day(s)
cm0102_vanilla_original,118170,Hakan Kaygusuz,https://www.wikidata.org/wiki/Q23920541,unique accent/order-insensitive token match; DOB distance 0 day(s)
cm0102_vanilla_original,118171,Hakan Keleş,https://www.wikidata.org/wiki/Q6077849,unique accent/order-insensitive token match; DOB distance 0 day(s)
cm0102_vanilla_original,118179,Hakan Kutlu,https://www.wikidata.org/wiki/Q1569830,unique accent/order-insensitive token match; DOB distance 0 day(s)
cm0102_vanilla_original,118186,Hakan Özlü,https://www.wikidata.org/wiki/Q134597355,unique accent/order-insensitive token match; DOB distance 0 day(s)
cm0102_vanilla_original,118192,Hakan Saral,https://www.wikidata.org/wiki/Q134394829,unique accent/order-insensitive token match; DOB distance 0 day(s)
cm0102_vanilla_original,118197,Hakan Şükür,https://www.wikidata.org/wiki/Q192974,unique accent/order-insensitive token match; DOB distance 0 day(s)
cm0102_vanilla_original,118200,Hakan Tüfekçi,https://www.wikidata.org/wiki/Q134469042,unique accent/order-insensitive token match; DOB distance 0 day(s)
cm0102_vanilla_original,118210,Hakkı Daş,https://www.wikidata.org/wiki/Q132633401,unique accent/order-insensitive token match; DOB distance 0 day(s)
cm0102_vanilla_original,118211,Hakkı Hocaoğlu,https://www.wikidata.org/wiki/Q5640549,unique accent/order-insensitive token match; DOB distance 0 day(s)
cm0102_vanilla_original,118219,Halil İbrahim Kara,https://www.wikidata.org/wiki/Q6096940,unique accent/order-insensitive token match; DOB distance 0 day(s)
cm0102_vanilla_original,118223,Halim Okta,https://www.wikidata.org/wiki/Q97237023,unique accent/order-insensitive token match; DOB distance 1 day(s)
cm0102_vanilla_original,118228,Haluk Güngör,https://www.wikidata.org/wiki/Q15819107,unique accent/order-insensitive token match; DOB distance 0 day(s)
cm0102_vanilla_original,118230,Haluk Tanrıseven,https://www.wikidata.org/wiki/Q6103322,unique accent/order-insensitive token match; DOB distance 0 day(s)
cm0102_vanilla_original,118239,Hamit Yüksel,https://www.wikidata.org/wiki/Q107452783,unique accent/order-insensitive token match; DOB distance 0 day(s)
cm0102_vanilla_original,118261,Hayati Köse,https://www.wikidata.org/wiki/Q133989696,unique accent/order-insensitive token match; DOB distance 0 day(s)
cm0102_vanilla_original,118262,Hayati Palancı,https://www.wikidata.org/wiki/Q21097889,unique accent/order-insensitive token match; DOB distance 0 day(s)
cm0102_vanilla_original,118281,Hürriyet Gücer,https://www.wikidata.org/wiki/Q548270,unique accent/order-insensitive token match; DOB distance 0 day(s)
cm0102_vanilla_original,118314,Hüseyin Öztürk,https://www.wikidata.org/wiki/Q134422404,unique accent/order-insensitive token match; DOB distance 0 day(s)
cm0102_vanilla_original,118327,Hüseyin Ulusal,https://www.wikidata.org/wiki/Q17045801,unique accent/order-insensitive token match; DOB distance 0 day(s)
cm0102_vanilla_original,118330,Hüseyin Yoğurtçu,https://www.wikidata.org/wiki/Q1652495,unique accent/order-insensitive token match; DOB distance 0 day(s)
cm0102_vanilla_original,118333,Hüsnü Zeybekoğlu,https://www.wikidata.org/wiki/Q5965017,unique accent/order-insensitive token match; DOB distance 0 day(s)
cm0102_vanilla_original,118339,İhsan Okay,https://www.wikidata.org/wiki/Q6046258,unique accent/order-insensitive token match; DOB distance 0 day(s)
cm0102_vanilla_original,118342,İhsan Burak Özsaraç,https://www.wikidata.org/wiki/Q1010206,unique accent/order-insensitive token match; DOB distance 0 day(s)
cm0102_vanilla_original,118352,İlhan Mansız,https://www.wikidata.org/wiki/Q315309,unique accent/order-insensitive token match; DOB distance 0 day(s)
cm0102_vanilla_original,118353,İlhan Özbay,https://www.wikidata.org/wiki/Q343704,unique accent/order-insensitive token match; DOB distance 0 day(s)
cm0102_vanilla_original,118356,İlhan Palut,https://www.wikidata.org/wiki/Q78498047,unique accent/order-insensitive token match; DOB distance 0 day(s)
cm0102_vanilla_original,118357,İlhan Şahin,https://www.wikidata.org/wiki/Q343716,unique accent/order-insensitive token match; DOB distance 0 day(s)
cm0102_vanilla_original,118358,İlhan Sancaktar,https://www.wikidata.org/wiki/Q774601,unique accent/order-insensitive token match; DOB distance 0 day(s)
cm0102_vanilla_original,118359,İlhan Ummak,https://www.wikidata.org/wiki/Q343671,unique accent/order-insensitive token match; DOB distance 0 day(s)
cm0102_vanilla_original,118362,İlkan Aksoy,https://www.wikidata.org/wiki/Q132967667,unique accent/order-insensitive token match; DOB distance 0 day(s)
cm0102_vanilla_original,118364,İlkay Margılıçlı,https://www.wikidata.org/wiki/Q6102054,unique accent/order-insensitive token match; DOB distance 0 day(s)
cm0102_vanilla_original,118367,İlkem Özkaynak,https://www.wikidata.org/wiki/Q343789,unique accent/order-insensitive token match; DOB distance 0 day(s)
cm0102_vanilla_original,118369,İlker Avcıbay,https://www.wikidata.org/wiki/Q343801,unique accent/order-insensitive token match; DOB distance 0 day(s)
cm0102_vanilla_original,118375,İlker Erdem,https://www.wikidata.org/wiki/Q134378664,unique accent/order-insensitive token match; DOB distance 0 day(s)
cm0102_vanilla_original,118384,İlker Yağcıoğlu,https://www.wikidata.org/wiki/Q343818,unique accent/order-insensitive token match; DOB distance 0 day(s)
cm0102_vanilla_original,118390,İlyas Kahraman,https://www.wikidata.org/wiki/Q3148834,unique accent/order-insensitive token match; DOB distance 0 day(s)
cm0102_vanilla_original,118392,İmdat Arslan,https://www.wikidata.org/wiki/Q20477044,unique accent/order-insensitive token match; DOB distance 0 day(s)
cm0102_vanilla_original,118403,Uğur İnceman,https://www.wikidata.org/wiki/Q71403,unique accent/order-insensitive token match; DOB distance 0 day(s)
cm0102_vanilla_original,118413,İskender Eroğlu,https://www.wikidata.org/wiki/Q133890104,unique accent/order-insensitive token match; DOB distance 0 day(s)
cm0102_vanilla_original,118415,İskender Köksal,https://www.wikidata.org/wiki/Q8080193,unique accent/order-insensitive token match; DOB distance 0 day(s)
cm0102_vanilla_original,118416,Cem İslamoğlu,https://www.wikidata.org/wiki/Q1053271,unique accent/order-insensitive token match; DOB distance 0 day(s)
cm0102_vanilla_original,118422,İsmet Taşdemir,https://www.wikidata.org/wiki/Q6100996,unique accent/order-insensitive token match; DOB distance 0 day(s)
cm0102_vanilla_original,118428,İzzet Kaya,https://www.wikidata.org/wiki/Q8080277,unique accent/order-insensitive token match; DOB distance 0 day(s)
cm0102_vanilla_original,118430,Muzzy İzzet,https://www.wikidata.org/wiki/Q740385,unique accent/order-insensitive token match; DOB distance 0 day(s)
cm0102_vanilla_original,118438,Kadri Sancak,https://www.wikidata.org/wiki/Q99672492,unique accent/order-insensitive token match; DOB distance 0 day(s)
cm0102_vanilla_original,118447,Kamber Arslan,https://www.wikidata.org/wiki/Q1722875,unique accent/order-insensitive token match; DOB distance 0 day(s)
cm0102_vanilla_original,118487,Kasım Çıkla,https://www.wikidata.org/wiki/Q6093960,unique accent/order-insensitive token match; DOB distance 0 day(s)
cm0102_vanilla_original,118500,Burhanettin Kaymak,https://www.wikidata.org/wiki/Q823922,unique accent/order-insensitive token match; DOB distance 0 day(s)
cm0102_vanilla_original,118509,Kâzım Sarı,https://www.wikidata.org/wiki/Q1737597,unique accent/order-insensitive token match; DOB distance 0 day(s)
cm0102_vanilla_original,118511,Kemal Aslan,https://www.wikidata.org/wiki/Q716673,unique accent/order-insensitive token match; DOB distance 0 day(s)
cm0102_vanilla_original,118514,Kemal Dulda,https://www.wikidata.org/wiki/Q6386823,unique accent/order-insensitive token match; DOB distance 0 day(s)
cm0102_vanilla_original,118518,Kemal Karakaş,https://www.wikidata.org/wiki/Q132967662,unique accent/order-insensitive token match; DOB distance 0 day(s)
cm0102_vanilla_original,118523,Kemal Özyurt,https://www.wikidata.org/wiki/Q6102230,unique accent/order-insensitive token match; DOB distance 0 day(s)
cm0102_vanilla_original,118529,Kemalettin Şentürk,https://www.wikidata.org/wiki/Q581247,unique accent/order-insensitive token match; DOB distance 0 day(s)
cm0102_vanilla_original,118532,Kenan Arayıcı,https://www.wikidata.org/wiki/Q99673251,unique accent/order-insensitive token match; DOB distance 0 day(s)
cm0102_vanilla_original,118533,Kenan Aşkan,https://www.wikidata.org/wiki/Q15859584,unique accent/order-insensitive token match; DOB distance 0 day(s)
cm0102_vanilla_original,118534,Kenan Aslanoğlu,https://www.wikidata.org/wiki/Q656673,unique accent/order-insensitive token match; DOB distance 0 day(s)
cm0102_vanilla_original,118535,Kenan Başkan,https://www.wikidata.org/wiki/Q130484532,unique accent/order-insensitive token match; DOB distance 0 day(s)
cm0102_vanilla_original,118544,Kenan Yelek,https://www.wikidata.org/wiki/Q3737282,unique accent/order-insensitive token match; DOB distance 0 day(s)
cm0102_vanilla_original,118549,Kerem İnan,https://www.wikidata.org/wiki/Q558754,unique accent/order-insensitive token match; DOB distance 0 day(s)
cm0102_vanilla_original,118559,Tugay Kerimoğlu,https://www.wikidata.org/wiki/Q347045,unique accent/order-insensitive token match; DOB distance 0 day(s)
cm0102_vanilla_original,118575,Kılıçarslan Kopuz,https://www.wikidata.org/wiki/Q6099633,unique accent/order-insensitive token match; DOB distance 0 day(s)
cm0102_vanilla_original,118605,Koray Avcı,https://www.wikidata.org/wiki/Q326854,unique accent/order-insensitive token match; DOB distance 0 day(s)
cm0102_vanilla_original,118616,Korhan Öztürk,https://www.wikidata.org/wiki/Q6432248,unique accent/order-insensitive token match; DOB distance 0 day(s)
cm0102_vanilla_original,118618,Tayfun Korkut,https://www.wikidata.org/wiki/Q708808,unique accent/order-insensitive token match; DOB distance 0 day(s)
cm0102_vanilla_original,118623,Kubilay Aydın,https://www.wikidata.org/wiki/Q15859771,unique accent/order-insensitive token match; DOB distance 0 day(s)
cm0102_vanilla_original,118627,Kubilay Toptaş,https://www.wikidata.org/wiki/Q2115070,unique accent/order-insensitive token match; DOB distance 0 day(s)
cm0102_vanilla_original,118645,Kürşat Duymuş,https://www.wikidata.org/wiki/Q523813,unique accent/order-insensitive token match; DOB distance 0 day(s)
cm0102_vanilla_original,118651,Kurthan Yılmaz,https://www.wikidata.org/wiki/Q56173928,unique accent/order-insensitive token match; DOB distance 0 day(s)
cm0102_vanilla_original,118660,Levent Açıkgöz,https://www.wikidata.org/wiki/Q17045898,unique accent/order-insensitive token match; DOB distance 0 day(s)
cm0102_vanilla_original,118669,Levent Demiray,https://www.wikidata.org/wiki/Q12810611,unique accent/order-insensitive token match; DOB distance 0 day(s)
cm0102_vanilla_original,118670,Levent Devrim,https://www.wikidata.org/wiki/Q1821769,unique accent/order-insensitive token match; DOB distance 0 day(s)
cm0102_vanilla_original,118677,Levent Kartop,https://www.wikidata.org/wiki/Q4820125,unique accent/order-insensitive token match; DOB distance 0 day(s)
cm0102_vanilla_original,118685,Levent Taşkın,https://www.wikidata.org/wiki/Q6084650,unique accent/order-insensitive token match; DOB distance 0 day(s)
cm0102_vanilla_original,118700,Mahmut Hoşgiz,https://www.wikidata.org/wiki/Q6734655,unique accent/order-insensitive token match; DOB distance 0 day(s)
cm0102_vanilla_original,118701,Mahmut Karıklar,https://www.wikidata.org/wiki/Q6074327,unique accent/order-insensitive token match; DOB distance 0 day(s)
cm0102_vanilla_original,118708,Mahmut Hanefi Erdoğdu,https://www.wikidata.org/wiki/Q175335,unique accent/order-insensitive token match; DOB distance 0 day(s)
cm0102_vanilla_original,118714,Mehmet Yılmaz,https://www.wikidata.org/wiki/Q344206,unique accent/order-insensitive token match; DOB distance 0 day(s)
cm0102_vanilla_original,118715,Mehmet Yılmaz,https://www.wikidata.org/wiki/Q6103341,unique accent/order-insensitive token match; DOB distance 0 day(s)
cm0102_vanilla_original,118716,Mehmet Şen,https://www.wikidata.org/wiki/Q6102832,unique accent/order-insensitive token match; DOB distance 0 day(s)
cm0102_vanilla_original,118718,Mehmet Nas,https://www.wikidata.org/wiki/Q277944,unique accent/order-insensitive token match; DOB distance 0 day(s)
cm0102_vanilla_original,118743,Mehmet Budak,https://www.wikidata.org/wiki/Q10397140,unique accent/order-insensitive token match; DOB distance 0 day(s)
cm0102_vanilla_original,118745,Mehmet Çetinkaya,https://www.wikidata.org/wiki/Q116732594,unique accent/order-insensitive token match; DOB distance 0 day(s)
cm0102_vanilla_original,118747,Mehmet Çoğum,https://www.wikidata.org/wiki/Q1716782,unique accent/order-insensitive token match; DOB distance 0 day(s)
cm0102_vanilla_original,118748,Mehmet Çolak,https://www.wikidata.org/wiki/Q6092540,unique accent/order-insensitive token match; DOB distance 0 day(s)
cm0102_vanilla_original,118757,Mehmet Duymazer,https://www.wikidata.org/wiki/Q3304543,unique accent/order-insensitive token match; DOB distance 0 day(s)
cm0102_vanilla_original,118760,Mehmet Gönülaçar,https://www.wikidata.org/wiki/Q6094253,unique accent/order-insensitive token match; DOB distance 0 day(s)
cm0102_vanilla_original,118766,Mehmet İpek,https://www.wikidata.org/wiki/Q134301793,unique accent/order-insensitive token match; DOB distance 0 day(s)
cm0102_vanilla_original,118770,Mehmet Kahriman,https://www.wikidata.org/wiki/Q6102713,unique accent/order-insensitive token match; DOB distance 0 day(s)
cm0102_vanilla_original,118783,Mehmet Öncan,https://www.wikidata.org/wiki/Q6053804,unique accent/order-insensitive token match; DOB distance 0 day(s)
cm0102_vanilla_original,118787,Mehmet Özkul,https://www.wikidata.org/wiki/Q82950865,unique accent/order-insensitive token match; DOB distance 0 day(s)
cm0102_vanilla_original,118788,Mehmet Polat,https://www.wikidata.org/wiki/Q3545241,unique accent/order-insensitive token match; DOB distance 0 day(s)
cm0102_vanilla_original,118793,Mehmet Şimşek,https://www.wikidata.org/wiki/Q17046046,unique accent/order-insensitive token match; DOB distance 0 day(s)
cm0102_vanilla_original,118797,Mehmet Tezcan,https://www.wikidata.org/wiki/Q6059193,unique accent/order-insensitive token match; DOB distance 0 day(s)
cm0102_vanilla_original,118799,Mehmet Topuz,https://www.wikidata.org/wiki/Q951211,unique accent/order-insensitive token match; DOB distance 0 day(s)
cm0102_vanilla_original,118800,Mehmet Türkmehmet,https://www.wikidata.org/wiki/Q1917362,unique accent/order-insensitive token match; DOB distance 0 day(s)
cm0102_vanilla_original,118806,Mehmet Yener,https://www.wikidata.org/wiki/Q134416686,unique accent/order-insensitive token match; DOB distance 0 day(s)
cm0102_vanilla_original,118814,Mehmet Yıldız,https://www.wikidata.org/wiki/Q371492,unique accent/order-insensitive token match; DOB distance 0 day(s)
cm0102_vanilla_original,118815,Mehmet Yozgatlı,https://www.wikidata.org/wiki/Q544714,unique accent/order-insensitive token match; DOB distance 0 day(s)
cm0102_vanilla_original,118827,Mehmet Ali Tunç,https://www.wikidata.org/wiki/Q1402703,unique accent/order-insensitive token match; DOB distance 0 day(s)
cm0102_vanilla_original,118853,Merthan Açıl,https://www.wikidata.org/wiki/Q1242664,unique accent/order-insensitive token match; DOB distance 0 day(s)
cm0102_vanilla_original,118860,Mesut Dilsöz,https://www.wikidata.org/wiki/Q19611967,unique accent/order-insensitive token match; DOB distance 0 day(s)
cm0102_vanilla_original,118863,Mesut Kumcuoğlu,https://www.wikidata.org/wiki/Q1924613,unique accent/order-insensitive token match; DOB distance 0 day(s)
cm0102_vanilla_original,118867,Mesut Ünal,https://www.wikidata.org/wiki/Q27055380,unique accent/order-insensitive token match; DOB distance 0 day(s)
cm0102_vanilla_original,118882,Mithat Yavaş,https://www.wikidata.org/wiki/Q6102942,unique accent/order-insensitive token match; DOB distance 0 day(s)
cm0102_vanilla_original,118886,Muammer Sürmeli,https://www.wikidata.org/wiki/Q6080971,unique accent/order-insensitive token match; DOB distance 0 day(s)
cm0102_vanilla_original,118889,Mücahit Dönmez,https://www.wikidata.org/wiki/Q97667375,unique accent/order-insensitive token match; DOB distance 0 day(s)
cm0102_vanilla_original,118895,Muhammet Özdin,https://www.wikidata.org/wiki/Q1951919,unique accent/order-insensitive token match; DOB distance 0 day(s)
cm0102_vanilla_original,118896,Muhammet Şeker,https://www.wikidata.org/wiki/Q6049439,unique accent/order-insensitive token match; DOB distance 0 day(s)
cm0102_vanilla_original,118906,Muharrem Kasa,https://www.wikidata.org/wiki/Q15136493,unique accent/order-insensitive token match; DOB distance 0 day(s)
cm0102_vanilla_original,118919,Murat İbrahim Uslu,https://www.wikidata.org/wiki/Q6937446,unique accent/order-insensitive token match; DOB distance 0 day(s)
cm0102_vanilla_original,118924,Müslüm Can,https://www.wikidata.org/wiki/Q6950588,unique accent/order-insensitive token match; DOB distance 0 day(s)
cm0102_vanilla_original,118932,Mustafa Tuna Kaya,https://www.wikidata.org/wiki/Q683426,unique accent/order-insensitive token match; DOB distance 0 day(s)
cm0102_vanilla_original,118933,Mustafa Ulaş Ortakaya,https://www.wikidata.org/wiki/Q6943339,unique accent/order-insensitive token match; DOB distance 0 day(s)
cm0102_vanilla_original,118935,Mutlu Dervişoğlu,https://www.wikidata.org/wiki/Q6943982,unique accent/order-insensitive token match; DOB distance 0 day(s)
cm0102_vanilla_original,118940,Mutlu Kızıltan,https://www.wikidata.org/wiki/Q6084402,unique accent/order-insensitive token match; DOB distance 0 day(s)
cm0102_vanilla_original,118942,Mutlu Topçu,https://www.wikidata.org/wiki/Q10433617,unique accent/order-insensitive token match; DOB distance 0 day(s)
cm0102_vanilla_original,118945,Muzaffer Akdoğan,https://www.wikidata.org/wiki/Q125147430,unique accent/order-insensitive token match; DOB distance 0 day(s)
cm0102_vanilla_original,118946,Muzaffer Bilazer,https://www.wikidata.org/wiki/Q6098157,unique accent/order-insensitive token match; DOB distance 0 day(s)
cm0102_vanilla_original,118950,Muzaffer Taşkın,https://www.wikidata.org/wiki/Q20472946,unique accent/order-insensitive token match; DOB distance 0 day(s)
cm0102_vanilla_original,118966,Necat Aygün,https://www.wikidata.org/wiki/Q322906,unique accent/order-insensitive token match; DOB distance 0 day(s)
cm0102_vanilla_original,118968,Necat Barut,https://www.wikidata.org/wiki/Q6055041,unique accent/order-insensitive token match; DOB distance 0 day(s)
cm0102_vanilla_original,118970,Necati Ateş,https://www.wikidata.org/wiki/Q787437,unique accent/order-insensitive token match; DOB distance 0 day(s)
cm0102_vanilla_original,118983,Nedim Yiğit,https://www.wikidata.org/wiki/Q17046520,unique accent/order-insensitive token match; DOB distance 0 day(s)
cm0102_vanilla_original,118984,Nejat Özyıldırım,https://www.wikidata.org/wiki/Q17046190,unique accent/order-insensitive token match; DOB distance 0 day(s)
cm0102_vanilla_original,118986,Nesim Özgür,https://www.wikidata.org/wiki/Q3874867,unique accent/order-insensitive token match; DOB distance 0 day(s)
cm0102_vanilla_original,118987,Nevzat Dinçbudak,https://www.wikidata.org/wiki/Q12811133,unique accent/order-insensitive token match; DOB distance 0 day(s)
cm0102_vanilla_original,118992,Nihat Baştürk,https://www.wikidata.org/wiki/Q3177600,unique accent/order-insensitive token match; DOB distance 0 day(s)
cm0102_vanilla_original,118997,Nihat Tümkaya,https://www.wikidata.org/wiki/Q17046206,unique accent/order-insensitive token match; DOB distance 0 day(s)
cm0102_vanilla_original,119001,Niyazi Güney,https://www.wikidata.org/wiki/Q6095150,unique accent/order-insensitive token match; DOB distance 0 day(s)
cm0102_vanilla_original,119009,Nuri Yılmaz,https://www.wikidata.org/wiki/Q134316870,unique accent/order-insensitive token match; DOB distance 0 day(s)
cm0102_vanilla_original,119013,Nuri Kamburoğlu,https://www.wikidata.org/wiki/Q12811194,unique accent/order-insensitive token match; DOB distance 0 day(s)
cm0102_vanilla_original,119015,Nuri Şamlı,https://www.wikidata.org/wiki/Q134378679,unique accent/order-insensitive token match; DOB distance 0 day(s)
cm0102_vanilla_original,119022,Ahmet Öcal,https://www.wikidata.org/wiki/Q4696210,unique accent/order-insensitive token match; DOB distance 0 day(s)
cm0102_vanilla_original,119029,Ogün Temizkanoğlu,https://www.wikidata.org/wiki/Q1366156,unique accent/order-insensitive token match; DOB distance 0 day(s)
cm0102_vanilla_original,119031,Oğuz Dağlaroğlu,https://www.wikidata.org/wiki/Q2043168,unique accent/order-insensitive token match; DOB distance 0 day(s)
cm0102_vanilla_original,119039,Okan Yılmaz,https://www.wikidata.org/wiki/Q942014,unique accent/order-insensitive token match; DOB distance 0 day(s)
cm0102_vanilla_original,119042,Okan Buruk,https://www.wikidata.org/wiki/Q444318,unique accent/order-insensitive token match; DOB distance 0 day(s)
cm0102_vanilla_original,119043,Okan Çebi,https://www.wikidata.org/wiki/Q134378660,unique accent/order-insensitive token match; DOB distance 0 day(s)
cm0102_vanilla_original,119045,Okan Koç,https://www.wikidata.org/wiki/Q2017091,unique accent/order-insensitive token match; DOB distance 0 day(s)
cm0102_vanilla_original,119047,Okan Özke,https://www.wikidata.org/wiki/Q6098876,unique accent/order-insensitive token match; DOB distance 0 day(s)
cm0102_vanilla_original,119048,Okan Öztürk,https://www.wikidata.org/wiki/Q7081769,unique accent/order-insensitive token match; DOB distance 0 day(s)
cm0102_vanilla_original,119069,Oktay Derelioğlu,https://www.wikidata.org/wiki/Q782070,unique accent/order-insensitive token match; DOB distance 0 day(s)
cm0102_vanilla_original,119071,Oktay Kuday,https://www.wikidata.org/wiki/Q7082662,unique accent/order-insensitive token match; DOB distance 0 day(s)
cm0102_vanilla_original,119082,Ömer Erdoğan,https://www.wikidata.org/wiki/Q297471,unique accent/order-insensitive token match; DOB distance 0 day(s)
cm0102_vanilla_original,119084,Ömer Ateş,https://www.wikidata.org/wiki/Q297447,unique accent/order-insensitive token match; DOB distance 0 day(s)
cm0102_vanilla_original,119087,Ömer Çatkıç,https://www.wikidata.org/wiki/Q297526,unique accent/order-insensitive token match; DOB distance 0 day(s)
cm0102_vanilla_original,119094,Ömer Hacısalihoğlu,https://www.wikidata.org/wiki/Q6102699,unique accent/order-insensitive token match; DOB distance 0 day(s)
cm0102_vanilla_original,119096,Ömer Karabacak,https://www.wikidata.org/wiki/Q18633307,unique accent/order-insensitive token match; DOB distance 0 day(s)
cm0102_vanilla_original,119098,Ömer Kılıç,https://www.wikidata.org/wiki/Q2606385,unique accent/order-insensitive token match; DOB distance 0 day(s)
cm0102_vanilla_original,119131,Onur Acar,https://www.wikidata.org/wiki/Q7095093,unique accent/order-insensitive token match; DOB distance 0 day(s)
cm0102_vanilla_original,119137,Onur İçli,https://www.wikidata.org/wiki/Q7095097,unique accent/order-insensitive token match; DOB distance 0 day(s)
cm0102_vanilla_original,119153,Orkun Uşak,https://www.wikidata.org/wiki/Q931253,unique accent/order-insensitive token match; DOB distance 0 day(s)
cm0102_vanilla_original,119160,Alpay Özalan,https://www.wikidata.org/wiki/Q435749,unique accent/order-insensitive token match; DOB distance 0 day(s)
cm0102_vanilla_original,119186,Özden Öngün,https://www.wikidata.org/wiki/Q307761,unique accent/order-insensitive token match; DOB distance 0 day(s)
cm0102_vanilla_original,119215,Özgür Ergün,https://www.wikidata.org/wiki/Q6100449,unique accent/order-insensitive token match; DOB distance 0 day(s)
cm0102_vanilla_original,119228,Özgür Öcal,https://www.wikidata.org/wiki/Q307863,unique accent/order-insensitive token match; DOB distance 0 day(s)
cm0102_vanilla_original,119234,Özgür Yıldırım,https://www.wikidata.org/wiki/Q307848,unique accent/order-insensitive token match; DOB distance 0 day(s)
cm0102_vanilla_original,119244,Özkan Karslı,https://www.wikidata.org/wiki/Q15856105,unique accent/order-insensitive token match; DOB distance 0 day(s)
cm0102_vanilla_original,119245,Özkan Koçtürk,https://www.wikidata.org/wiki/Q307895,unique accent/order-insensitive token match; DOB distance 0 day(s)
cm0102_vanilla_original,119294,Ragıp Başdağ,https://www.wikidata.org/wiki/Q373394,unique accent/order-insensitive token match; DOB distance 0 day(s)
cm0102_vanilla_original,119301,Ramazan Altıntepe,https://www.wikidata.org/wiki/Q1752088,unique accent/order-insensitive token match; DOB distance 0 day(s)
cm0102_vanilla_original,119314,Ramazan Kurşunlu,https://www.wikidata.org/wiki/Q2130008,unique accent/order-insensitive token match; DOB distance 0 day(s)
cm0102_vanilla_original,119332,Rasim Vardar,https://www.wikidata.org/wiki/Q18630054,unique accent/order-insensitive token match; DOB distance 0 day(s)
cm0102_vanilla_original,119339,Recep Atılgan,https://www.wikidata.org/wiki/Q6005959,unique accent/order-insensitive token match; DOB distance 0 day(s)
cm0102_vanilla_original,119341,Recep Biler,https://www.wikidata.org/wiki/Q434163,unique accent/order-insensitive token match; DOB distance 0 day(s)
cm0102_vanilla_original,119343,Recep Çetin,https://www.wikidata.org/wiki/Q919232,unique accent/order-insensitive token match; DOB distance 0 day(s)
cm0102_vanilla_original,119347,Recep Öztürk,https://www.wikidata.org/wiki/Q2135187,unique accent/order-insensitive token match; DOB distance 0 day(s)
cm0102_vanilla_original,119352,Recep Uçar,https://www.wikidata.org/wiki/Q112902036,unique accent/order-insensitive token match; DOB distance 0 day(s)
cm0102_vanilla_original,119374,Rızvan Şahin,https://www.wikidata.org/wiki/Q1661819,unique accent/order-insensitive token match; DOB distance 0 day(s)
cm0102_vanilla_original,119387,Şaban Yıldırım,https://www.wikidata.org/wiki/Q6096142,unique accent/order-insensitive token match; DOB distance 0 day(s)
cm0102_vanilla_original,119392,Sabri Sarıoğlu,https://www.wikidata.org/wiki/Q347172,unique accent/order-insensitive token match; DOB distance 0 day(s)
cm0102_vanilla_original,119397,Şadi Çolak,https://www.wikidata.org/wiki/Q6087332,unique accent/order-insensitive token match; DOB distance 0 day(s)
cm0102_vanilla_original,119402,Saffet Akbaş,https://www.wikidata.org/wiki/Q6580420,unique accent/order-insensitive token match; DOB distance 0 day(s)
cm0102_vanilla_original,119403,Saffet Akyüz,https://www.wikidata.org/wiki/Q6580418,unique accent/order-insensitive token match; DOB distance 0 day(s)
cm0102_vanilla_original,119404,Saffet Kaya,https://www.wikidata.org/wiki/Q18057189,unique accent/order-insensitive token match; DOB distance 0 day(s)
cm0102_vanilla_original,119407,Attila Şahin,https://www.wikidata.org/wiki/Q65653595,unique accent/order-insensitive token match; DOB distance 0 day(s)
cm0102_vanilla_original,119417,Mahir Şahin,https://www.wikidata.org/wiki/Q78145890,unique accent/order-insensitive token match; DOB distance 0 day(s)
cm0102_vanilla_original,119427,Murat Salar,https://www.wikidata.org/wiki/Q6937422,unique accent/order-insensitive token match; DOB distance 0 day(s)
cm0102_vanilla_original,119444,Sami Uğurlu,https://www.wikidata.org/wiki/Q112134519,unique accent/order-insensitive token match; DOB distance 0 day(s)
cm0102_vanilla_original,119450,Şanver Göymen,https://www.wikidata.org/wiki/Q2085285,unique accent/order-insensitive token match; DOB distance 0 day(s)
cm0102_vanilla_original,119463,Sarp Yiğit,https://www.wikidata.org/wiki/Q138337257,unique accent/order-insensitive token match; DOB distance 0 day(s)
cm0102_vanilla_original,119474,Savaş Kaya,https://www.wikidata.org/wiki/Q21606721,unique accent/order-insensitive token match; DOB distance 0 day(s)
cm0102_vanilla_original,119485,Tekin Sazlog,https://www.wikidata.org/wiki/Q7695354,unique accent/order-insensitive token match; DOB distance 0 day(s)
cm0102_vanilla_original,119492,Sedat İrfan,https://www.wikidata.org/wiki/Q1767745,unique accent/order-insensitive token match; DOB distance 0 day(s)
cm0102_vanilla_original,119496,Sedat Ağçay,https://www.wikidata.org/wiki/Q2264245,unique accent/order-insensitive token match; DOB distance 0 day(s)
cm0102_vanilla_original,119501,Sedat Bayrak,https://www.wikidata.org/wiki/Q278065,unique accent/order-insensitive token match; DOB distance 0 day(s)
cm0102_vanilla_original,119505,Sedat Kalaycı,https://www.wikidata.org/wiki/Q12811752,unique accent/order-insensitive token match; DOB distance 0 day(s)
cm0102_vanilla_original,119512,Sedat Yeşilkaya,https://www.wikidata.org/wiki/Q7445146,unique accent/order-insensitive token match; DOB distance 0 day(s)
cm0102_vanilla_original,119514,Sefer Yılmaz,https://www.wikidata.org/wiki/Q22342856,unique accent/order-insensitive token match; DOB distance 0 day(s)
cm0102_vanilla_original,119520,Şehmus Özer,https://www.wikidata.org/wiki/Q388687,unique accent/order-insensitive token match; DOB distance 0 day(s)
cm0102_vanilla_original,119526,Selahattin Kınalı,https://www.wikidata.org/wiki/Q7447448,unique accent/order-insensitive token match; DOB distance 0 day(s)
cm0102_vanilla_original,119527,Selahattin Özbir,https://www.wikidata.org/wiki/Q6102525,unique accent/order-insensitive token match; DOB distance 0 day(s)
cm0102_vanilla_original,119536,Selçuk Beyaz,https://www.wikidata.org/wiki/Q102111365,unique accent/order-insensitive token match; DOB distance 0 day(s)
cm0102_vanilla_original,119540,Selçuk Şahin,https://www.wikidata.org/wiki/Q739376,unique accent/order-insensitive token match; DOB distance 0 day(s)
cm0102_vanilla_original,119544,Selçuk Yıldırımkaya,https://www.wikidata.org/wiki/Q1537013,unique accent/order-insensitive token match; DOB distance 0 day(s)
cm0102_vanilla_original,119546,Semavi Uzun,https://www.wikidata.org/wiki/Q21527257,unique accent/order-insensitive token match; DOB distance 0 day(s)
cm0102_vanilla_original,119551,Semih Şentürk,https://www.wikidata.org/wiki/Q378275,unique accent/order-insensitive token match; DOB distance 0 day(s)
cm0102_vanilla_original,119555,Şener Aşkaroğlu,https://www.wikidata.org/wiki/Q388798,unique accent/order-insensitive token match; DOB distance 0 day(s)
cm0102_vanilla_original,119567,Sercan Özçelik,https://www.wikidata.org/wiki/Q2272226,unique accent/order-insensitive token match; DOB distance 0 day(s)
cm0102_vanilla_original,119583,Serhan Hacıhüseyinoğlu,https://www.wikidata.org/wiki/Q125050884,unique accent/order-insensitive token match; DOB distance 0 day(s)
cm0102_vanilla_original,119585,Serhat Akın,https://www.wikidata.org/wiki/Q659367,unique accent/order-insensitive token match; DOB distance 0 day(s)
cm0102_vanilla_original,119590,Serhat Güller,https://www.wikidata.org/wiki/Q2273309,unique accent/order-insensitive token match; DOB distance 0 day(s)
cm0102_vanilla_original,119591,Serhat Gülpınar,https://www.wikidata.org/wiki/Q2273311,unique accent/order-insensitive token match; DOB distance 0 day(s)
cm0102_vanilla_original,119608,Serkan Albayrak,https://www.wikidata.org/wiki/Q134378647,unique accent/order-insensitive token match; DOB distance 0 day(s)
cm0102_vanilla_original,119612,Serkan Aykut,https://www.wikidata.org/wiki/Q942041,unique accent/order-insensitive token match; DOB distance 0 day(s)
cm0102_vanilla_original,119614,Serkan Balcı,https://www.wikidata.org/wiki/Q547797,unique accent/order-insensitive token match; DOB distance 0 day(s)
cm0102_vanilla_original,119616,Serkan Bekiroğlu,https://www.wikidata.org/wiki/Q54861387,unique accent/order-insensitive token match; DOB distance 0 day(s)
cm0102_vanilla_original,119623,Serkan Damla,https://www.wikidata.org/wiki/Q124432988,unique accent/order-insensitive token match; DOB distance 0 day(s)
cm0102_vanilla_original,119647,Serkan Özbalta,https://www.wikidata.org/wiki/Q110713858,unique accent/order-insensitive token match; DOB distance 0 day(s)
cm0102_vanilla_original,119648,Serkan Özdemir,https://www.wikidata.org/wiki/Q7454959,unique accent/order-insensitive token match; DOB distance 0 day(s)
cm0102_vanilla_original,119651,Serkan Özsoy,https://www.wikidata.org/wiki/Q2273768,unique accent/order-insensitive token match; DOB distance 0 day(s)
cm0102_vanilla_original,119655,Serkan Reçber,https://www.wikidata.org/wiki/Q116586789,unique accent/order-insensitive token match; DOB distance 0 day(s)
cm0102_vanilla_original,119665,Serkan Silan,https://www.wikidata.org/wiki/Q7454951,unique accent/order-insensitive token match; DOB distance 0 day(s)
cm0102_vanilla_original,119668,Serkan Tanrınıan,https://www.wikidata.org/wiki/Q17046305,unique accent/order-insensitive token match; DOB distance 0 day(s)
cm0102_vanilla_original,119681,Serkan Yıldık,https://www.wikidata.org/wiki/Q7454954,unique accent/order-insensitive token match; DOB distance 0 day(s)
cm0102_vanilla_original,119690,Sertan Eser,https://www.wikidata.org/wiki/Q7455463,unique accent/order-insensitive token match; DOB distance 0 day(s)
cm0102_vanilla_original,119692,Sertan Vardar,https://www.wikidata.org/wiki/Q2274029,unique accent/order-insensitive token match; DOB distance 0 day(s)
cm0102_vanilla_original,119696,Servet Çetin,https://www.wikidata.org/wiki/Q347327,unique accent/order-insensitive token match; DOB distance 0 day(s)
cm0102_vanilla_original,119707,Şevki Ekşi,https://www.wikidata.org/wiki/Q17047003,unique accent/order-insensitive token match; DOB distance 0 day(s)
cm0102_vanilla_original,119711,Seyfettin Kurtulmuş,https://www.wikidata.org/wiki/Q6103882,unique accent/order-insensitive token match; DOB distance 0 day(s)
cm0102_vanilla_original,119719,Seyit İçgül,https://www.wikidata.org/wiki/Q17046313,unique accent/order-insensitive token match; DOB distance 0 day(s)
cm0102_vanilla_original,119727,Sezar Güner,https://www.wikidata.org/wiki/Q132967672,unique accent/order-insensitive token match; DOB distance 0 day(s)
cm0102_vanilla_original,119755,Sinan Demircioğlu,https://www.wikidata.org/wiki/Q7521748,unique accent/order-insensitive token match; DOB distance 0 day(s)
cm0102_vanilla_original,119758,Sinan Kahraman,https://www.wikidata.org/wiki/Q85974923,unique accent/order-insensitive token match; DOB distance 0 day(s)
cm0102_vanilla_original,119759,Sinan Kaloğlu,https://www.wikidata.org/wiki/Q1396846,unique accent/order-insensitive token match; DOB distance 0 day(s)
cm0102_vanilla_original,119763,Sinan Yeşil,https://www.wikidata.org/wiki/Q423012,unique accent/order-insensitive token match; DOB distance 0 day(s)
cm0102_vanilla_original,119772,Sofu Baykal,https://www.wikidata.org/wiki/Q23920588,unique accent/order-insensitive token match; DOB distance 0 day(s)
cm0102_vanilla_original,119780,Soner Boz,https://www.wikidata.org/wiki/Q65718609,unique accent/order-insensitive token match; DOB distance 0 day(s)
cm0102_vanilla_original,119785,Soner Keleş,https://www.wikidata.org/wiki/Q134386662,unique accent/order-insensitive token match; DOB distance 0 day(s)
cm0102_vanilla_original,119787,Soner Şahin,https://www.wikidata.org/wiki/Q1669403,unique accent/order-insensitive token match; DOB distance 0 day(s)
cm0102_vanilla_original,119798,Suat Kaya,https://www.wikidata.org/wiki/Q1372805,unique accent/order-insensitive token match; DOB distance 0 day(s)
cm0102_vanilla_original,119812,Süleyman Küçük,https://www.wikidata.org/wiki/Q6102908,unique accent/order-insensitive token match; DOB distance 0 day(s)
cm0102_vanilla_original,119815,Süleyman Usta,https://www.wikidata.org/wiki/Q134394833,unique accent/order-insensitive token match; DOB distance 0 day(s)
cm0102_vanilla_original,119816,Süleyman Varlık,https://www.wikidata.org/wiki/Q6087930,unique accent/order-insensitive token match; DOB distance 0 day(s)
cm0102_vanilla_original,119830,Suvat Karadağ,https://www.wikidata.org/wiki/Q115868354,unique accent/order-insensitive token match; DOB distance 0 day(s)
cm0102_vanilla_original,119850,Taner Yılmaz,https://www.wikidata.org/wiki/Q134395520,unique accent/order-insensitive token match; DOB distance 0 day(s)
cm0102_vanilla_original,119852,Taner Alpak,https://www.wikidata.org/wiki/Q60557391,unique accent/order-insensitive token match; DOB distance 0 day(s)
cm0102_vanilla_original,119858,Taner Bodur,https://www.wikidata.org/wiki/Q134597359,unique accent/order-insensitive token match; DOB distance 0 day(s)
cm0102_vanilla_original,119859,Taner Demirbaş,https://www.wikidata.org/wiki/Q7682558,unique accent/order-insensitive token match; DOB distance 0 day(s)
cm0102_vanilla_original,119861,Taner Gülleri,https://www.wikidata.org/wiki/Q2392344,unique accent/order-insensitive token match; DOB distance 0 day(s)
cm0102_vanilla_original,119863,Taner Savut,https://www.wikidata.org/wiki/Q107450638,unique accent/order-insensitive token match; DOB distance 0 day(s)
cm0102_vanilla_original,119865,Taner Taşkın,https://www.wikidata.org/wiki/Q6085895,unique accent/order-insensitive token match; DOB distance 0 day(s)
cm0102_vanilla_original,119876,Targan Seymen,https://www.wikidata.org/wiki/Q134435769,unique accent/order-insensitive token match; DOB distance 0 day(s)
cm0102_vanilla_original,119881,Tarık Daşgün,https://www.wikidata.org/wiki/Q7687059,unique accent/order-insensitive token match; DOB distance 0 day(s)
cm0102_vanilla_original,119887,Tarık Yurttaş,https://www.wikidata.org/wiki/Q6090402,unique accent/order-insensitive token match; DOB distance 0 day(s)
cm0102_vanilla_original,119899,Tayfun Taner,https://www.wikidata.org/wiki/Q6097211,unique accent/order-insensitive token match; DOB distance 0 day(s)
cm0102_vanilla_original,119901,Tayfun Hut,https://www.wikidata.org/wiki/Q2757668,unique accent/order-insensitive token match; DOB distance 0 day(s)
cm0102_vanilla_original,119905,Tayfun Özkan,https://www.wikidata.org/wiki/Q12812095,unique accent/order-insensitive token match; DOB distance 0 day(s)
cm0102_vanilla_original,119907,Tayfun Seven,https://www.wikidata.org/wiki/Q7689784,unique accent/order-insensitive token match; DOB distance 0 day(s)
cm0102_vanilla_original,119908,Tayfun Türkmen,https://www.wikidata.org/wiki/Q10427256,unique accent/order-insensitive token match; DOB distance 0 day(s)
cm0102_vanilla_original,119911,Tayfun Rıdvan Albayrak,https://www.wikidata.org/wiki/Q7689783,unique accent/order-insensitive token match; DOB distance 0 day(s)
cm0102_vanilla_original,119912,Tayfur Havutçu,https://www.wikidata.org/wiki/Q1394807,unique accent/order-insensitive token match; DOB distance 0 day(s)
cm0102_vanilla_original,119913,Taylan Eliaçık,https://www.wikidata.org/wiki/Q2397812,unique accent/order-insensitive token match; DOB distance 0 day(s)
cm0102_vanilla_original,119915,Taylan Uzunoğlu,https://www.wikidata.org/wiki/Q6102924,unique accent/order-insensitive token match; DOB distance 0 day(s)
cm0102_vanilla_original,119922,Metin Telle,https://www.wikidata.org/wiki/Q126727383,unique accent/order-insensitive token match; DOB distance 0 day(s)
cm0102_vanilla_original,119925,Temur Altunhan,https://www.wikidata.org/wiki/Q47499830,unique accent/order-insensitive token match; DOB distance 0 day(s)
cm0102_vanilla_original,119932,Tevfik Cihan Bulut,https://www.wikidata.org/wiki/Q31192422,unique accent/order-insensitive token match; DOB distance 0 day(s)
cm0102_vanilla_original,119935,Timuçin Bayazıt,https://www.wikidata.org/wiki/Q6092858,unique accent/order-insensitive token match; DOB distance 0 day(s)
cm0102_vanilla_original,119945,Tolga Altun,https://www.wikidata.org/wiki/Q6024047,unique accent/order-insensitive token match; DOB distance 0 day(s)
cm0102_vanilla_original,119947,Tolga Doğantez,https://www.wikidata.org/wiki/Q1457850,unique accent/order-insensitive token match; DOB distance 0 day(s)
cm0102_vanilla_original,119951,Tolga Özgen,https://www.wikidata.org/wiki/Q2439273,unique accent/order-insensitive token match; DOB distance 0 day(s)
cm0102_vanilla_original,119957,Tolga Seyhan,https://www.wikidata.org/wiki/Q1384117,unique accent/order-insensitive token match; DOB distance 0 day(s)
cm0102_vanilla_original,119962,Tolunay Kafkas,https://www.wikidata.org/wiki/Q1378780,unique accent/order-insensitive token match; DOB distance 0 day(s)
cm0102_vanilla_original,119970,Toprak Kırtoğlu,https://www.wikidata.org/wiki/Q6103137,unique accent/order-insensitive token match; DOB distance 0 day(s)
cm0102_vanilla_original,119975,Tufan Apaydın,https://www.wikidata.org/wiki/Q6047800,unique accent/order-insensitive token match; DOB distance 0 day(s)
cm0102_vanilla_original,119989,Tümer Metin,https://www.wikidata.org/wiki/Q362534,unique accent/order-insensitive token match; DOB distance 0 day(s)
cm0102_vanilla_original,119991,Tunahan Akdoğan,https://www.wikidata.org/wiki/Q6090830,unique accent/order-insensitive token match; DOB distance 0 day(s)
cm0102_vanilla_original,119995,Tunç Kip,https://www.wikidata.org/wiki/Q6095055,unique accent/order-insensitive token match; DOB distance 0 day(s)
cm0102_vanilla_original,119998,Tuncay Akgün,https://www.wikidata.org/wiki/Q107450596,unique accent/order-insensitive token match; DOB distance 0 day(s)
cm0102_vanilla_original,119999,Tuncay Aksoy,https://www.wikidata.org/wiki/Q2459758,unique accent/order-insensitive token match; DOB distance 0 day(s)
cm0102_vanilla_original,120015,Turan Akkoyun,https://www.wikidata.org/wiki/Q6039629,unique accent/order-insensitive token match; DOB distance 0 day(s)
cm0102_vanilla_original,120019,Turan Kuş,https://www.wikidata.org/wiki/Q6101563,unique accent/order-insensitive token match; DOB distance 0 day(s)
cm0102_vanilla_original,120024,Turan Uzun,https://www.wikidata.org/wiki/Q66310107,unique accent/order-insensitive token match; DOB distance 0 day(s)
cm0102_vanilla_original,120048,Türker Demirhan,https://www.wikidata.org/wiki/Q6102147,unique accent/order-insensitive token match; DOB distance 0 day(s)
cm0102_vanilla_original,120050,Suat Türker,https://www.wikidata.org/wiki/Q1258369,unique accent/order-insensitive token match; DOB distance 0 day(s)
cm0102_vanilla_original,120053,İbrahim Türkmen,https://www.wikidata.org/wiki/Q1656010,unique accent/order-insensitive token match; DOB distance 0 day(s)
cm0102_vanilla_original,120066,Ufuk Ali,https://www.wikidata.org/wiki/Q134378656,unique accent/order-insensitive token match; DOB distance 0 day(s)
cm0102_vanilla_original,120068,Ufuk Ateş,https://www.wikidata.org/wiki/Q14863079,unique accent/order-insensitive token match; DOB distance 0 day(s)
cm0102_vanilla_original,120081,Ufuk Süer,https://www.wikidata.org/wiki/Q2473834,unique accent/order-insensitive token match; DOB distance 0 day(s)
cm0102_vanilla_original,120090,Ulaş Meyan,https://www.wikidata.org/wiki/Q6074004,unique accent/order-insensitive token match; DOB distance 0 day(s)
cm0102_vanilla_original,120093,Ulaş Ulusan,https://www.wikidata.org/wiki/Q134517759,unique accent/order-insensitive token match; DOB distance 0 day(s)
cm0102_vanilla_original,120102,Umut Bulut,https://www.wikidata.org/wiki/Q946473,unique accent/order-insensitive token match; DOB distance 0 day(s)
cm0102_vanilla_original,120107,Umut Sağır,https://www.wikidata.org/wiki/Q130484538,unique accent/order-insensitive token match; DOB distance 0 day(s)
cm0102_vanilla_original,120116,Ünal Odabaş,https://www.wikidata.org/wiki/Q134394830,unique accent/order-insensitive token match; DOB distance 0 day(s)
cm0102_vanilla_original,120134,Suat Usta,https://www.wikidata.org/wiki/Q1812901,unique accent/order-insensitive token match; DOB distance 0 day(s)
cm0102_vanilla_original,120153,Şükrü Uzuner,https://www.wikidata.org/wiki/Q16991092,unique accent/order-insensitive token match; DOB distance 0 day(s)
cm0102_vanilla_original,120166,Vedat İnceefe,https://www.wikidata.org/wiki/Q178545,unique accent/order-insensitive token match; DOB distance 0 day(s)
cm0102_vanilla_original,120179,Veysel Cihan,https://www.wikidata.org/wiki/Q453996,unique accent/order-insensitive token match; DOB distance 0 day(s)
cm0102_vanilla_original,120197,Volkan Demirel,https://www.wikidata.org/wiki/Q209992,unique accent/order-insensitive token match; DOB distance 0 day(s)
cm0102_vanilla_original,120207,Volkan Kilimci,https://www.wikidata.org/wiki/Q1674177,unique accent/order-insensitive token match; DOB distance 0 day(s)
cm0102_vanilla_original,120217,Volkan Kürşat Bekiroğlu,https://www.wikidata.org/wiki/Q2530821,unique accent/order-insensitive token match; DOB distance 0 day(s)
cm0102_vanilla_original,120227,Yakup Can,https://www.wikidata.org/wiki/Q117472483,unique accent/order-insensitive token match; DOB distance 0 day(s)
cm0102_vanilla_original,120232,Yakup Sertkaya,https://www.wikidata.org/wiki/Q8047237,unique accent/order-insensitive token match; DOB distance 0 day(s)
cm0102_vanilla_original,120244,Yalçın Kıldıran,https://www.wikidata.org/wiki/Q19613047,unique accent/order-insensitive token match; DOB distance 0 day(s)
cm0102_vanilla_original,120245,Yalçın Koşukavak,https://www.wikidata.org/wiki/Q43303413,unique accent/order-insensitive token match; DOB distance 0 day(s)
cm0102_vanilla_original,120260,Yasir Elmacı,https://www.wikidata.org/wiki/Q2483820,unique accent/order-insensitive token match; DOB distance 0 day(s)
cm0102_vanilla_original,120266,Yavuz Eraydın,https://www.wikidata.org/wiki/Q1419830,unique accent/order-insensitive token match; DOB distance 0 day(s)
cm0102_vanilla_original,120299,Yücel Çolak,https://www.wikidata.org/wiki/Q42893838,unique accent/order-insensitive token match; DOB distance 0 day(s)
cm0102_vanilla_original,120335,Zafer Biryol,https://www.wikidata.org/wiki/Q140157,unique accent/order-insensitive token match; DOB distance 0 day(s)
cm0102_vanilla_original,120337,Zafer Demir,https://www.wikidata.org/wiki/Q6075149,unique accent/order-insensitive token match; DOB distance 0 day(s)
cm0102_vanilla_original,120338,Zafer Demiray,https://www.wikidata.org/wiki/Q140156,unique accent/order-insensitive token match; DOB distance 0 day(s)
cm0102_vanilla_original,120341,Zafer Kılıçkan,https://www.wikidata.org/wiki/Q8064279,unique accent/order-insensitive token match; DOB distance 0 day(s)
cm0102_vanilla_original,120346,Zafer Şahin,https://www.wikidata.org/wiki/Q8064285,unique accent/order-insensitive token match; DOB distance 0 day(s)
cm0102_vanilla_original,120353,Zafer Turan,https://www.wikidata.org/wiki/Q12812689,unique accent/order-insensitive token match; DOB distance 0 day(s)
cm0102_vanilla_original,120356,Zafer Uysal,https://www.wikidata.org/wiki/Q6094494,unique accent/order-insensitive token match; DOB distance 0 day(s)
cm0102_vanilla_original,120371,Zeki Önatlı,https://www.wikidata.org/wiki/Q8068673,unique accent/order-insensitive token match; DOB distance 0 day(s)
cm0102_vanilla_original,120374,Zeki Sonbay,https://www.wikidata.org/wiki/Q113164231,unique accent/order-insensitive token match; DOB distance 0 day(s)
cm0102_vanilla_original,120376,Zeki Yakupoğlu,https://www.wikidata.org/wiki/Q134416691,unique accent/order-insensitive token match; DOB distance 0 day(s)
cm0102_vanilla_original,120382,Ziya Aydın,https://www.wikidata.org/wiki/Q6091807,unique accent/order-insensitive token match; DOB distance 0 day(s)
cm0102_vanilla_original,120384,Ziya Şahin,https://www.wikidata.org/wiki/Q31188014,unique accent/order-insensitive token match; DOB distance 0 day(s)
cm0102_vanilla_original,123285,Aytek Genç,https://www.wikidata.org/wiki/Q4831736,unique accent/order-insensitive token match; DOB distance 0 day(s)
cm0102_vanilla_original,128804,Márcio Nobre,https://www.wikidata.org/wiki/Q727531,unique accent/order-insensitive token match; DOB distance 0 day(s)
cm0203_vanilla_original,93,Kenan Durmuşoğlu,https://www.wikidata.org/wiki/Q2183146,unique accent/order-insensitive token match; DOB distance 0 day(s)
cm0203_vanilla_original,3501,Bülent Üçüncü,https://www.wikidata.org/wiki/Q5005289,unique accent/order-insensitive token match; DOB distance 0 day(s)
cm0203_vanilla_original,5663,Mustafa Doğan,https://www.wikidata.org/wiki/Q567406,unique accent/order-insensitive token match; DOB distance 0 day(s)
cm0203_vanilla_original,7547,Fevzi Tuncay,https://www.wikidata.org/wiki/Q1343408,unique accent/order-insensitive token match; DOB distance 0 day(s)
cm0203_vanilla_original,7548,Hasan Yiğit,https://www.wikidata.org/wiki/Q5678310,unique accent/order-insensitive token match; DOB distance 0 day(s)
cm0203_vanilla_original,7552,Ali Akdeniz,https://www.wikidata.org/wiki/Q6053829,unique accent/order-insensitive token match; DOB distance 0 day(s)
cm0203_vanilla_original,7554,Serdar Samatyalı,https://www.wikidata.org/wiki/Q6103526,unique accent/order-insensitive token match; DOB distance 0 day(s)
cm0203_vanilla_original,7701,Okan Buruk,https://www.wikidata.org/wiki/Q444318,unique accent/order-insensitive token match; DOB distance 0 day(s)
cm0203_vanilla_original,7702,Adnan İlgin,https://www.wikidata.org/wiki/Q23920695,unique accent/order-insensitive token match; DOB distance 0 day(s)
cm0203_vanilla_original,7705,Mehmet Gönülaçar,https://www.wikidata.org/wiki/Q6094253,unique accent/order-insensitive token match; DOB distance 0 day(s)
cm0203_vanilla_original,7707,Mehmet Duymazer,https://www.wikidata.org/wiki/Q3304543,unique accent/order-insensitive token match; DOB distance 0 day(s)
cm0203_vanilla_original,7826,Şükrü Uzuner,https://www.wikidata.org/wiki/Q16991092,unique accent/order-insensitive token match; DOB distance 0 day(s)
cm0203_vanilla_original,8633,Burak Akdiş,https://www.wikidata.org/wiki/Q1010172,unique accent/order-insensitive token match; DOB distance 0 day(s)
cm0203_vanilla_original,8742,Erkan Avseren,https://www.wikidata.org/wiki/Q6097297,unique accent/order-insensitive token match; DOB distance 0 day(s)
cm0203_vanilla_original,8743,Ali Eren Beşerler,https://www.wikidata.org/wiki/Q4724775,unique accent/order-insensitive token match; DOB distance 0 day(s)
cm0203_vanilla_original,8744,Hikmet Çapanoğlu,https://www.wikidata.org/wiki/Q6096831,unique accent/order-insensitive token match; DOB distance 0 day(s)
cm0203_vanilla_original,8746,Tayfur Havutçu,https://www.wikidata.org/wiki/Q1394807,unique accent/order-insensitive token match; DOB distance 0 day(s)
cm0203_vanilla_original,8747,Savaş Kaya,https://www.wikidata.org/wiki/Q21606721,unique accent/order-insensitive token match; DOB distance 0 day(s)
cm0203_vanilla_original,8748,Yasin Sülün,https://www.wikidata.org/wiki/Q1550964,unique accent/order-insensitive token match; DOB distance 0 day(s)
cm0203_vanilla_original,8749,Rahim Zafer,https://www.wikidata.org/wiki/Q580705,unique accent/order-insensitive token match; DOB distance 0 day(s)
cm0203_vanilla_original,8750,Mutlu Topçu,https://www.wikidata.org/wiki/Q10433617,unique accent/order-insensitive token match; DOB distance 0 day(s)
cm0203_vanilla_original,8751,Ekrem Köse,https://www.wikidata.org/wiki/Q6087061,unique accent/order-insensitive token match; DOB distance 0 day(s)
cm0203_vanilla_original,9809,Erol Bulut,https://www.wikidata.org/wiki/Q562157,unique accent/order-insensitive token match; DOB distance 1 day(s)
cm0203_vanilla_original,9811,Murat Şahin,https://www.wikidata.org/wiki/Q646042,unique accent/order-insensitive token match; DOB distance 0 day(s)
cm0203_vanilla_original,9812,İlker Yağcıoğlu,https://www.wikidata.org/wiki/Q343818,unique accent/order-insensitive token match; DOB distance 0 day(s)
cm0203_vanilla_original,9813,Faruk Yiğit,https://www.wikidata.org/wiki/Q2055879,unique accent/order-insensitive token match; DOB distance 0 day(s)
cm0203_vanilla_original,9816,Mehmet İpek,https://www.wikidata.org/wiki/Q134301793,unique accent/order-insensitive token match; DOB distance 0 day(s)
cm0203_vanilla_original,9818,Osman Özköylü,https://www.wikidata.org/wiki/Q605498,unique accent/order-insensitive token match; DOB distance 0 day(s)
cm0203_vanilla_original,10139,Özgür Yaşar,https://www.wikidata.org/wiki/Q6341873,unique accent/order-insensitive token match; DOB distance 0 day(s)
cm0203_vanilla_original,11934,Pini Balili,https://www.wikidata.org/wiki/Q1389115,unique accent/order-insensitive token match; DOB distance 0 day(s)
cm0203_vanilla_original,12294,Ömer Çatkıç,https://www.wikidata.org/wiki/Q297526,unique accent/order-insensitive token match; DOB distance 0 day(s)
cm0203_vanilla_original,23688,Márcio Nobre,https://www.wikidata.org/wiki/Q727531,unique accent/order-insensitive token match; DOB distance 0 day(s)
cm0203_vanilla_original,25414,Silvino João de Carvalho,https://www.wikidata.org/wiki/Q577979,unique accent/order-insensitive token match; DOB distance 0 day(s)
cm0203_vanilla_original,42213,İlhan Mansız,https://www.wikidata.org/wiki/Q315309,unique accent/order-insensitive token match; DOB distance 0 day(s)
cm0203_vanilla_original,42214,Hakkı Hocaoğlu,https://www.wikidata.org/wiki/Q5640549,unique accent/order-insensitive token match; DOB distance 0 day(s)
cm0203_vanilla_original,42215,Adnan Güngör,https://www.wikidata.org/wiki/Q359403,unique accent/order-insensitive token match; DOB distance 0 day(s)
cm0203_vanilla_original,42216,İsmet Taşdemir,https://www.wikidata.org/wiki/Q6100996,unique accent/order-insensitive token match; DOB distance 0 day(s)
cm0203_vanilla_original,42217,Murat İsmailoğlu,https://www.wikidata.org/wiki/Q130484547,unique accent/order-insensitive token match; DOB distance 0 day(s)
cm0203_vanilla_original,42219,İmdat Arslan,https://www.wikidata.org/wiki/Q20477044,unique accent/order-insensitive token match; DOB distance 0 day(s)
cm0203_vanilla_original,42220,Serkan Aykut,https://www.wikidata.org/wiki/Q942041,unique accent/order-insensitive token match; DOB distance 0 day(s)
cm0203_vanilla_original,42221,Vural Korkmaz,https://www.wikidata.org/wiki/Q6089632,unique accent/order-insensitive token match; DOB distance 0 day(s)
cm0203_vanilla_original,42222,Uğur Dağdelen,https://www.wikidata.org/wiki/Q2641474,unique accent/order-insensitive token match; DOB distance 0 day(s)
cm0203_vanilla_original,42223,Tümer Metin,https://www.wikidata.org/wiki/Q362534,unique accent/order-insensitive token match; DOB distance 0 day(s)
cm0203_vanilla_original,42227,Mehmet Nas,https://www.wikidata.org/wiki/Q277944,unique accent/order-insensitive token match; DOB distance 0 day(s)
cm0203_vanilla_original,42232,Can Ulun,https://www.wikidata.org/wiki/Q6063079,unique accent/order-insensitive token match; DOB distance 0 day(s)
cm0203_vanilla_original,42239,Furkan Baştan,https://www.wikidata.org/wiki/Q6083474,unique accent/order-insensitive token match; DOB distance 0 day(s)
cm0203_vanilla_original,42240,Musa Aydın,https://www.wikidata.org/wiki/Q936079,unique accent/order-insensitive token match; DOB distance 0 day(s)
cm0203_vanilla_original,42270,Güngör Öztürk,https://www.wikidata.org/wiki/Q102696187,unique accent/order-insensitive token match; DOB distance 0 day(s)
cm0203_vanilla_original,42271,Erman Güraçar,https://www.wikidata.org/wiki/Q5389872,unique accent/order-insensitive token match; DOB distance 0 day(s)
cm0203_vanilla_original,42287,Kerem İnan,https://www.wikidata.org/wiki/Q558754,unique accent/order-insensitive token match; DOB distance 0 day(s)
cm0203_vanilla_original,42289,Mehmet Yozgatlı,https://www.wikidata.org/wiki/Q544714,unique accent/order-insensitive token match; DOB distance 0 day(s)
cm0203_vanilla_original,42290,Alp Küçükvardar,https://www.wikidata.org/wiki/Q2839387,unique accent/order-insensitive token match; DOB distance 0 day(s)
cm0203_vanilla_original,42291,Hamza Hamzaoğlu,https://www.wikidata.org/wiki/Q919026,unique accent/order-insensitive token match; DOB distance 0 day(s)
cm0203_vanilla_original,42292,Erhan Albayrak,https://www.wikidata.org/wiki/Q99321,unique accent/order-insensitive token match; DOB distance 0 day(s)
cm0203_vanilla_original,42293,İbrahim Üzülmez,https://www.wikidata.org/wiki/Q343415,unique accent/order-insensitive token match; DOB distance 0 day(s)
cm0203_vanilla_original,42294,Fazlı Ulusal,https://www.wikidata.org/wiki/Q6094146,unique accent/order-insensitive token match; DOB distance 0 day(s)
cm0203_vanilla_original,42295,Mehmet Polat,https://www.wikidata.org/wiki/Q3545241,unique accent/order-insensitive token match; DOB distance 0 day(s)
cm0203_vanilla_original,42297,Erhan Namlı,https://www.wikidata.org/wiki/Q5385859,unique accent/order-insensitive token match; DOB distance 0 day(s)
cm0203_vanilla_original,42298,Soner Keleş,https://www.wikidata.org/wiki/Q134386662,unique accent/order-insensitive token match; DOB distance 0 day(s)
cm0203_vanilla_original,42299,Oğuz Dağlaroğlu,https://www.wikidata.org/wiki/Q2043168,unique accent/order-insensitive token match; DOB distance 0 day(s)
cm0203_vanilla_original,42300,Serkan Özsoy,https://www.wikidata.org/wiki/Q2273768,unique accent/order-insensitive token match; DOB distance 0 day(s)
cm0203_vanilla_original,42301,Haluk Güngör,https://www.wikidata.org/wiki/Q15819107,unique accent/order-insensitive token match; DOB distance 0 day(s)
cm0203_vanilla_original,42302,Adnan Karahan,https://www.wikidata.org/wiki/Q6097915,unique accent/order-insensitive token match; DOB distance 0 day(s)
cm0203_vanilla_original,42331,Cenk Tekelioğlu,https://www.wikidata.org/wiki/Q7459061,unique accent/order-insensitive token match; DOB distance 0 day(s)
cm0203_vanilla_original,42352,Serkan Özdemir,https://www.wikidata.org/wiki/Q7454959,unique accent/order-insensitive token match; DOB distance 0 day(s)
cm0203_vanilla_original,42353,Taner Bodur,https://www.wikidata.org/wiki/Q134597359,unique accent/order-insensitive token match; DOB distance 0 day(s)
cm0203_vanilla_original,42362,Zafer Demiray,https://www.wikidata.org/wiki/Q140156,unique accent/order-insensitive token match; DOB distance 0 day(s)
cm0203_vanilla_original,42363,Ahmet Şahin,https://www.wikidata.org/wiki/Q402016,unique accent/order-insensitive token match; DOB distance 0 day(s)
cm0203_vanilla_original,42366,Atilla Çebi,https://www.wikidata.org/wiki/Q134444167,unique accent/order-insensitive token match; DOB distance 0 day(s)
cm0203_vanilla_original,42367,Can Cumhur Bozacı,https://www.wikidata.org/wiki/Q118340917,unique accent/order-insensitive token match; DOB distance 0 day(s)
cm0203_vanilla_original,42376,Recep Uçar,https://www.wikidata.org/wiki/Q112902036,unique accent/order-insensitive token match; DOB distance 0 day(s)
cm0203_vanilla_original,42380,Ercan Agaçe,https://www.wikidata.org/wiki/Q135441374,unique accent/order-insensitive token match; DOB distance 0 day(s)
cm0203_vanilla_original,42383,Fevzi Korkmaz,https://www.wikidata.org/wiki/Q6069757,unique accent/order-insensitive token match; DOB distance 0 day(s)
cm0203_vanilla_original,42387,İhsan Okay,https://www.wikidata.org/wiki/Q6046258,unique accent/order-insensitive token match; DOB distance 0 day(s)
cm0203_vanilla_original,42395,Sinan Demircioğlu,https://www.wikidata.org/wiki/Q7521748,unique accent/order-insensitive token match; DOB distance 0 day(s)
cm0203_vanilla_original,42398,Zafer Turan,https://www.wikidata.org/wiki/Q12812689,unique accent/order-insensitive token match; DOB distance 0 day(s)
cm0203_vanilla_original,42405,Ersen Martin,https://www.wikidata.org/wiki/Q819597,unique accent/order-insensitive token match; DOB distance 0 day(s)
cm0203_vanilla_original,42408,İlhan Şahin,https://www.wikidata.org/wiki/Q343716,unique accent/order-insensitive token match; DOB distance 0 day(s)
cm0203_vanilla_original,42410,Aygün Taşkıran,https://www.wikidata.org/wiki/Q6089760,unique accent/order-insensitive token match; DOB distance 0 day(s)
cm0203_vanilla_original,42411,Erkan Sözeri,https://www.wikidata.org/wiki/Q6084146,unique accent/order-insensitive token match; DOB distance 0 day(s)
cm0203_vanilla_original,42413,Haluk Tanrıseven,https://www.wikidata.org/wiki/Q6103322,unique accent/order-insensitive token match; DOB distance 0 day(s)
cm0203_vanilla_original,42434,Tuncay Aksoy,https://www.wikidata.org/wiki/Q2459758,unique accent/order-insensitive token match; DOB distance 0 day(s)
cm0203_vanilla_original,42436,Mesut Kumcuoğlu,https://www.wikidata.org/wiki/Q1924613,unique accent/order-insensitive token match; DOB distance 0 day(s)
cm0203_vanilla_original,42437,Tunç Kip,https://www.wikidata.org/wiki/Q6095055,unique accent/order-insensitive token match; DOB distance 0 day(s)
cm0203_vanilla_original,42439,Murat Alaçayır,https://www.wikidata.org/wiki/Q6092742,unique accent/order-insensitive token match; DOB distance 0 day(s)
cm0203_vanilla_original,42441,Bayram Bektaş,https://www.wikidata.org/wiki/Q6087377,unique accent/order-insensitive token match; DOB distance 0 day(s)
cm0203_vanilla_original,42444,Osman Üstünel,https://www.wikidata.org/wiki/Q6092389,unique accent/order-insensitive token match; DOB distance 0 day(s)
cm0203_vanilla_original,42446,Ufuk Süer,https://www.wikidata.org/wiki/Q2473834,unique accent/order-insensitive token match; DOB distance 0 day(s)
cm0203_vanilla_original,42448,Sertan Eser,https://www.wikidata.org/wiki/Q7455463,unique accent/order-insensitive token match; DOB distance 0 day(s)
cm0203_vanilla_original,42475,Yusuf Şimşek,https://www.wikidata.org/wiki/Q2035734,unique accent/order-insensitive token match; DOB distance 0 day(s)
cm0203_vanilla_original,42477,Selim Özer,https://www.wikidata.org/wiki/Q6074687,unique accent/order-insensitive token match; DOB distance 0 day(s)
cm0203_vanilla_original,42478,Akın Sağlam,https://www.wikidata.org/wiki/Q134378667,unique accent/order-insensitive token match; DOB distance 0 day(s)
cm0203_vanilla_original,42481,Bülent Akın,https://www.wikidata.org/wiki/Q2705560,unique accent/order-insensitive token match; DOB distance 0 day(s)
cm0203_vanilla_original,42482,Süleyman Küçük,https://www.wikidata.org/wiki/Q6102908,unique accent/order-insensitive token match; DOB distance 0 day(s)
cm0203_vanilla_original,42549,Engin Özdemir,https://www.wikidata.org/wiki/Q6078657,unique accent/order-insensitive token match; DOB distance 0 day(s)
cm0203_vanilla_original,42550,Tayfun Seven,https://www.wikidata.org/wiki/Q7689784,unique accent/order-insensitive token match; DOB distance 0 day(s)
cm0203_vanilla_original,42551,Okan Yılmaz,https://www.wikidata.org/wiki/Q942014,unique accent/order-insensitive token match; DOB distance 0 day(s)
cm0203_vanilla_original,42554,Alper Tezcan,https://www.wikidata.org/wiki/Q2650863,unique accent/order-insensitive token match; DOB distance 0 day(s)
cm0203_vanilla_original,42557,Emrah Eren,https://www.wikidata.org/wiki/Q1339529,unique accent/order-insensitive token match; DOB distance 0 day(s)
cm0203_vanilla_original,42558,Gürol Azer,https://www.wikidata.org/wiki/Q10397035,unique accent/order-insensitive token match; DOB distance 0 day(s)
cm0203_vanilla_original,42564,Faruk Atalay,https://www.wikidata.org/wiki/Q1397192,unique accent/order-insensitive token match; DOB distance 0 day(s)
cm0203_vanilla_original,42566,Orkun Uşak,https://www.wikidata.org/wiki/Q931253,unique accent/order-insensitive token match; DOB distance 0 day(s)
cm0203_vanilla_original,42569,Ümit Aydın,https://www.wikidata.org/wiki/Q4831526,unique accent/order-insensitive token match; DOB distance 0 day(s)
cm0203_vanilla_original,42570,Saffet Akyüz,https://www.wikidata.org/wiki/Q6580418,unique accent/order-insensitive token match; DOB distance 0 day(s)
cm0203_vanilla_original,42625,Vedat İnceefe,https://www.wikidata.org/wiki/Q178545,unique accent/order-insensitive token match; DOB distance 0 day(s)
cm0203_vanilla_original,42627,Atilla Koca,https://www.wikidata.org/wiki/Q612897,unique accent/order-insensitive token match; DOB distance 0 day(s)
cm0203_vanilla_original,42629,Efe İnanç,https://www.wikidata.org/wiki/Q1295771,unique accent/order-insensitive token match; DOB distance 0 day(s)
cm0203_vanilla_original,42635,Saffet Akbaş,https://www.wikidata.org/wiki/Q6580420,unique accent/order-insensitive token match; DOB distance 0 day(s)
cm0203_vanilla_original,42636,Ömer Karabacak,https://www.wikidata.org/wiki/Q18633307,unique accent/order-insensitive token match; DOB distance 0 day(s)
cm0203_vanilla_original,42637,Murat Bölükbaş,https://www.wikidata.org/wiki/Q6078684,unique accent/order-insensitive token match; DOB distance 0 day(s)
cm0203_vanilla_original,42638,Halil İbrahim Kara,https://www.wikidata.org/wiki/Q6096940,unique accent/order-insensitive token match; DOB distance 0 day(s)
cm0203_vanilla_original,42639,Tufan Apaydın,https://www.wikidata.org/wiki/Q6047800,unique accent/order-insensitive token match; DOB distance 0 day(s)
cm0203_vanilla_original,42645,Fadıl Koşutan,https://www.wikidata.org/wiki/Q109484378,unique accent/order-insensitive token match; DOB distance 0 day(s)
cm0203_vanilla_original,42652,İsmail Şenyüz,https://www.wikidata.org/wiki/Q2405236,unique accent/order-insensitive token match; DOB distance 0 day(s)
cm0203_vanilla_original,42663,Ahmet Yıldırım,https://www.wikidata.org/wiki/Q676847,unique accent/order-insensitive token match; DOB distance 0 day(s)
cm0203_vanilla_original,42664,Bekir Gür,https://www.wikidata.org/wiki/Q2894092,unique accent/order-insensitive token match; DOB distance 0 day(s)
cm0203_vanilla_original,42665,İlyas Kahraman,https://www.wikidata.org/wiki/Q3148834,unique accent/order-insensitive token match; DOB distance 0 day(s)
cm0203_vanilla_original,42669,Bülent Uygun,https://www.wikidata.org/wiki/Q1020698,unique accent/order-insensitive token match; DOB distance 0 day(s)
cm0203_vanilla_original,42670,Fahri Tatan,https://www.wikidata.org/wiki/Q178148,unique accent/order-insensitive token match; DOB distance 0 day(s)
cm0203_vanilla_original,42672,Semih Şentürk,https://www.wikidata.org/wiki/Q378275,unique accent/order-insensitive token match; DOB distance 0 day(s)
cm0203_vanilla_original,42677,Ali Tandoğan,https://www.wikidata.org/wiki/Q1378286,unique accent/order-insensitive token match; DOB distance 0 day(s)
cm0203_vanilla_original,42684,Levent Kartop,https://www.wikidata.org/wiki/Q4820125,unique accent/order-insensitive token match; DOB distance 0 day(s)
cm0203_vanilla_original,42686,Mohamed Ali Kurtuluş,https://www.wikidata.org/wiki/Q1951915,unique accent/order-insensitive token match; DOB distance 0 day(s)
cm0203_vanilla_original,42693,Ümit Bozkurt,https://www.wikidata.org/wiki/Q8079469,unique accent/order-insensitive token match; DOB distance 0 day(s)
cm0203_vanilla_original,42694,Veysel Cihan,https://www.wikidata.org/wiki/Q453996,unique accent/order-insensitive token match; DOB distance 0 day(s)
cm0203_vanilla_original,42695,Bülent Ertuğrul,https://www.wikidata.org/wiki/Q526631,unique accent/order-insensitive token match; DOB distance 0 day(s)
cm0203_vanilla_original,42702,Ender Alkan,https://www.wikidata.org/wiki/Q5376054,unique accent/order-insensitive token match; DOB distance 0 day(s)
cm0203_vanilla_original,42703,Erkan Özbey,https://www.wikidata.org/wiki/Q759156,unique accent/order-insensitive token match; DOB distance 0 day(s)
cm0203_vanilla_original,42707,Mesut Ünal,https://www.wikidata.org/wiki/Q27055380,unique accent/order-insensitive token match; DOB distance 0 day(s)
cm0203_vanilla_original,42713,Mustafa Er,https://www.wikidata.org/wiki/Q53250303,unique accent/order-insensitive token match; DOB distance 0 day(s)
cm0203_vanilla_original,42716,Ömer Kılıç,https://www.wikidata.org/wiki/Q2606385,unique accent/order-insensitive token match; DOB distance 0 day(s)
cm0203_vanilla_original,42717,Deniz Kolgu,https://www.wikidata.org/wiki/Q20476889,unique accent/order-insensitive token match; DOB distance 0 day(s)
cm0203_vanilla_original,42720,Serdar Kulbilge,https://www.wikidata.org/wiki/Q2000793,unique accent/order-insensitive token match; DOB distance 0 day(s)
cm0203_vanilla_original,42721,Serkan Damla,https://www.wikidata.org/wiki/Q124432988,unique accent/order-insensitive token match; DOB distance 0 day(s)
cm0203_vanilla_original,42722,Sinan Yeşil,https://www.wikidata.org/wiki/Q423012,unique accent/order-insensitive token match; DOB distance 0 day(s)
cm0203_vanilla_original,42725,Şenol Karagöl,https://www.wikidata.org/wiki/Q6080193,unique accent/order-insensitive token match; DOB distance 0 day(s)
cm0203_vanilla_original,42731,Fatih Şen,https://www.wikidata.org/wiki/Q1398126,unique accent/order-insensitive token match; DOB distance 0 day(s)
cm0203_vanilla_original,42735,Atakan Sancarbarlaz,https://www.wikidata.org/wiki/Q21524076,unique accent/order-insensitive token match; DOB distance 0 day(s)
cm0203_vanilla_original,42737,Bülent Sevlü,https://www.wikidata.org/wiki/Q6072963,unique accent/order-insensitive token match; DOB distance 0 day(s)
cm0203_vanilla_original,42738,Cenk İşler,https://www.wikidata.org/wiki/Q824590,unique accent/order-insensitive token match; DOB distance 0 day(s)
cm0203_vanilla_original,42740,Erbil Uzel,https://www.wikidata.org/wiki/Q1348364,unique accent/order-insensitive token match; DOB distance 0 day(s)
cm0203_vanilla_original,42744,Hayati Köse,https://www.wikidata.org/wiki/Q133989696,unique accent/order-insensitive token match; DOB distance 0 day(s)
cm0203_vanilla_original,42749,Serkan Bekiroğlu,https://www.wikidata.org/wiki/Q54861387,unique accent/order-insensitive token match; DOB distance 0 day(s)
cm0203_vanilla_original,42752,Yavuz Eraydın,https://www.wikidata.org/wiki/Q1419830,unique accent/order-insensitive token match; DOB distance 0 day(s)
cm0203_vanilla_original,42755,Şenol Yavaş,https://www.wikidata.org/wiki/Q6103415,unique accent/order-insensitive token match; DOB distance 0 day(s)
cm0203_vanilla_original,42756,Cafer Aydın,https://www.wikidata.org/wiki/Q6095911,unique accent/order-insensitive token match; DOB distance 0 day(s)
cm0203_vanilla_original,42767,Ahmet Arslaner,https://www.wikidata.org/wiki/Q100325119,unique accent/order-insensitive token match; DOB distance 0 day(s)
cm0203_vanilla_original,42768,Ali Mumcu,https://www.wikidata.org/wiki/Q4725062,unique accent/order-insensitive token match; DOB distance 0 day(s)
cm0203_vanilla_original,42770,Cem Sinan Vergül,https://www.wikidata.org/wiki/Q6067519,unique accent/order-insensitive token match; DOB distance 0 day(s)
cm0203_vanilla_original,42773,Cihan Haspolatlı,https://www.wikidata.org/wiki/Q722056,unique accent/order-insensitive token match; DOB distance 0 day(s)
cm0203_vanilla_original,42774,Engin Öztonga,https://www.wikidata.org/wiki/Q5377636,unique accent/order-insensitive token match; DOB distance 0 day(s)
cm0203_vanilla_original,42783,Orhan Ak,https://www.wikidata.org/wiki/Q937898,unique accent/order-insensitive token match; DOB distance 0 day(s)
cm0203_vanilla_original,42785,Özden Öngün,https://www.wikidata.org/wiki/Q307761,unique accent/order-insensitive token match; DOB distance 0 day(s)
cm0203_vanilla_original,42788,Turan Uzun,https://www.wikidata.org/wiki/Q66310107,unique accent/order-insensitive token match; DOB distance 0 day(s)
cm0203_vanilla_original,42793,Toprak Kırtoğlu,https://www.wikidata.org/wiki/Q6103137,unique accent/order-insensitive token match; DOB distance 0 day(s)
cm0203_vanilla_original,42807,Mustafa Gürsel,https://www.wikidata.org/wiki/Q130438001,unique accent/order-insensitive token match; DOB distance 0 day(s)
cm0203_vanilla_original,42808,Nuri Kamburoğlu,https://www.wikidata.org/wiki/Q12811194,unique accent/order-insensitive token match; DOB distance 0 day(s)
cm0203_vanilla_original,42809,Uğur Yasan,https://www.wikidata.org/wiki/Q135441382,unique accent/order-insensitive token match; DOB distance 0 day(s)
cm0203_vanilla_original,42812,Mahmut Karıklar,https://www.wikidata.org/wiki/Q6074327,unique accent/order-insensitive token match; DOB distance 0 day(s)
cm0203_vanilla_original,42822,Altay Dağdelen,https://www.wikidata.org/wiki/Q6095275,unique accent/order-insensitive token match; DOB distance 0 day(s)
cm0203_vanilla_original,42830,Mutlu Dervişoğlu,https://www.wikidata.org/wiki/Q6943982,unique accent/order-insensitive token match; DOB distance 0 day(s)
cm0203_vanilla_original,42831,Muzaffer Bilazer,https://www.wikidata.org/wiki/Q6098157,unique accent/order-insensitive token match; DOB distance 0 day(s)
cm0203_vanilla_original,42832,Ömer Erdoğan,https://www.wikidata.org/wiki/Q297471,unique accent/order-insensitive token match; DOB distance 0 day(s)
cm0203_vanilla_original,42833,Selçuk Beyaz,https://www.wikidata.org/wiki/Q102111365,unique accent/order-insensitive token match; DOB distance 0 day(s)
cm0203_vanilla_original,42837,Zafer Demir,https://www.wikidata.org/wiki/Q6075149,unique accent/order-insensitive token match; DOB distance 0 day(s)
cm0203_vanilla_original,42845,Beyhan Sümer,https://www.wikidata.org/wiki/Q20472194,unique accent/order-insensitive token match; DOB distance 0 day(s)
cm0203_vanilla_original,42848,Ferdi Tatlı,https://www.wikidata.org/wiki/Q47499835,unique accent/order-insensitive token match; DOB distance 0 day(s)
cm0203_vanilla_original,42850,Hasan Sönmez,https://www.wikidata.org/wiki/Q10429658,unique accent/order-insensitive token match; DOB distance 0 day(s)
cm0203_vanilla_original,42851,Hüseyin Yoğurtçu,https://www.wikidata.org/wiki/Q1652495,unique accent/order-insensitive token match; DOB distance 0 day(s)
cm0203_vanilla_original,42853,İsmail Güldüren,https://www.wikidata.org/wiki/Q344163,unique accent/order-insensitive token match; DOB distance 0 day(s)
cm0203_vanilla_original,42856,Mehmet Şimşek,https://www.wikidata.org/wiki/Q17046046,unique accent/order-insensitive token match; DOB distance 0 day(s)
cm0203_vanilla_original,42857,Metin Akçevre,https://www.wikidata.org/wiki/Q12810845,unique accent/order-insensitive token match; DOB distance 0 day(s)
cm0203_vanilla_original,42858,Nihat Baştürk,https://www.wikidata.org/wiki/Q3177600,unique accent/order-insensitive token match; DOB distance 0 day(s)
cm0203_vanilla_original,42860,Tolga Doğantez,https://www.wikidata.org/wiki/Q1457850,unique accent/order-insensitive token match; DOB distance 0 day(s)
cm0203_vanilla_original,42866,Yusuf Soysal,https://www.wikidata.org/wiki/Q8061986,unique accent/order-insensitive token match; DOB distance 0 day(s)
cm0203_vanilla_original,42867,Ziya Aydın,https://www.wikidata.org/wiki/Q6091807,unique accent/order-insensitive token match; DOB distance 0 day(s)
cm0203_vanilla_original,42869,Engin Sayan,https://www.wikidata.org/wiki/Q40454483,unique accent/order-insensitive token match; DOB distance 0 day(s)
cm0203_vanilla_original,42870,Hakan Biçici,https://www.wikidata.org/wiki/Q137441153,unique accent/order-insensitive token match; DOB distance 0 day(s)
cm0203_vanilla_original,42872,İdris Gümüşdere,https://www.wikidata.org/wiki/Q6097516,unique accent/order-insensitive token match; DOB distance 0 day(s)
cm0203_vanilla_original,42876,Rasim Vardar,https://www.wikidata.org/wiki/Q18630054,unique accent/order-insensitive token match; DOB distance 0 day(s)
cm0203_vanilla_original,42880,Eyüphan Bayraktar,https://www.wikidata.org/wiki/Q134435773,unique accent/order-insensitive token match; DOB distance 0 day(s)
cm0203_vanilla_original,42902,Aykan Atik,https://www.wikidata.org/wiki/Q92927830,unique accent/order-insensitive token match; DOB distance 0 day(s)
cm0203_vanilla_original,42910,Mehmet Tezcan,https://www.wikidata.org/wiki/Q6059193,unique accent/order-insensitive token match; DOB distance 0 day(s)
cm0203_vanilla_original,42916,Şenol Fidan,https://www.wikidata.org/wiki/Q8082477,unique accent/order-insensitive token match; DOB distance 0 day(s)
cm0203_vanilla_original,42921,Zafer Kılıçkan,https://www.wikidata.org/wiki/Q8064279,unique accent/order-insensitive token match; DOB distance 0 day(s)
cm0203_vanilla_original,42930,Akın Vardar,https://www.wikidata.org/wiki/Q424750,unique accent/order-insensitive token match; DOB distance 0 day(s)
cm0203_vanilla_original,42933,Ümit Erbay,https://www.wikidata.org/wiki/Q102078593,unique accent/order-insensitive token match; DOB distance 0 day(s)
cm0203_vanilla_original,42945,Yusuf Tokaç,https://www.wikidata.org/wiki/Q12812655,unique accent/order-insensitive token match; DOB distance 0 day(s)
cm0203_vanilla_original,42968,Mert Korkmaz,https://www.wikidata.org/wiki/Q360668,unique accent/order-insensitive token match; DOB distance 0 day(s)
cm0203_vanilla_original,42984,Taner Gülleri,https://www.wikidata.org/wiki/Q2392344,unique accent/order-insensitive token match; DOB distance 0 day(s)
cm0203_vanilla_original,42985,Taner Alpak,https://www.wikidata.org/wiki/Q60557391,unique accent/order-insensitive token match; DOB distance 0 day(s)
cm0203_vanilla_original,42997,Serhat Akın,https://www.wikidata.org/wiki/Q659367,unique accent/order-insensitive token match; DOB distance 0 day(s)
cm0203_vanilla_original,42998,Recep Biler,https://www.wikidata.org/wiki/Q434163,unique accent/order-insensitive token match; DOB distance 0 day(s)
cm0203_vanilla_original,42999,Erman Yıldırım,https://www.wikidata.org/wiki/Q6089137,unique accent/order-insensitive token match; DOB distance 0 day(s)
cm0203_vanilla_original,43000,Mithat Yavaş,https://www.wikidata.org/wiki/Q6102942,unique accent/order-insensitive token match; DOB distance 0 day(s)
cm0203_vanilla_original,43011,Erdinç Yavuz,https://www.wikidata.org/wiki/Q1349279,unique accent/order-insensitive token match; DOB distance 0 day(s)
cm0203_vanilla_original,43012,Ertuğrul Arslan,https://www.wikidata.org/wiki/Q5395921,unique accent/order-insensitive token match; DOB distance 0 day(s)
cm0203_vanilla_original,43017,Kemal Dulda,https://www.wikidata.org/wiki/Q6386823,unique accent/order-insensitive token match; DOB distance 0 day(s)
cm0203_vanilla_original,43020,Mustafa Tuna Kaya,https://www.wikidata.org/wiki/Q683426,unique accent/order-insensitive token match; DOB distance 0 day(s)
cm0203_vanilla_original,43022,Selim Çatalbaş,https://www.wikidata.org/wiki/Q6077844,unique accent/order-insensitive token match; DOB distance 0 day(s)
cm0203_vanilla_original,43052,İbrahim Arıkan,https://www.wikidata.org/wiki/Q6102162,unique accent/order-insensitive token match; DOB distance 0 day(s)
cm0203_vanilla_original,43089,Aşkın Dilli,https://www.wikidata.org/wiki/Q134378662,unique accent/order-insensitive token match; DOB distance 0 day(s)
cm0203_vanilla_original,43090,Coşkun Yılmaz,https://www.wikidata.org/wiki/Q134396420,unique accent/order-insensitive token match; DOB distance 0 day(s)
cm0203_vanilla_original,43096,İlker Erdem,https://www.wikidata.org/wiki/Q134378664,unique accent/order-insensitive token match; DOB distance 0 day(s)
cm0203_vanilla_original,43105,Ümit Teke,https://www.wikidata.org/wiki/Q6082892,unique accent/order-insensitive token match; DOB distance 0 day(s)
cm0203_vanilla_original,43108,Yusuf Ocak,https://www.wikidata.org/wiki/Q134378670,unique accent/order-insensitive token match; DOB distance 0 day(s)
cm0203_vanilla_original,43136,Hamza Akaydın,https://www.wikidata.org/wiki/Q6100619,unique accent/order-insensitive token match; DOB distance 0 day(s)
cm0203_vanilla_original,43149,Abdurrahman Dereli,https://www.wikidata.org/wiki/Q180924,unique accent/order-insensitive token match; DOB distance 0 day(s)
cm0203_vanilla_original,43150,Adem Çak,https://www.wikidata.org/wiki/Q134222206,unique accent/order-insensitive token match; DOB distance 0 day(s)
cm0203_vanilla_original,43152,Aydoğan Hacısalihoğlu,https://www.wikidata.org/wiki/Q134378650,unique accent/order-insensitive token match; DOB distance 0 day(s)
cm0203_vanilla_original,43163,Hakan Bayraktar,https://www.wikidata.org/wiki/Q134422407,unique accent/order-insensitive token match; DOB distance 0 day(s)
cm0203_vanilla_original,43164,Hamza Gezmiş,https://www.wikidata.org/wiki/Q1574055,unique accent/order-insensitive token match; DOB distance 0 day(s)
cm0203_vanilla_original,43166,Mehmet Kahriman,https://www.wikidata.org/wiki/Q6102713,unique accent/order-insensitive token match; DOB distance 0 day(s)
cm0203_vanilla_original,43167,Mehmet Yılmaz,https://www.wikidata.org/wiki/Q6103341,unique accent/order-insensitive token match; DOB distance 0 day(s)
cm0203_vanilla_original,43182,Deniz Kibar,https://www.wikidata.org/wiki/Q133250232,unique accent/order-insensitive token match; DOB distance 0 day(s)
cm0203_vanilla_original,43195,Ercan Yıldız,https://www.wikidata.org/wiki/Q135112118,unique accent/order-insensitive token match; DOB distance 0 day(s)
cm0203_vanilla_original,43200,İbrahim Çelik,https://www.wikidata.org/wiki/Q6082371,unique accent/order-insensitive token match; DOB distance 0 day(s)
cm0203_vanilla_original,43227,İsmail Erden,https://www.wikidata.org/wiki/Q19758090,unique accent/order-insensitive token match; DOB distance 0 day(s)
cm0203_vanilla_original,43302,Emrehan Ceylan,https://www.wikidata.org/wiki/Q6047448,unique accent/order-insensitive token match; DOB distance 0 day(s)
cm0203_vanilla_original,43305,Ersin Güreler,https://www.wikidata.org/wiki/Q10437767,unique accent/order-insensitive token match; DOB distance 0 day(s)
cm0203_vanilla_original,43316,Sedat Ağçay,https://www.wikidata.org/wiki/Q2264245,unique accent/order-insensitive token match; DOB distance 0 day(s)
cm0203_vanilla_original,43339,Hamit Yüksel,https://www.wikidata.org/wiki/Q107452783,unique accent/order-insensitive token match; DOB distance 0 day(s)
cm0203_vanilla_original,43341,Levent Taşkın,https://www.wikidata.org/wiki/Q6084650,unique accent/order-insensitive token match; DOB distance 0 day(s)
cm0203_vanilla_original,43364,Gökhan Bozkaya,https://www.wikidata.org/wiki/Q5626475,unique accent/order-insensitive token match; DOB distance 0 day(s)
cm0203_vanilla_original,43369,Ali Çebi,https://www.wikidata.org/wiki/Q134029622,unique accent/order-insensitive token match; DOB distance 0 day(s)
cm0203_vanilla_original,43388,Yücel Çolak,https://www.wikidata.org/wiki/Q42893838,unique accent/order-insensitive token match; DOB distance 0 day(s)
cm0203_vanilla_original,43396,Erdal Sezek,https://www.wikidata.org/wiki/Q1348714,unique accent/order-insensitive token match; DOB distance 0 day(s)
cm0203_vanilla_original,43404,Mustafa Ulaş Ortakaya,https://www.wikidata.org/wiki/Q6943339,unique accent/order-insensitive token match; DOB distance 0 day(s)
cm0203_vanilla_original,43410,Bünyamin Kubat,https://www.wikidata.org/wiki/Q20473773,unique accent/order-insensitive token match; DOB distance 0 day(s)
cm0203_vanilla_original,43445,Ayhan Alemdaroğlu,https://www.wikidata.org/wiki/Q15435603,unique accent/order-insensitive token match; DOB distance 0 day(s)
cm0203_vanilla_original,43446,Caner Yılmaz,https://www.wikidata.org/wiki/Q132967670,unique accent/order-insensitive token match; DOB distance 0 day(s)
cm0203_vanilla_original,43453,Hayrettin Yerlikaya,https://www.wikidata.org/wiki/Q433109,unique accent/order-insensitive token match; DOB distance 0 day(s)
cm0203_vanilla_original,43454,Mahmut Hoşgiz,https://www.wikidata.org/wiki/Q6734655,unique accent/order-insensitive token match; DOB distance 0 day(s)
cm0203_vanilla_original,43455,Muhammet Şeker,https://www.wikidata.org/wiki/Q6049439,unique accent/order-insensitive token match; DOB distance 0 day(s)
cm0203_vanilla_original,43457,Murat Şenvardar,https://www.wikidata.org/wiki/Q6034686,unique accent/order-insensitive token match; DOB distance 0 day(s)
cm0203_vanilla_original,43477,Hakan Kaygusuz,https://www.wikidata.org/wiki/Q23920541,unique accent/order-insensitive token match; DOB distance 0 day(s)
cm0203_vanilla_original,43488,Mustafa Yılmaz,https://www.wikidata.org/wiki/Q133989854,unique accent/order-insensitive token match; DOB distance 0 day(s)
cm0203_vanilla_original,43504,Fazlı Ulusoy,https://www.wikidata.org/wiki/Q12809527,unique accent/order-insensitive token match; DOB distance 0 day(s)
cm0203_vanilla_original,43515,Süleyman Usta,https://www.wikidata.org/wiki/Q134394833,unique accent/order-insensitive token match; DOB distance 0 day(s)
cm0203_vanilla_original,43516,Tevfik Cihan Bulut,https://www.wikidata.org/wiki/Q31192422,unique accent/order-insensitive token match; DOB distance 0 day(s)
cm0203_vanilla_original,43517,Ulaş Ulusan,https://www.wikidata.org/wiki/Q134517759,unique accent/order-insensitive token match; DOB distance 0 day(s)
cm0203_vanilla_original,43518,Yalçın Kıldıran,https://www.wikidata.org/wiki/Q19613047,unique accent/order-insensitive token match; DOB distance 0 day(s)
cm0203_vanilla_original,43519,Yalçın Koşukavak,https://www.wikidata.org/wiki/Q43303413,unique accent/order-insensitive token match; DOB distance 0 day(s)
cm0203_vanilla_original,43521,Ahmet Bulut,https://www.wikidata.org/wiki/Q25476809,unique accent/order-insensitive token match; DOB distance 0 day(s)
cm0203_vanilla_original,43522,Alpaslan Kartal,https://www.wikidata.org/wiki/Q956261,unique accent/order-insensitive token match; DOB distance 0 day(s)
cm0203_vanilla_original,43533,Levent Açıkgöz,https://www.wikidata.org/wiki/Q17045898,unique accent/order-insensitive token match; DOB distance 0 day(s)
cm0203_vanilla_original,43538,Nejat Özyıldırım,https://www.wikidata.org/wiki/Q17046190,unique accent/order-insensitive token match; DOB distance 0 day(s)
cm0203_vanilla_original,43562,Mehmet Çolak,https://www.wikidata.org/wiki/Q6092540,unique accent/order-insensitive token match; DOB distance 0 day(s)
cm0203_vanilla_original,43569,Şenol İbişi,https://www.wikidata.org/wiki/Q99672566,unique accent/order-insensitive token match; DOB distance 0 day(s)
cm0203_vanilla_original,43570,Tuncay Akgün,https://www.wikidata.org/wiki/Q107450596,unique accent/order-insensitive token match; DOB distance 0 day(s)
cm0203_vanilla_original,43575,Fuat Buruk,https://www.wikidata.org/wiki/Q15280453,unique accent/order-insensitive token match; DOB distance 0 day(s)
cm0203_vanilla_original,43603,Serhat Gülpınar,https://www.wikidata.org/wiki/Q2273311,unique accent/order-insensitive token match; DOB distance 0 day(s)
cm0203_vanilla_original,43604,Tayfun Türkmen,https://www.wikidata.org/wiki/Q10427256,unique accent/order-insensitive token match; DOB distance 0 day(s)
cm0203_vanilla_original,43643,Ahmet Taşyürek,https://www.wikidata.org/wiki/Q27123036,unique accent/order-insensitive token match; DOB distance 0 day(s)
cm0203_vanilla_original,43647,Ekrem Ekşioğlu,https://www.wikidata.org/wiki/Q1323520,unique accent/order-insensitive token match; DOB distance 0 day(s)
cm0203_vanilla_original,43651,Gökhan Zan,https://www.wikidata.org/wiki/Q259179,unique accent/order-insensitive token match; DOB distance 0 day(s)
cm0203_vanilla_original,43653,Göksel Akıncı,https://www.wikidata.org/wiki/Q6103142,unique accent/order-insensitive token match; DOB distance 0 day(s)
cm0203_vanilla_original,43657,İlhan Palut,https://www.wikidata.org/wiki/Q78498047,unique accent/order-insensitive token match; DOB distance 0 day(s)
cm0203_vanilla_original,43662,Selçuk Şahin,https://www.wikidata.org/wiki/Q739376,unique accent/order-insensitive token match; DOB distance 0 day(s)
cm0203_vanilla_original,43666,Suvat Karadağ,https://www.wikidata.org/wiki/Q115868354,unique accent/order-insensitive token match; DOB distance 0 day(s)
cm0203_vanilla_original,43685,Gökhan Kolomoç,https://www.wikidata.org/wiki/Q134301703,unique accent/order-insensitive token match; DOB distance 0 day(s)
cm0203_vanilla_original,43692,Ragıp Başdağ,https://www.wikidata.org/wiki/Q373394,unique accent/order-insensitive token match; DOB distance 0 day(s)
cm0203_vanilla_original,43694,Serkan Özbalta,https://www.wikidata.org/wiki/Q110713858,unique accent/order-insensitive token match; DOB distance 0 day(s)
cm0203_vanilla_original,43695,Şenol Erol,https://www.wikidata.org/wiki/Q6102204,unique accent/order-insensitive token match; DOB distance 0 day(s)
cm0203_vanilla_original,43727,Batur Altıparmak,https://www.wikidata.org/wiki/Q47313911,unique accent/order-insensitive token match; DOB distance 0 day(s)
cm0203_vanilla_original,43730,Çetin Limanoğlu,https://www.wikidata.org/wiki/Q134394835,unique accent/order-insensitive token match; DOB distance 0 day(s)
cm0203_vanilla_original,43739,Murat Akarsu,https://www.wikidata.org/wiki/Q6064327,unique accent/order-insensitive token match; DOB distance 0 day(s)
cm0203_vanilla_original,43740,Murat Hacıoğlu,https://www.wikidata.org/wiki/Q358987,unique accent/order-insensitive token match; DOB distance 0 day(s)
cm0203_vanilla_original,43746,Targan Seymen,https://www.wikidata.org/wiki/Q134435769,unique accent/order-insensitive token match; DOB distance 0 day(s)
cm0203_vanilla_original,43749,Zafer Biryol,https://www.wikidata.org/wiki/Q140157,unique accent/order-insensitive token match; DOB distance 0 day(s)
cm0203_vanilla_original,43754,Emin Taş,https://www.wikidata.org/wiki/Q6091645,unique accent/order-insensitive token match; DOB distance 0 day(s)
cm0203_vanilla_original,43761,İsmail Sivrikaya,https://www.wikidata.org/wiki/Q134463653,unique accent/order-insensitive token match; DOB distance 0 day(s)
cm0203_vanilla_original,43769,Sezar Güner,https://www.wikidata.org/wiki/Q132967672,unique accent/order-insensitive token match; DOB distance 0 day(s)
cm0203_vanilla_original,43771,Zeki Yakupoğlu,https://www.wikidata.org/wiki/Q134416691,unique accent/order-insensitive token match; DOB distance 0 day(s)
cm0203_vanilla_original,43778,Aydın Yetgin,https://www.wikidata.org/wiki/Q132967678,unique accent/order-insensitive token match; DOB distance 0 day(s)
cm0203_vanilla_original,43815,İzzet Kaya,https://www.wikidata.org/wiki/Q8080277,unique accent/order-insensitive token match; DOB distance 0 day(s)
cm0203_vanilla_original,43817,Mehmet Yener,https://www.wikidata.org/wiki/Q134416686,unique accent/order-insensitive token match; DOB distance 0 day(s)
cm0203_vanilla_original,43822,Özgür Yıldırım,https://www.wikidata.org/wiki/Q307848,unique accent/order-insensitive token match; DOB distance 0 day(s)
cm0203_vanilla_original,43823,Sami Uğurlu,https://www.wikidata.org/wiki/Q112134519,unique accent/order-insensitive token match; DOB distance 0 day(s)
cm0203_vanilla_original,43824,Serkan Tanrınıan,https://www.wikidata.org/wiki/Q17046305,unique accent/order-insensitive token match; DOB distance 0 day(s)
cm0203_vanilla_original,43825,Seyit İçgül,https://www.wikidata.org/wiki/Q17046313,unique accent/order-insensitive token match; DOB distance 0 day(s)
cm0203_vanilla_original,43830,İlkan Aksoy,https://www.wikidata.org/wiki/Q132967667,unique accent/order-insensitive token match; DOB distance 0 day(s)
cm0203_vanilla_original,43838,Bayram Çolak,https://www.wikidata.org/wiki/Q126918539,unique accent/order-insensitive token match; DOB distance 0 day(s)
cm0203_vanilla_original,43842,Ertuğrul Şerbetçi,https://www.wikidata.org/wiki/Q17045626,unique accent/order-insensitive token match; DOB distance 0 day(s)
cm0203_vanilla_original,43845,Hürriyet Gücer,https://www.wikidata.org/wiki/Q548270,unique accent/order-insensitive token match; DOB distance 0 day(s)
cm0203_vanilla_original,43848,Mehmet Çetinkaya,https://www.wikidata.org/wiki/Q116732594,unique accent/order-insensitive token match; DOB distance 0 day(s)
cm0203_vanilla_original,43852,Mustafa Keçeli,https://www.wikidata.org/wiki/Q1955557,unique accent/order-insensitive token match; DOB distance 0 day(s)
cm0203_vanilla_original,43860,Yılmaz Özen,https://www.wikidata.org/wiki/Q16858162,unique accent/order-insensitive token match; DOB distance 0 day(s)
cm0203_vanilla_original,43877,Taner Yılmaz,https://www.wikidata.org/wiki/Q134395520,unique accent/order-insensitive token match; DOB distance 0 day(s)
cm0203_vanilla_original,43885,Bülent Aslan,https://www.wikidata.org/wiki/Q134100645,unique accent/order-insensitive token match; DOB distance 0 day(s)
cm0203_vanilla_original,43887,Candan Sayın,https://www.wikidata.org/wiki/Q132967685,unique accent/order-insensitive token match; DOB distance 0 day(s)
cm0203_vanilla_original,43889,Ensar Hacımustafaoğlu,https://www.wikidata.org/wiki/Q134394832,unique accent/order-insensitive token match; DOB distance 0 day(s)
cm0203_vanilla_original,43893,Halim Okta,https://www.wikidata.org/wiki/Q97237023,unique accent/order-insensitive token match; DOB distance 1 day(s)
cm0203_vanilla_original,43898,Murat Bölükbaşı,https://www.wikidata.org/wiki/Q6087709,unique accent/order-insensitive token match; DOB distance 0 day(s)
cm0203_vanilla_original,43905,Sedat Kalaycı,https://www.wikidata.org/wiki/Q12811752,unique accent/order-insensitive token match; DOB distance 0 day(s)
cm0203_vanilla_original,43906,Servet Çetin,https://www.wikidata.org/wiki/Q347327,unique accent/order-insensitive token match; DOB distance 0 day(s)
cm0203_vanilla_original,43908,Tayfun Hut,https://www.wikidata.org/wiki/Q2757668,unique accent/order-insensitive token match; DOB distance 0 day(s)
cm0203_vanilla_original,43917,Egemen Korkmaz,https://www.wikidata.org/wiki/Q1114411,unique accent/order-insensitive token match; DOB distance 0 day(s)
cm0203_vanilla_original,43970,Cengiz Atila,https://www.wikidata.org/wiki/Q6094097,unique accent/order-insensitive token match; DOB distance 0 day(s)
cm0203_vanilla_original,43996,Bülent Bal,https://www.wikidata.org/wiki/Q5005274,unique accent/order-insensitive token match; DOB distance 0 day(s)
cm0203_vanilla_original,43998,Fatih Sarı,https://www.wikidata.org/wiki/Q17046278,unique accent/order-insensitive token match; DOB distance 0 day(s)
cm0203_vanilla_original,44002,Kaya Tarakçı,https://www.wikidata.org/wiki/Q1418755,unique accent/order-insensitive token match; DOB distance 0 day(s)
cm0203_vanilla_original,44003,Kemal Aslan,https://www.wikidata.org/wiki/Q716673,unique accent/order-insensitive token match; DOB distance 0 day(s)
cm0203_vanilla_original,44004,Alper Akıcı,https://www.wikidata.org/wiki/Q18410164,unique accent/order-insensitive token match; DOB distance 0 day(s)
cm0203_vanilla_original,44007,Murat İbrahim Uslu,https://www.wikidata.org/wiki/Q6937446,unique accent/order-insensitive token match; DOB distance 0 day(s)
cm0203_vanilla_original,44009,Mustafa Marangoz,https://www.wikidata.org/wiki/Q6094748,unique accent/order-insensitive token match; DOB distance 0 day(s)
cm0203_vanilla_original,44025,İsa Turan,https://www.wikidata.org/wiki/Q6095914,unique accent/order-insensitive token match; DOB distance 0 day(s)
cm0203_vanilla_original,44027,Mahmut Hanefi Erdoğdu,https://www.wikidata.org/wiki/Q175335,unique accent/order-insensitive token match; DOB distance 0 day(s)
cm0203_vanilla_original,44028,Mehmet Özkul,https://www.wikidata.org/wiki/Q82950865,unique accent/order-insensitive token match; DOB distance 0 day(s)
cm0203_vanilla_original,44030,Muhammet Özdin,https://www.wikidata.org/wiki/Q1951919,unique accent/order-insensitive token match; DOB distance 0 day(s)
cm0203_vanilla_original,44031,Mustafa Sert,https://www.wikidata.org/wiki/Q1480628,unique accent/order-insensitive token match; DOB distance 0 day(s)
cm0203_vanilla_original,44033,Sinan Kahraman,https://www.wikidata.org/wiki/Q85974923,unique accent/order-insensitive token match; DOB distance 0 day(s)
cm0203_vanilla_original,44034,Timuçin Bayazıt,https://www.wikidata.org/wiki/Q6092858,unique accent/order-insensitive token match; DOB distance 0 day(s)
cm0203_vanilla_original,44035,Ünal Odabaş,https://www.wikidata.org/wiki/Q134394830,unique accent/order-insensitive token match; DOB distance 0 day(s)
cm0203_vanilla_original,44048,Gökmen Yıldıran,https://www.wikidata.org/wiki/Q99542993,unique accent/order-insensitive token match; DOB distance 0 day(s)
cm0203_vanilla_original,44058,Taner Demirbaş,https://www.wikidata.org/wiki/Q7682558,unique accent/order-insensitive token match; DOB distance 0 day(s)
cm0203_vanilla_original,44059,Taner Taşkın,https://www.wikidata.org/wiki/Q6085895,unique accent/order-insensitive token match; DOB distance 0 day(s)
cm0203_vanilla_original,44078,Fatih Serkan Albayrak,https://www.wikidata.org/wiki/Q134378649,unique accent/order-insensitive token match; DOB distance 0 day(s)
cm0203_vanilla_original,44100,Mehmet Topuz,https://www.wikidata.org/wiki/Q951211,unique accent/order-insensitive token match; DOB distance 0 day(s)
cm0203_vanilla_original,44101,Abdulvahit Karacabey,https://www.wikidata.org/wiki/Q6102977,unique accent/order-insensitive token match; DOB distance 0 day(s)
cm0203_vanilla_original,44105,Ergün Teber,https://www.wikidata.org/wiki/Q548218,unique accent/order-insensitive token match; DOB distance 0 day(s)
cm0203_vanilla_original,44109,Hakan Dolutaş,https://www.wikidata.org/wiki/Q6095292,unique accent/order-insensitive token match; DOB distance 0 day(s)
cm0203_vanilla_original,44110,Hakkı Daş,https://www.wikidata.org/wiki/Q132633401,unique accent/order-insensitive token match; DOB distance 0 day(s)
cm0203_vanilla_original,44111,İlhan Sancaktar,https://www.wikidata.org/wiki/Q774601,unique accent/order-insensitive token match; DOB distance 0 day(s)
cm0203_vanilla_original,44114,Mehmet Ali Tunç,https://www.wikidata.org/wiki/Q1402703,unique accent/order-insensitive token match; DOB distance 0 day(s)
cm0203_vanilla_original,44121,Yunus Altun,https://www.wikidata.org/wiki/Q10507034,unique accent/order-insensitive token match; DOB distance 0 day(s)
cm0203_vanilla_original,44127,Birol Demirhan,https://www.wikidata.org/wiki/Q56173804,unique accent/order-insensitive token match; DOB distance 0 day(s)
cm0203_vanilla_original,44128,Bülent Bölükbaşı,https://www.wikidata.org/wiki/Q370545,unique accent/order-insensitive token match; DOB distance 0 day(s)
cm0203_vanilla_original,44129,Cahit Paşa,https://www.wikidata.org/wiki/Q5017432,unique accent/order-insensitive token match; DOB distance 0 day(s)
cm0203_vanilla_original,44130,Coşkun Birdal,https://www.wikidata.org/wiki/Q5180176,unique accent/order-insensitive token match; DOB distance 0 day(s)
cm0203_vanilla_original,44131,Cüneyt Yis,https://www.wikidata.org/wiki/Q99673269,unique accent/order-insensitive token match; DOB distance 0 day(s)
cm0203_vanilla_original,44135,Ercüment Şahin,https://www.wikidata.org/wiki/Q725073,unique accent/order-insensitive token match; DOB distance 0 day(s)
cm0203_vanilla_original,44139,İhsan Burak Özsaraç,https://www.wikidata.org/wiki/Q1010206,unique accent/order-insensitive token match; DOB distance 0 day(s)
cm0203_vanilla_original,44141,Kubilay Aydın,https://www.wikidata.org/wiki/Q15859771,unique accent/order-insensitive token match; DOB distance 0 day(s)
cm0203_vanilla_original,44142,Levent Devrim,https://www.wikidata.org/wiki/Q1821769,unique accent/order-insensitive token match; DOB distance 0 day(s)
cm0203_vanilla_original,44144,Murat Duman,https://www.wikidata.org/wiki/Q25473681,unique accent/order-insensitive token match; DOB distance 0 day(s)
cm0203_vanilla_original,44150,Recep Öztürk,https://www.wikidata.org/wiki/Q2135187,unique accent/order-insensitive token match; DOB distance 0 day(s)
cm0203_vanilla_original,44151,Semavi Uzun,https://www.wikidata.org/wiki/Q21527257,unique accent/order-insensitive token match; DOB distance 0 day(s)
cm0203_vanilla_original,44152,Serdar Meriç,https://www.wikidata.org/wiki/Q99673271,unique accent/order-insensitive token match; DOB distance 0 day(s)
cm0203_vanilla_original,44153,Ziya Şahin,https://www.wikidata.org/wiki/Q31188014,unique accent/order-insensitive token match; DOB distance 0 day(s)
cm0203_vanilla_original,44167,Aydın Dağdelen,https://www.wikidata.org/wiki/Q99673272,unique accent/order-insensitive token match; DOB distance 0 day(s)
cm0203_vanilla_original,44183,Mustafa Özer,https://www.wikidata.org/wiki/Q14946222,unique accent/order-insensitive token match; DOB distance 0 day(s)
cm0203_vanilla_original,44186,Tunahan Akdoğan,https://www.wikidata.org/wiki/Q6090830,unique accent/order-insensitive token match; DOB distance 0 day(s)
cm0203_vanilla_original,44202,İbrahim Mollaibrahimağaoğlu,https://www.wikidata.org/wiki/Q132967674,unique accent/order-insensitive token match; DOB distance 0 day(s)
cm0203_vanilla_original,44219,Eser Altın,https://www.wikidata.org/wiki/Q1367567,unique accent/order-insensitive token match; DOB distance 0 day(s)
cm0203_vanilla_original,44223,Mutlu Kızıltan,https://www.wikidata.org/wiki/Q6084402,unique accent/order-insensitive token match; DOB distance 0 day(s)
cm0203_vanilla_original,44225,İbrahim Hasançebi,https://www.wikidata.org/wiki/Q130484553,unique accent/order-insensitive token match; DOB distance 0 day(s)
cm0203_vanilla_original,44237,Okan Öztürk,https://www.wikidata.org/wiki/Q7081769,unique accent/order-insensitive token match; DOB distance 0 day(s)
cm0203_vanilla_original,44243,Taner Savut,https://www.wikidata.org/wiki/Q107450638,unique accent/order-insensitive token match; DOB distance 0 day(s)
cm0203_vanilla_original,44255,Ayhan Hüseyinoğlu,https://www.wikidata.org/wiki/Q28647859,unique accent/order-insensitive token match; DOB distance 0 day(s)
cm0203_vanilla_original,44258,Cem Kargın,https://www.wikidata.org/wiki/Q5058615,unique accent/order-insensitive token match; DOB distance 0 day(s)
cm0203_vanilla_original,44260,Faruk Bayar,https://www.wikidata.org/wiki/Q1397194,unique accent/order-insensitive token match; DOB distance 0 day(s)
cm0203_vanilla_original,44266,Murat Öztürk,https://www.wikidata.org/wiki/Q6937441,unique accent/order-insensitive token match; DOB distance 0 day(s)
cm0203_vanilla_original,44272,Mehmet Budak,https://www.wikidata.org/wiki/Q10397140,unique accent/order-insensitive token match; DOB distance 0 day(s)
cm0203_vanilla_original,44283,Abdullah Boz,https://www.wikidata.org/wiki/Q134221083,unique accent/order-insensitive token match; DOB distance 0 day(s)
cm0203_vanilla_original,44312,Gürkan Ekren,https://www.wikidata.org/wiki/Q5627138,unique accent/order-insensitive token match; DOB distance 0 day(s)
cm0203_vanilla_original,44314,Kadir Demirel,https://www.wikidata.org/wiki/Q113818173,unique accent/order-insensitive token match; DOB distance 0 day(s)
cm0203_vanilla_original,44316,Mustafa Bahadır,https://www.wikidata.org/wiki/Q15743242,unique accent/order-insensitive token match; DOB distance 0 day(s)
cm0203_vanilla_original,44321,Yusuf Peken,https://www.wikidata.org/wiki/Q130484537,unique accent/order-insensitive token match; DOB distance 0 day(s)
cm0203_vanilla_original,44323,Murat Karakoç,https://www.wikidata.org/wiki/Q6937410,unique accent/order-insensitive token match; DOB distance 0 day(s)
cm0203_vanilla_original,44333,Ali Nail Durmuş,https://www.wikidata.org/wiki/Q6101899,unique accent/order-insensitive token match; DOB distance 0 day(s)
cm0203_vanilla_original,44335,Bülent Ataman,https://www.wikidata.org/wiki/Q5005275,unique accent/order-insensitive token match; DOB distance 0 day(s)
cm0203_vanilla_original,44339,Kubilay Toptaş,https://www.wikidata.org/wiki/Q2115070,unique accent/order-insensitive token match; DOB distance 0 day(s)
cm0203_vanilla_original,44343,Metin Uzun,https://www.wikidata.org/wiki/Q61725010,unique accent/order-insensitive token match; DOB distance 0 day(s)
cm0203_vanilla_original,44344,Muammer Sürmeli,https://www.wikidata.org/wiki/Q6080971,unique accent/order-insensitive token match; DOB distance 0 day(s)
cm0203_vanilla_original,44351,Ümit Özışık,https://www.wikidata.org/wiki/Q115631624,unique accent/order-insensitive token match; DOB distance 0 day(s)
cm0203_vanilla_original,44353,Hüseyin Öztürk,https://www.wikidata.org/wiki/Q134422404,unique accent/order-insensitive token match; DOB distance 0 day(s)
cm0203_vanilla_original,44356,Gökhan Çalışal,https://www.wikidata.org/wiki/Q5626480,unique accent/order-insensitive token match; DOB distance 0 day(s)
cm0203_vanilla_original,44367,Kenan Yelek,https://www.wikidata.org/wiki/Q3737282,unique accent/order-insensitive token match; DOB distance 0 day(s)
cm0203_vanilla_original,44368,Emre Güsar,https://www.wikidata.org/wiki/Q99672561,unique accent/order-insensitive token match; DOB distance 0 day(s)
cm0203_vanilla_original,44376,Kenan Arayıcı,https://www.wikidata.org/wiki/Q99673251,unique accent/order-insensitive token match; DOB distance 0 day(s)
cm0203_vanilla_original,44379,Necati Ateş,https://www.wikidata.org/wiki/Q787437,unique accent/order-insensitive token match; DOB distance 0 day(s)
cm0203_vanilla_original,44380,Nihat Tümkaya,https://www.wikidata.org/wiki/Q17046206,unique accent/order-insensitive token match; DOB distance 0 day(s)
cm0203_vanilla_original,44381,Orhan Üstündağ,https://www.wikidata.org/wiki/Q57832555,unique accent/order-insensitive token match; DOB distance 0 day(s)
cm0203_vanilla_original,44382,Orhan Terzi,https://www.wikidata.org/wiki/Q6097101,unique accent/order-insensitive token match; DOB distance 0 day(s)
cm0203_vanilla_original,44383,Özkan Koçtürk,https://www.wikidata.org/wiki/Q307895,unique accent/order-insensitive token match; DOB distance 0 day(s)
cm0203_vanilla_original,44388,Tahir Karapınar,https://www.wikidata.org/wiki/Q6079830,unique accent/order-insensitive token match; DOB distance 0 day(s)
cm0203_vanilla_original,44389,Yakup Sertkaya,https://www.wikidata.org/wiki/Q8047237,unique accent/order-insensitive token match; DOB distance 0 day(s)
cm0203_vanilla_original,44392,Aytekin Viduşlu,https://www.wikidata.org/wiki/Q4831733,unique accent/order-insensitive token match; DOB distance 0 day(s)
cm0203_vanilla_original,44393,Ramazan Kurşunlu,https://www.wikidata.org/wiki/Q2130008,unique accent/order-insensitive token match; DOB distance 0 day(s)
cm0203_vanilla_original,44424,Dursun Albayrak,https://www.wikidata.org/wiki/Q134416683,unique accent/order-insensitive token match; DOB distance 0 day(s)
cm0203_vanilla_original,44429,Fevzi Elmas,https://www.wikidata.org/wiki/Q349941,unique accent/order-insensitive token match; DOB distance 0 day(s)
cm0203_vanilla_original,44437,Mehmet Çoğum,https://www.wikidata.org/wiki/Q1716782,unique accent/order-insensitive token match; DOB distance 0 day(s)
cm0203_vanilla_original,44439,Mehmet Yılmaz,https://www.wikidata.org/wiki/Q344206,unique accent/order-insensitive token match; DOB distance 0 day(s)
cm0203_vanilla_original,44440,Murat Onur,https://www.wikidata.org/wiki/Q2947435,unique accent/order-insensitive token match; DOB distance 0 day(s)
cm0203_vanilla_original,44444,Okan Koç,https://www.wikidata.org/wiki/Q2017091,unique accent/order-insensitive token match; DOB distance 0 day(s)
cm0203_vanilla_original,44447,Serkan Reçber,https://www.wikidata.org/wiki/Q116586789,unique accent/order-insensitive token match; DOB distance 0 day(s)
cm0203_vanilla_original,44452,Tayfun Rıdvan Albayrak,https://www.wikidata.org/wiki/Q7689783,unique accent/order-insensitive token match; DOB distance 0 day(s)
cm0203_vanilla_original,44453,Tolga Seyhan,https://www.wikidata.org/wiki/Q1384117,unique accent/order-insensitive token match; DOB distance 0 day(s)
cm0203_vanilla_original,44455,Ufuk Ateş,https://www.wikidata.org/wiki/Q14863079,unique accent/order-insensitive token match; DOB distance 0 day(s)
cm0203_vanilla_original,44457,Ümit İnal,https://www.wikidata.org/wiki/Q14859023,unique accent/order-insensitive token match; DOB distance 0 day(s)
cm0203_vanilla_original,44460,Yasir Elmacı,https://www.wikidata.org/wiki/Q2483820,unique accent/order-insensitive token match; DOB distance 0 day(s)
cm0203_vanilla_original,44462,Mehmet Şen,https://www.wikidata.org/wiki/Q6102832,unique accent/order-insensitive token match; DOB distance 0 day(s)
cm0203_vanilla_original,44480,Cem Koşanoğlu,https://www.wikidata.org/wiki/Q6074346,unique accent/order-insensitive token match; DOB distance 0 day(s)
cm0203_vanilla_original,44482,Murat Yiğiter,https://www.wikidata.org/wiki/Q15867355,unique accent/order-insensitive token match; DOB distance 0 day(s)
cm0203_vanilla_original,44485,Ali Ravcı,https://www.wikidata.org/wiki/Q110538000,unique accent/order-insensitive token match; DOB distance 0 day(s)
cm0203_vanilla_original,44488,Bülent Yenihayat,https://www.wikidata.org/wiki/Q126285515,unique accent/order-insensitive token match; DOB distance 1 day(s)
cm0203_vanilla_original,44493,Hakan Çalışkan,https://www.wikidata.org/wiki/Q6100343,unique accent/order-insensitive token match; DOB distance 0 day(s)
cm0203_vanilla_original,44498,Okan Çebi,https://www.wikidata.org/wiki/Q134378660,unique accent/order-insensitive token match; DOB distance 0 day(s)
cm0203_vanilla_original,44508,Cengiz Alp,https://www.wikidata.org/wiki/Q6092694,unique accent/order-insensitive token match; DOB distance 0 day(s)
cm0203_vanilla_original,44509,Devran Ayhan,https://www.wikidata.org/wiki/Q4059038,unique accent/order-insensitive token match; DOB distance 0 day(s)
cm0203_vanilla_original,44510,Erdoğan Yılmaz,https://www.wikidata.org/wiki/Q6082896,unique accent/order-insensitive token match; DOB distance 0 day(s)
cm0203_vanilla_original,44516,İsmail Demirci,https://www.wikidata.org/wiki/Q6091885,unique accent/order-insensitive token match; DOB distance 0 day(s)
cm0203_vanilla_original,44519,Kılıçarslan Kopuz,https://www.wikidata.org/wiki/Q6099633,unique accent/order-insensitive token match; DOB distance 0 day(s)
cm0203_vanilla_original,44520,Kürşat Duymuş,https://www.wikidata.org/wiki/Q523813,unique accent/order-insensitive token match; DOB distance 0 day(s)
cm0203_vanilla_original,44523,Koray Avcı,https://www.wikidata.org/wiki/Q326854,unique accent/order-insensitive token match; DOB distance 0 day(s)
cm0203_vanilla_original,44526,Selçuk Yıldırımkaya,https://www.wikidata.org/wiki/Q1537013,unique accent/order-insensitive token match; DOB distance 0 day(s)
cm0203_vanilla_original,44529,Ümit Ozan Kazmaz,https://www.wikidata.org/wiki/Q6088205,unique accent/order-insensitive token match; DOB distance 0 day(s)
cm0203_vanilla_original,44530,Zeki Sonbay,https://www.wikidata.org/wiki/Q113164231,unique accent/order-insensitive token match; DOB distance 0 day(s)
cm0203_vanilla_original,44540,Barış Özkan,https://www.wikidata.org/wiki/Q132967665,unique accent/order-insensitive token match; DOB distance 0 day(s)
cm0203_vanilla_original,44541,Şadi Çolak,https://www.wikidata.org/wiki/Q6087332,unique accent/order-insensitive token match; DOB distance 0 day(s)
cm0203_vanilla_original,44554,Aydın Kaldırım,https://www.wikidata.org/wiki/Q130484542,unique accent/order-insensitive token match; DOB distance 0 day(s)
cm0203_vanilla_original,44559,Eser Öztürk,https://www.wikidata.org/wiki/Q133849185,unique accent/order-insensitive token match; DOB distance 0 day(s)
cm0203_vanilla_original,44563,Murat Erdoğan,https://www.wikidata.org/wiki/Q1953539,unique accent/order-insensitive token match; DOB distance 0 day(s)
cm0203_vanilla_original,44565,Zeki Önatlı,https://www.wikidata.org/wiki/Q8068673,unique accent/order-insensitive token match; DOB distance 0 day(s)
cm0203_vanilla_original,44569,Adem Dursun,https://www.wikidata.org/wiki/Q4682114,unique accent/order-insensitive token match; DOB distance 0 day(s)
cm0203_vanilla_original,44570,Adnan Erkan,https://www.wikidata.org/wiki/Q359388,unique accent/order-insensitive token match; DOB distance 0 day(s)
cm0203_vanilla_original,44572,Birol Aksancak,https://www.wikidata.org/wiki/Q4916923,unique accent/order-insensitive token match; DOB distance 0 day(s)
cm0203_vanilla_original,44573,Faruk Sarman,https://www.wikidata.org/wiki/Q6092930,unique accent/order-insensitive token match; DOB distance 0 day(s)
cm0203_vanilla_original,44576,Hakan Kutlu,https://www.wikidata.org/wiki/Q1569830,unique accent/order-insensitive token match; DOB distance 0 day(s)
cm0203_vanilla_original,44577,Hakan Keleş,https://www.wikidata.org/wiki/Q6077849,unique accent/order-insensitive token match; DOB distance 0 day(s)
cm0203_vanilla_original,44579,Mehmet Türkmehmet,https://www.wikidata.org/wiki/Q1917362,unique accent/order-insensitive token match; DOB distance 0 day(s)
cm0203_vanilla_original,44586,Özkan Karslı,https://www.wikidata.org/wiki/Q15856105,unique accent/order-insensitive token match; DOB distance 0 day(s)
cm0203_vanilla_original,44589,Umut Hatipoğlu,https://www.wikidata.org/wiki/Q2506954,unique accent/order-insensitive token match; DOB distance 0 day(s)
cm0203_vanilla_original,44590,Yılmaz Özlem,https://www.wikidata.org/wiki/Q1717999,unique accent/order-insensitive token match; DOB distance 0 day(s)
cm0203_vanilla_original,44591,Zafer Uysal,https://www.wikidata.org/wiki/Q6094494,unique accent/order-insensitive token match; DOB distance 0 day(s)
cm0203_vanilla_original,44592,Zafer Özgültekin,https://www.wikidata.org/wiki/Q140168,unique accent/order-insensitive token match; DOB distance 0 day(s)
cm0203_vanilla_original,44596,Abdülkadir Demirci,https://www.wikidata.org/wiki/Q17045440,unique accent/order-insensitive token match; DOB distance 0 day(s)
cm0203_vanilla_original,44599,Erman Özgür,https://www.wikidata.org/wiki/Q2542760,unique accent/order-insensitive token match; DOB distance 0 day(s)
cm0203_vanilla_original,44600,Fatih Tekke,https://www.wikidata.org/wiki/Q559158,unique accent/order-insensitive token match; DOB distance 0 day(s)
cm0203_vanilla_original,44601,Gökdeniz Karadeniz,https://www.wikidata.org/wiki/Q352815,unique accent/order-insensitive token match; DOB distance 0 day(s)
cm0203_vanilla_original,44602,Hasan Üçüncü,https://www.wikidata.org/wiki/Q630587,unique accent/order-insensitive token match; DOB distance 0 day(s)
cm0203_vanilla_original,44608,Okan Özke,https://www.wikidata.org/wiki/Q6098876,unique accent/order-insensitive token match; DOB distance 0 day(s)
cm0203_vanilla_original,44609,Osman Kurtuldu,https://www.wikidata.org/wiki/Q6082013,unique accent/order-insensitive token match; DOB distance 0 day(s)
cm0203_vanilla_original,44610,Selahattin Kınalı,https://www.wikidata.org/wiki/Q7447448,unique accent/order-insensitive token match; DOB distance 0 day(s)
cm0203_vanilla_original,44611,Ufuk Ali,https://www.wikidata.org/wiki/Q134378656,unique accent/order-insensitive token match; DOB distance 0 day(s)
cm0203_vanilla_original,44612,Niyazi Güney,https://www.wikidata.org/wiki/Q6095150,unique accent/order-insensitive token match; DOB distance 0 day(s)
cm0203_vanilla_original,44613,Cihat Arslan,https://www.wikidata.org/wiki/Q2645475,unique accent/order-insensitive token match; DOB distance 0 day(s)
cm0203_vanilla_original,44614,Cengizhan Hınçal,https://www.wikidata.org/wiki/Q2944233,unique accent/order-insensitive token match; DOB distance 0 day(s)
cm0203_vanilla_original,44615,Şevki Ekşi,https://www.wikidata.org/wiki/Q17047003,unique accent/order-insensitive token match; DOB distance 0 day(s)
cm0203_vanilla_original,44616,Yasin Çelik,https://www.wikidata.org/wiki/Q2856378,unique accent/order-insensitive token match; DOB distance 0 day(s)
cm0203_vanilla_original,44624,Gökhan Tokgöz,https://www.wikidata.org/wiki/Q5626484,unique accent/order-insensitive token match; DOB distance 0 day(s)
cm0203_vanilla_original,44625,Mustafa Kocabey,https://www.wikidata.org/wiki/Q3328883,unique accent/order-insensitive token match; DOB distance 0 day(s)
cm0203_vanilla_original,44627,Doğan Baykuş,https://www.wikidata.org/wiki/Q125072307,unique accent/order-insensitive token match; DOB distance 0 day(s)
cm0203_vanilla_original,44640,Turan Kuş,https://www.wikidata.org/wiki/Q6101563,unique accent/order-insensitive token match; DOB distance 0 day(s)
cm0203_vanilla_original,44641,Erman Ergin,https://www.wikidata.org/wiki/Q1355829,unique accent/order-insensitive token match; DOB distance 0 day(s)
cm0203_vanilla_original,44642,Ali Cansun Begeçarslan,https://www.wikidata.org/wiki/Q6055982,unique accent/order-insensitive token match; DOB distance 0 day(s)
cm0203_vanilla_original,44665,Ahmet Çağıran,https://www.wikidata.org/wiki/Q6083252,unique accent/order-insensitive token match; DOB distance 0 day(s)
cm0203_vanilla_original,44670,Kadri Sancak,https://www.wikidata.org/wiki/Q99672492,unique accent/order-insensitive token match; DOB distance 0 day(s)
cm0203_vanilla_original,44707,Mustafa Sarp,https://www.wikidata.org/wiki/Q426881,unique accent/order-insensitive token match; DOB distance 0 day(s)
cm0203_vanilla_original,44736,Ali Rıza Yılmaz,https://www.wikidata.org/wiki/Q61198452,unique accent/order-insensitive token match; DOB distance 0 day(s)
cm0203_vanilla_original,44737,Benhur Babaoğlu,https://www.wikidata.org/wiki/Q2895845,unique accent/order-insensitive token match; DOB distance 0 day(s)
cm0203_vanilla_original,44740,Nedim Yiğit,https://www.wikidata.org/wiki/Q17046520,unique accent/order-insensitive token match; DOB distance 0 day(s)
cm0203_vanilla_original,44742,Orhan Atik,https://www.wikidata.org/wiki/Q7102169,unique accent/order-insensitive token match; DOB distance 0 day(s)
cm0203_vanilla_original,44743,Serhat Güller,https://www.wikidata.org/wiki/Q2273309,unique accent/order-insensitive token match; DOB distance 0 day(s)
cm0203_vanilla_original,44746,Bülent Karaman,https://www.wikidata.org/wiki/Q6102611,unique accent/order-insensitive token match; DOB distance 0 day(s)
cm0203_vanilla_original,44753,İbrahim Yavuz,https://www.wikidata.org/wiki/Q343377,unique accent/order-insensitive token match; DOB distance 0 day(s)
cm0203_vanilla_original,44760,Halit Köprülü,https://www.wikidata.org/wiki/Q6094419,unique accent/order-insensitive token match; DOB distance 0 day(s)
cm0203_vanilla_original,44761,Muharrem Kasa,https://www.wikidata.org/wiki/Q15136493,unique accent/order-insensitive token match; DOB distance 0 day(s)
cm0203_vanilla_original,44767,Murat Salar,https://www.wikidata.org/wiki/Q6937422,unique accent/order-insensitive token match; DOB distance 0 day(s)
cm0203_vanilla_original,44768,Hasan Gültang,https://www.wikidata.org/wiki/Q10433603,unique accent/order-insensitive token match; DOB distance 0 day(s)
cm0203_vanilla_original,44775,Erdal Güneş,https://www.wikidata.org/wiki/Q6103478,unique accent/order-insensitive token match; DOB distance 0 day(s)
cm0203_vanilla_original,44778,Harun Avgın,https://www.wikidata.org/wiki/Q12809885,unique accent/order-insensitive token match; DOB distance 0 day(s)
cm0203_vanilla_original,44784,Kasım Çıkla,https://www.wikidata.org/wiki/Q6093960,unique accent/order-insensitive token match; DOB distance 0 day(s)
cm0203_vanilla_original,44789,Bülent Şimşek,https://www.wikidata.org/wiki/Q6094796,unique accent/order-insensitive token match; DOB distance 0 day(s)
cm0203_vanilla_original,44796,Merthan Açıl,https://www.wikidata.org/wiki/Q1242664,unique accent/order-insensitive token match; DOB distance 0 day(s)
cm0203_vanilla_original,44800,Seyfettin Kurtulmuş,https://www.wikidata.org/wiki/Q6103882,unique accent/order-insensitive token match; DOB distance 0 day(s)
cm0203_vanilla_original,44801,Sertan Vardar,https://www.wikidata.org/wiki/Q2274029,unique accent/order-insensitive token match; DOB distance 0 day(s)
cm0203_vanilla_original,44805,Hasan Kabze,https://www.wikidata.org/wiki/Q719346,unique accent/order-insensitive token match; DOB distance 0 day(s)
cm0203_vanilla_original,44811,Sedat Yeşilkaya,https://www.wikidata.org/wiki/Q7445146,unique accent/order-insensitive token match; DOB distance 0 day(s)
cm0203_vanilla_original,44815,Serkan Silan,https://www.wikidata.org/wiki/Q7454951,unique accent/order-insensitive token match; DOB distance 0 day(s)
cm0203_vanilla_original,44818,Serkan Yıldık,https://www.wikidata.org/wiki/Q7454954,unique accent/order-insensitive token match; DOB distance 0 day(s)
cm0203_vanilla_original,44819,Atacan Öztürk,https://www.wikidata.org/wiki/Q753135,unique accent/order-insensitive token match; DOB distance 0 day(s)
cm0203_vanilla_original,44827,Muzaffer Akdoğan,https://www.wikidata.org/wiki/Q125147430,unique accent/order-insensitive token match; DOB distance 0 day(s)
cm0203_vanilla_original,44834,Murat Türksoy,https://www.wikidata.org/wiki/Q6020758,unique accent/order-insensitive token match; DOB distance 0 day(s)
cm0203_vanilla_original,44842,Sedat Bayrak,https://www.wikidata.org/wiki/Q278065,unique accent/order-insensitive token match; DOB distance 0 day(s)
cm0203_vanilla_original,44847,Ali İşleyen,https://www.wikidata.org/wiki/Q15856606,unique accent/order-insensitive token match; DOB distance 0 day(s)
cm0203_vanilla_original,44848,Gökhan Ünal,https://www.wikidata.org/wiki/Q767468,unique accent/order-insensitive token match; DOB distance 0 day(s)
cm0203_vanilla_original,44860,Eren Özen,https://www.wikidata.org/wiki/Q1350006,unique accent/order-insensitive token match; DOB distance 0 day(s)
cm0203_vanilla_original,44862,Serkan Balcı,https://www.wikidata.org/wiki/Q547797,unique accent/order-insensitive token match; DOB distance 0 day(s)
cm0203_vanilla_original,44866,Onur İçli,https://www.wikidata.org/wiki/Q7095097,unique accent/order-insensitive token match; DOB distance 0 day(s)
cm0203_vanilla_original,44867,Süleyman Varlık,https://www.wikidata.org/wiki/Q6087930,unique accent/order-insensitive token match; DOB distance 0 day(s)
cm0203_vanilla_original,44877,İlkay Margılıçlı,https://www.wikidata.org/wiki/Q6102054,unique accent/order-insensitive token match; DOB distance 0 day(s)
cm0203_vanilla_original,44879,Adem Kaya,https://www.wikidata.org/wiki/Q6080587,unique accent/order-insensitive token match; DOB distance 0 day(s)
cm0203_vanilla_original,44881,İbrahim Toraman,https://www.wikidata.org/wiki/Q343372,unique accent/order-insensitive token match; DOB distance 0 day(s)
cm0203_vanilla_original,44882,Metin Kurt,https://www.wikidata.org/wiki/Q6083827,unique accent/order-insensitive token match; DOB distance 0 day(s)
cm0203_vanilla_original,44885,Ulaş Meyan,https://www.wikidata.org/wiki/Q6074004,unique accent/order-insensitive token match; DOB distance 0 day(s)
cm0203_vanilla_original,44888,Aydın Tuna,https://www.wikidata.org/wiki/Q6081704,unique accent/order-insensitive token match; DOB distance 0 day(s)
cm0203_vanilla_original,44903,Zafer Şahin,https://www.wikidata.org/wiki/Q8064285,unique accent/order-insensitive token match; DOB distance 0 day(s)
cm0203_vanilla_original,44918,Bora Körk,https://www.wikidata.org/wiki/Q893284,unique accent/order-insensitive token match; DOB distance 0 day(s)
cm0203_vanilla_original,44927,Fatih Egedik,https://www.wikidata.org/wiki/Q5437785,unique accent/order-insensitive token match; DOB distance 0 day(s)
cm0203_vanilla_original,44930,Taylan Uzunoğlu,https://www.wikidata.org/wiki/Q6102924,unique accent/order-insensitive token match; DOB distance 0 day(s)
cm0203_vanilla_original,44939,İlkem Özkaynak,https://www.wikidata.org/wiki/Q343789,unique accent/order-insensitive token match; DOB distance 0 day(s)
cm0203_vanilla_original,44951,Kenan Aşkan,https://www.wikidata.org/wiki/Q15859584,unique accent/order-insensitive token match; DOB distance 0 day(s)
cm0203_vanilla_original,44952,Mücahit Dönmez,https://www.wikidata.org/wiki/Q97667375,unique accent/order-insensitive token match; DOB distance 0 day(s)
cm0203_vanilla_original,44955,Nuri Yılmaz,https://www.wikidata.org/wiki/Q134316870,unique accent/order-insensitive token match; DOB distance 0 day(s)
cm0203_vanilla_original,44956,Fırat Akkoyun,https://www.wikidata.org/wiki/Q5511809,unique accent/order-insensitive token match; DOB distance 0 day(s)
cm0203_vanilla_original,44958,Turan Akkoyun,https://www.wikidata.org/wiki/Q6039629,unique accent/order-insensitive token match; DOB distance 0 day(s)
cm0203_vanilla_original,44985,Mehmet Yıldız,https://www.wikidata.org/wiki/Q371492,unique accent/order-insensitive token match; DOB distance 0 day(s)
cm0203_vanilla_original,44987,Harun Ovalıoğlu,https://www.wikidata.org/wiki/Q6063525,unique accent/order-insensitive token match; DOB distance 0 day(s)
cm0203_vanilla_original,45015,Hakan Akbulut,https://www.wikidata.org/wiki/Q139595197,unique accent/order-insensitive token match; DOB distance 0 day(s)
cm0203_vanilla_original,45016,İbrahim Parlayan,https://www.wikidata.org/wiki/Q134316590,unique accent/order-insensitive token match; DOB distance 0 day(s)
cm0203_vanilla_original,45017,Umut Sağır,https://www.wikidata.org/wiki/Q130484538,unique accent/order-insensitive token match; DOB distance 0 day(s)
cm0203_vanilla_original,45027,Ali Kulaksız,https://www.wikidata.org/wiki/Q132861958,unique accent/order-insensitive token match; DOB distance 0 day(s)
cm0203_vanilla_original,45031,Şehmus Özer,https://www.wikidata.org/wiki/Q388687,unique accent/order-insensitive token match; DOB distance 0 day(s)
cm0203_vanilla_original,45041,Hakan Saral,https://www.wikidata.org/wiki/Q134394829,unique accent/order-insensitive token match; DOB distance 0 day(s)
cm0203_vanilla_original,45042,İlker Avcıbay,https://www.wikidata.org/wiki/Q343801,unique accent/order-insensitive token match; DOB distance 0 day(s)
cm0203_vanilla_original,45095,Murat Baytaroğlu,https://www.wikidata.org/wiki/Q6102533,unique accent/order-insensitive token match; DOB distance 0 day(s)
cm0203_vanilla_original,45163,Musa Kuş,https://www.wikidata.org/wiki/Q6082042,unique accent/order-insensitive token match; DOB distance 0 day(s)
cm0203_vanilla_original,45164,Ramazan Altıntepe,https://www.wikidata.org/wiki/Q1752088,unique accent/order-insensitive token match; DOB distance 0 day(s)
cm0203_vanilla_original,45175,Kâzım Sarı,https://www.wikidata.org/wiki/Q1737597,unique accent/order-insensitive token match; DOB distance 0 day(s)
cm0203_vanilla_original,45197,Ömer Hacısalihoğlu,https://www.wikidata.org/wiki/Q6102699,unique accent/order-insensitive token match; DOB distance 0 day(s)
cm0203_vanilla_original,45231,Güven Varol,https://www.wikidata.org/wiki/Q1562318,unique accent/order-insensitive token match; DOB distance 0 day(s)
cm0203_vanilla_original,45291,Emre Toraman,https://www.wikidata.org/wiki/Q1339601,unique accent/order-insensitive token match; DOB distance 0 day(s)
cm0203_vanilla_original,45297,Volkan Demirel,https://www.wikidata.org/wiki/Q209992,unique accent/order-insensitive token match; DOB distance 0 day(s)
cm0203_vanilla_original,45298,Ferit Cömert,https://www.wikidata.org/wiki/Q1406339,unique accent/order-insensitive token match; DOB distance 0 day(s)
cm0203_vanilla_original,45302,Sinan Kaloğlu,https://www.wikidata.org/wiki/Q1396846,unique accent/order-insensitive token match; DOB distance 0 day(s)
cm0203_vanilla_original,45315,Serkan Albayrak,https://www.wikidata.org/wiki/Q134378647,unique accent/order-insensitive token match; DOB distance 0 day(s)
cm0203_vanilla_original,45339,Sofu Baykal,https://www.wikidata.org/wiki/Q23920588,unique accent/order-insensitive token match; DOB distance 0 day(s)
cm0203_vanilla_original,45340,Muzaffer Taşkın,https://www.wikidata.org/wiki/Q20472946,unique accent/order-insensitive token match; DOB distance 0 day(s)
cm0203_vanilla_original,45364,İlhan Özbay,https://www.wikidata.org/wiki/Q343704,unique accent/order-insensitive token match; DOB distance 0 day(s)
cm0203_vanilla_original,45370,Erman Özcan,https://www.wikidata.org/wiki/Q6082812,unique accent/order-insensitive token match; DOB distance 0 day(s)
cm0203_vanilla_original,45373,Adem Koçak,https://www.wikidata.org/wiki/Q354522,unique accent/order-insensitive token match; DOB distance 0 day(s)
cm0203_vanilla_original,45375,Tayfun Özkan,https://www.wikidata.org/wiki/Q12812095,unique accent/order-insensitive token match; DOB distance 0 day(s)
cm0203_vanilla_original,45379,Rızvan Şahin,https://www.wikidata.org/wiki/Q1661819,unique accent/order-insensitive token match; DOB distance 0 day(s)
cm0203_vanilla_original,45381,Tolga Altun,https://www.wikidata.org/wiki/Q6024047,unique accent/order-insensitive token match; DOB distance 0 day(s)
cm0203_vanilla_original,45384,Çetin Güner,https://www.wikidata.org/wiki/Q6104501,unique accent/order-insensitive token match; DOB distance 0 day(s)
cm0203_vanilla_original,45395,Özgür Öcal,https://www.wikidata.org/wiki/Q307863,unique accent/order-insensitive token match; DOB distance 0 day(s)
cm0203_vanilla_original,45404,Taylan Eliaçık,https://www.wikidata.org/wiki/Q2397812,unique accent/order-insensitive token match; DOB distance 0 day(s)
cm0203_vanilla_original,45434,Barış Durmaz,https://www.wikidata.org/wiki/Q809710,unique accent/order-insensitive token match; DOB distance 0 day(s)
cm0203_vanilla_original,45444,Hakan Özlü,https://www.wikidata.org/wiki/Q134597355,unique accent/order-insensitive token match; DOB distance 0 day(s)
cm0203_vanilla_original,45451,Mustafa Özşahin,https://www.wikidata.org/wiki/Q134416685,unique accent/order-insensitive token match; DOB distance 0 day(s)
cm0203_vanilla_original,45454,Burhan Coşkun,https://www.wikidata.org/wiki/Q6079190,unique accent/order-insensitive token match; DOB distance 0 day(s)
cm0203_vanilla_original,45506,Necat Barut,https://www.wikidata.org/wiki/Q6055041,unique accent/order-insensitive token match; DOB distance 0 day(s)
cm0203_vanilla_original,45534,Galip Acuner,https://www.wikidata.org/wiki/Q134400493,unique accent/order-insensitive token match; DOB distance 0 day(s)
cm0203_vanilla_original,45543,İskender Eroğlu,https://www.wikidata.org/wiki/Q133890104,unique accent/order-insensitive token match; DOB distance 0 day(s)
cm0203_vanilla_original,45568,Eray Er,https://www.wikidata.org/wiki/Q6068447,unique accent/order-insensitive token match; DOB distance 0 day(s)
cm0203_vanilla_original,45574,Kurtuluş Dölek,https://www.wikidata.org/wiki/Q134378671,unique accent/order-insensitive token match; DOB distance 0 day(s)
cm0203_vanilla_original,45587,Erhan Uyaroğlu,https://www.wikidata.org/wiki/Q19279202,unique accent/order-insensitive token match; DOB distance 0 day(s)
cm0203_vanilla_original,45590,Hüsnü Zeybekoğlu,https://www.wikidata.org/wiki/Q5965017,unique accent/order-insensitive token match; DOB distance 0 day(s)
cm0203_vanilla_original,45592,Sabri Sarıoğlu,https://www.wikidata.org/wiki/Q347172,unique accent/order-insensitive token match; DOB distance 0 day(s)
cm0203_vanilla_original,45595,Eyüp Kaymakçı,https://www.wikidata.org/wiki/Q6100971,unique accent/order-insensitive token match; DOB distance 0 day(s)
cm0203_vanilla_original,45596,Ömer Ateş,https://www.wikidata.org/wiki/Q297447,unique accent/order-insensitive token match; DOB distance 0 day(s)
cm0203_vanilla_original,45601,Erhan Yıldırım,https://www.wikidata.org/wiki/Q6037198,unique accent/order-insensitive token match; DOB distance 0 day(s)
cm0203_vanilla_original,45605,Orhan Altay,https://www.wikidata.org/wiki/Q6102297,unique accent/order-insensitive token match; DOB distance 0 day(s)
cm0203_vanilla_original,45639,İlhan Ummak,https://www.wikidata.org/wiki/Q343671,unique accent/order-insensitive token match; DOB distance 0 day(s)
cm0203_vanilla_original,45651,Recep Atılgan,https://www.wikidata.org/wiki/Q6005959,unique accent/order-insensitive token match; DOB distance 0 day(s)
cm0203_vanilla_original,45655,Yakup Can,https://www.wikidata.org/wiki/Q117472483,unique accent/order-insensitive token match; DOB distance 0 day(s)
cm0203_vanilla_original,45659,Burhan Kaba,https://www.wikidata.org/wiki/Q122158848,unique accent/order-insensitive token match; DOB distance 0 day(s)
cm0203_vanilla_original,45691,Kemal Karakaş,https://www.wikidata.org/wiki/Q132967662,unique accent/order-insensitive token match; DOB distance 0 day(s)
cm0203_vanilla_original,45715,Mustafa Kalafatoğlu,https://www.wikidata.org/wiki/Q134378678,unique accent/order-insensitive token match; DOB distance 0 day(s)
cm0203_vanilla_original,45747,Temur Altunhan,https://www.wikidata.org/wiki/Q47499830,unique accent/order-insensitive token match; DOB distance 0 day(s)
cm0203_vanilla_original,45761,Metin Aydemir,https://www.wikidata.org/wiki/Q6092015,unique accent/order-insensitive token match; DOB distance 0 day(s)
cm0203_vanilla_original,45792,Ersan Deniz,https://www.wikidata.org/wiki/Q130484554,unique accent/order-insensitive token match; DOB distance 0 day(s)
cm0203_vanilla_original,45808,Gökhan Kök,https://www.wikidata.org/wiki/Q5626479,unique accent/order-insensitive token match; DOB distance 0 day(s)
cm0203_vanilla_original,45810,Kemal Özyurt,https://www.wikidata.org/wiki/Q6102230,unique accent/order-insensitive token match; DOB distance 0 day(s)
cm0203_vanilla_original,45815,Şener Aşkaroğlu,https://www.wikidata.org/wiki/Q388798,unique accent/order-insensitive token match; DOB distance 0 day(s)
cm0203_vanilla_original,45816,Tolga Özgen,https://www.wikidata.org/wiki/Q2439273,unique accent/order-insensitive token match; DOB distance 0 day(s)
cm0203_vanilla_original,45819,Çağdaş Atan,https://www.wikidata.org/wiki/Q272727,unique accent/order-insensitive token match; DOB distance 0 day(s)
cm0203_vanilla_original,45840,Ahmet Ersoy,https://www.wikidata.org/wiki/Q115961990,unique accent/order-insensitive token match; DOB distance 0 day(s)
cm0203_vanilla_original,45852,Abdi Aktaş,https://www.wikidata.org/wiki/Q308140,unique accent/order-insensitive token match; DOB distance 0 day(s)
cm0203_vanilla_original,45858,Eriş Özkan,https://www.wikidata.org/wiki/Q5389625,unique accent/order-insensitive token match; DOB distance 0 day(s)
cm0203_vanilla_original,45884,Serhan Hacıhüseyinoğlu,https://www.wikidata.org/wiki/Q125050884,unique accent/order-insensitive token match; DOB distance 0 day(s)
cm0203_vanilla_original,45894,Ersin Şahin,https://www.wikidata.org/wiki/Q6101581,unique accent/order-insensitive token match; DOB distance 0 day(s)
cm0203_vanilla_original,45895,Ahmet Mercan,https://www.wikidata.org/wiki/Q42842556,unique accent/order-insensitive token match; DOB distance 0 day(s)
cm0203_vanilla_original,45902,Güray Gündoğdu,https://www.wikidata.org/wiki/Q6100510,unique accent/order-insensitive token match; DOB distance 0 day(s)
cm0203_vanilla_original,45905,Emrah Bozkurt,https://www.wikidata.org/wiki/Q1339514,unique accent/order-insensitive token match; DOB distance 0 day(s)
cm0203_vanilla_original,45917,Sedat İrfan,https://www.wikidata.org/wiki/Q1767745,unique accent/order-insensitive token match; DOB distance 0 day(s)
cm0203_vanilla_original,45918,Umut Bulut,https://www.wikidata.org/wiki/Q946473,unique accent/order-insensitive token match; DOB distance 0 day(s)
cm0203_vanilla_original,45926,Onur Acar,https://www.wikidata.org/wiki/Q7095093,unique accent/order-insensitive token match; DOB distance 0 day(s)
cm0203_vanilla_original,45927,Behram Zülaloğlu,https://www.wikidata.org/wiki/Q814550,unique accent/order-insensitive token match; DOB distance 0 day(s)
cm0203_vanilla_original,45928,Emre Güngör,https://www.wikidata.org/wiki/Q441580,unique accent/order-insensitive token match; DOB distance 0 day(s)
cm0203_vanilla_original,45933,Mehmet Öncan,https://www.wikidata.org/wiki/Q6053804,unique accent/order-insensitive token match; DOB distance 0 day(s)
cm0203_vanilla_original,45934,Saffet Kaya,https://www.wikidata.org/wiki/Q18057189,unique accent/order-insensitive token match; DOB distance 0 day(s)
cm0203_vanilla_original,45942,Evren Kürkçü,https://www.wikidata.org/wiki/Q6102138,unique accent/order-insensitive token match; DOB distance 0 day(s)
cm0203_vanilla_original,45946,Tayfun Taner,https://www.wikidata.org/wiki/Q6097211,unique accent/order-insensitive token match; DOB distance 0 day(s)
cm0203_vanilla_original,45949,Adem Gezici,https://www.wikidata.org/wiki/Q6033883,unique accent/order-insensitive token match; DOB distance 0 day(s)
cm0203_vanilla_original,45954,Serdar Özbayraktar,https://www.wikidata.org/wiki/Q775542,unique accent/order-insensitive token match; DOB distance 0 day(s)
cm0203_vanilla_original,45957,Kenan Başkan,https://www.wikidata.org/wiki/Q130484532,unique accent/order-insensitive token match; DOB distance 0 day(s)
cm0203_vanilla_original,45972,Hakan Tüfekçi,https://www.wikidata.org/wiki/Q134469042,unique accent/order-insensitive token match; DOB distance 0 day(s)
cm0203_vanilla_original,45973,Osman Durmuş,https://www.wikidata.org/wiki/Q134396370,unique accent/order-insensitive token match; DOB distance 0 day(s)
cm0203_vanilla_original,45979,Kamber Arslan,https://www.wikidata.org/wiki/Q1722875,unique accent/order-insensitive token match; DOB distance 0 day(s)
cm0203_vanilla_original,45989,Gökhan Kaba,https://www.wikidata.org/wiki/Q1559266,unique accent/order-insensitive token match; DOB distance 0 day(s)
cm0203_vanilla_original,46020,Yunus İçuz,https://www.wikidata.org/wiki/Q8061400,unique accent/order-insensitive token match; DOB distance 0 day(s)
cm0203_vanilla_original,46042,Soner Şahin,https://www.wikidata.org/wiki/Q1669403,unique accent/order-insensitive token match; DOB distance 0 day(s)
cm0203_vanilla_original,46049,Yaşar Kabakçı,https://www.wikidata.org/wiki/Q15728702,unique accent/order-insensitive token match; DOB distance 0 day(s)
cm0203_vanilla_original,46114,Özgür Ergün,https://www.wikidata.org/wiki/Q6100449,unique accent/order-insensitive token match; DOB distance 0 day(s)
cm0203_vanilla_original,46117,Türker Demirhan,https://www.wikidata.org/wiki/Q6102147,unique accent/order-insensitive token match; DOB distance 0 day(s)
cm0203_vanilla_original,46119,Emrah Umut,https://www.wikidata.org/wiki/Q28836107,unique accent/order-insensitive token match; DOB distance 0 day(s)
cm0203_vanilla_original,46127,Orhan Kalafat,https://www.wikidata.org/wiki/Q6094069,unique accent/order-insensitive token match; DOB distance 0 day(s)
cm0203_vanilla_original,46137,Kenan Aslanoğlu,https://www.wikidata.org/wiki/Q656673,unique accent/order-insensitive token match; DOB distance 0 day(s)
cm0203_vanilla_original,46189,Fikret Bademci,https://www.wikidata.org/wiki/Q6081845,unique accent/order-insensitive token match; DOB distance 0 day(s)
cm0203_vanilla_original,46198,Hüseyin Ulusal,https://www.wikidata.org/wiki/Q17045801,unique accent/order-insensitive token match; DOB distance 0 day(s)
cm0203_vanilla_original,46345,Uğur Boral,https://www.wikidata.org/wiki/Q2505360,unique accent/order-insensitive token match; DOB distance 0 day(s)
cm0203_vanilla_original,46360,Sercan Özçelik,https://www.wikidata.org/wiki/Q2272226,unique accent/order-insensitive token match; DOB distance 0 day(s)
cm0203_vanilla_original,46416,İskender Köksal,https://www.wikidata.org/wiki/Q8080193,unique accent/order-insensitive token match; DOB distance 0 day(s)
cm0203_vanilla_original,46426,Korhan Öztürk,https://www.wikidata.org/wiki/Q6432248,unique accent/order-insensitive token match; DOB distance 0 day(s)
cm0203_vanilla_original,46429,Mehmet Al,https://www.wikidata.org/wiki/Q1917306,unique accent/order-insensitive token match; DOB distance 0 day(s)
cm0203_vanilla_original,46431,Mustafa Öztürk,https://www.wikidata.org/wiki/Q107452838,unique accent/order-insensitive token match; DOB distance 0 day(s)
cm0203_vanilla_original,46437,Can Arat,https://www.wikidata.org/wiki/Q1031843,unique accent/order-insensitive token match; DOB distance 0 day(s)
cm0203_vanilla_original,46439,Ulaç Çağlayan,https://www.wikidata.org/wiki/Q6081753,unique accent/order-insensitive token match; DOB distance 0 day(s)
cm0203_vanilla_original,46440,Zafer Çevik,https://www.wikidata.org/wiki/Q140160,unique accent/order-insensitive token match; DOB distance 0 day(s)
cm0203_vanilla_original,46444,Sinan Turan,https://www.wikidata.org/wiki/Q6101636,unique accent/order-insensitive token match; DOB distance 0 day(s)
cm0203_vanilla_original,46456,Yalçın Ayhan,https://www.wikidata.org/wiki/Q727569,unique accent/order-insensitive token match; DOB distance 0 day(s)
cm0203_vanilla_original,46460,Serhat Sağat,https://www.wikidata.org/wiki/Q7454538,unique accent/order-insensitive token match; DOB distance 0 day(s)
cm0203_vanilla_original,46463,Hüseyin Kartal,https://www.wikidata.org/wiki/Q1530663,unique accent/order-insensitive token match; DOB distance 0 day(s)
cm0203_vanilla_original,46471,Ercan Ünal,https://www.wikidata.org/wiki/Q6101892,unique accent/order-insensitive token match; DOB distance 0 day(s)
cm0203_vanilla_original,46478,Eren Aydın,https://www.wikidata.org/wiki/Q1349995,unique accent/order-insensitive token match; DOB distance 0 day(s)
cm0203_vanilla_original,46484,Selçuk İnan,https://www.wikidata.org/wiki/Q936379,unique accent/order-insensitive token match; DOB distance 0 day(s)
cm0203_vanilla_original,46488,Doğa Kaya,https://www.wikidata.org/wiki/Q1253603,unique accent/order-insensitive token match; DOB distance 0 day(s)
cm0203_vanilla_original,46490,Ramazan Durdu,https://www.wikidata.org/wiki/Q2130003,unique accent/order-insensitive token match; DOB distance 0 day(s)
cm0203_vanilla_original,46504,Mustafa Sevgi,https://www.wikidata.org/wiki/Q1426601,unique accent/order-insensitive token match; DOB distance 0 day(s)
cm0203_vanilla_original,46527,Musa Büyük,https://www.wikidata.org/wiki/Q10382469,unique accent/order-insensitive token match; DOB distance 0 day(s)
cm0203_vanilla_original,46532,Mesut Toros,https://www.wikidata.org/wiki/Q120761926,unique accent/order-insensitive token match; DOB distance 0 day(s)
cm0203_vanilla_original,46533,Mert Kaytankaş,https://www.wikidata.org/wiki/Q1587571,unique accent/order-insensitive token match; DOB distance 0 day(s)
cm0203_vanilla_original,46546,Kani Çevik,https://www.wikidata.org/wiki/Q6081690,unique accent/order-insensitive token match; DOB distance 0 day(s)
cm0203_vanilla_original,46561,Murat Uluç,https://www.wikidata.org/wiki/Q63182849,unique accent/order-insensitive token match; DOB distance 0 day(s)
cm0203_vanilla_original,46570,Olgay Coşkun,https://www.wikidata.org/wiki/Q2019770,unique accent/order-insensitive token match; DOB distance 0 day(s)
cm0203_vanilla_original,46590,Sabri Gümüşsoy,https://www.wikidata.org/wiki/Q15709913,unique accent/order-insensitive token match; DOB distance 0 day(s)
cm0203_vanilla_original,46591,Taner Taşçı,https://www.wikidata.org/wiki/Q6080087,unique accent/order-insensitive token match; DOB distance 0 day(s)
cm0203_vanilla_original,46594,İsa Dündar,https://www.wikidata.org/wiki/Q134597361,unique accent/order-insensitive token match; DOB distance 0 day(s)
cm0203_vanilla_original,46595,Onur Demirtaş,https://www.wikidata.org/wiki/Q7095098,unique accent/order-insensitive token match; DOB distance 0 day(s)
cm0203_vanilla_original,46603,Eser Kardeşler,https://www.wikidata.org/wiki/Q76384057,unique accent/order-insensitive token match; DOB distance 0 day(s)
cm0203_vanilla_original,46618,Murat Akyüz,https://www.wikidata.org/wiki/Q1290838,unique accent/order-insensitive token match; DOB distance 0 day(s)
cm0203_vanilla_original,46649,Yaşar Erdoğan,https://www.wikidata.org/wiki/Q134449681,unique accent/order-insensitive token match; DOB distance 0 day(s)
cm0203_vanilla_original,46653,Tanıl Özer,https://www.wikidata.org/wiki/Q6079299,unique accent/order-insensitive token match; DOB distance 0 day(s)
cm0203_vanilla_original,46658,Serkan Kırıntılı,https://www.wikidata.org/wiki/Q358765,unique accent/order-insensitive token match; DOB distance 0 day(s)
cm0203_vanilla_original,46659,Tolgahan Acar,https://www.wikidata.org/wiki/Q1369009,unique accent/order-insensitive token match; DOB distance 0 day(s)
cm0203_vanilla_original,46660,Umut Salgınoğlu,https://www.wikidata.org/wiki/Q6102975,unique accent/order-insensitive token match; DOB distance 0 day(s)
cm0203_vanilla_original,46661,Bulut Basmaz,https://www.wikidata.org/wiki/Q1004726,unique accent/order-insensitive token match; DOB distance 0 day(s)
cm0203_vanilla_original,46663,İbrahim Akın,https://www.wikidata.org/wiki/Q343234,unique accent/order-insensitive token match; DOB distance 0 day(s)
cm0203_vanilla_original,46667,İdris Hacıfazlıoğlu,https://www.wikidata.org/wiki/Q130484556,unique accent/order-insensitive token match; DOB distance 0 day(s)
cm0203_vanilla_original,46668,Ceyhun Yelkenci,https://www.wikidata.org/wiki/Q130484533,unique accent/order-insensitive token match; DOB distance 0 day(s)
cm0203_vanilla_original,46679,Ali Öztürk,https://www.wikidata.org/wiki/Q4725334,unique accent/order-insensitive token match; DOB distance 0 day(s)
cm0203_vanilla_original,46680,Eser Yağmur,https://www.wikidata.org/wiki/Q820148,unique accent/order-insensitive token match; DOB distance 0 day(s)
cm0203_vanilla_original,46683,Serdar Özkan,https://www.wikidata.org/wiki/Q577265,unique accent/order-insensitive token match; DOB distance 0 day(s)
cm0203_vanilla_original,46685,Emin Aladağ,https://www.wikidata.org/wiki/Q967755,unique accent/order-insensitive token match; DOB distance 0 day(s)
cm0203_vanilla_original,46686,Metin Akan,https://www.wikidata.org/wiki/Q587385,unique accent/order-insensitive token match; DOB distance 0 day(s)
cm0203_vanilla_original,46687,Şenol Can,https://www.wikidata.org/wiki/Q388863,unique accent/order-insensitive token match; DOB distance 0 day(s)
cm0203_vanilla_original,46688,Fatih Yiğen,https://www.wikidata.org/wiki/Q1398118,unique accent/order-insensitive token match; DOB distance 0 day(s)
cm0203_vanilla_original,46690,Bilal Kısa,https://www.wikidata.org/wiki/Q860285,unique accent/order-insensitive token match; DOB distance 0 day(s)
cm0203_vanilla_original,46691,Mithat Yaşar,https://www.wikidata.org/wiki/Q1225004,unique accent/order-insensitive token match; DOB distance 0 day(s)
cm0203_vanilla_original,46693,Cafercan Aksu,https://www.wikidata.org/wiki/Q556101,unique accent/order-insensitive token match; DOB distance 0 day(s)
cm0203_vanilla_original,46696,İlhan Çelikay,https://www.wikidata.org/wiki/Q12812922,unique accent/order-insensitive token match; DOB distance 0 day(s)
cm0203_vanilla_original,46697,İrfan Başaran,https://www.wikidata.org/wiki/Q344007,unique accent/order-insensitive token match; DOB distance 0 day(s)
cm0203_vanilla_original,46700,Sedat Debreli,https://www.wikidata.org/wiki/Q28874614,unique accent/order-insensitive token match; DOB distance 0 day(s)
cm0203_vanilla_original,46702,Bilal Türkgüler,https://www.wikidata.org/wiki/Q6101338,unique accent/order-insensitive token match; DOB distance 0 day(s)
cm0203_vanilla_original,46706,Onur Okan,https://www.wikidata.org/wiki/Q15837612,unique accent/order-insensitive token match; DOB distance 0 day(s)
cm0203_vanilla_original,46707,Ömer Közen,https://www.wikidata.org/wiki/Q10442838,unique accent/order-insensitive token match; DOB distance 0 day(s)
cm0203_vanilla_original,46709,Gökhan Gönül,https://www.wikidata.org/wiki/Q730284,unique accent/order-insensitive token match; DOB distance 0 day(s)
cm0203_vanilla_original,46710,Orhan Şam,https://www.wikidata.org/wiki/Q442755,unique accent/order-insensitive token match; DOB distance 0 day(s)
cm0203_vanilla_original,46712,Koray Çölgeçen,https://www.wikidata.org/wiki/Q1338407,unique accent/order-insensitive token match; DOB distance 0 day(s)
cm0203_vanilla_original,46714,Özgür Atılgan,https://www.wikidata.org/wiki/Q6101437,unique accent/order-insensitive token match; DOB distance 0 day(s)
cm0203_vanilla_original,46717,Caner Celep,https://www.wikidata.org/wiki/Q5032272,unique accent/order-insensitive token match; DOB distance 0 day(s)
cm0203_vanilla_original,46719,Onur Tuncer,https://www.wikidata.org/wiki/Q1440540,unique accent/order-insensitive token match; DOB distance 0 day(s)
cm0203_vanilla_original,46721,Osman Fırat,https://www.wikidata.org/wiki/Q2034262,unique accent/order-insensitive token match; DOB distance 0 day(s)
cm0203_vanilla_original,46722,Sancak Kaplan,https://www.wikidata.org/wiki/Q1610479,unique accent/order-insensitive token match; DOB distance 0 day(s)
cm0203_vanilla_original,46727,Caner Altın,https://www.wikidata.org/wiki/Q20473915,unique accent/order-insensitive token match; DOB distance 0 day(s)
cm0203_vanilla_original,46731,Ali Şen Kandil,https://www.wikidata.org/wiki/Q15786493,unique accent/order-insensitive token match; DOB distance 0 day(s)
cm0203_vanilla_original,46732,Cemre Atmaca,https://www.wikidata.org/wiki/Q6088688,unique accent/order-insensitive token match; DOB distance 0 day(s)
cm0203_vanilla_original,46733,Ergin Keleş,https://www.wikidata.org/wiki/Q1350603,unique accent/order-insensitive token match; DOB distance 0 day(s)
cm0203_vanilla_original,46734,Feridun Sungur,https://www.wikidata.org/wiki/Q5444316,unique accent/order-insensitive token match; DOB distance 0 day(s)
cm0203_vanilla_original,46736,Tayfun Cora,https://www.wikidata.org/wiki/Q352891,unique accent/order-insensitive token match; DOB distance 0 day(s)
cm0203_vanilla_original,46737,Tolga Zengin,https://www.wikidata.org/wiki/Q277568,unique accent/order-insensitive token match; DOB distance 0 day(s)
cm0203_vanilla_original,46738,Hakan Arıkan,https://www.wikidata.org/wiki/Q632382,unique accent/order-insensitive token match; DOB distance 0 day(s)
cm0203_vanilla_original,46742,Uğurtan Çepni,https://www.wikidata.org/wiki/Q6087688,unique accent/order-insensitive token match; DOB distance 0 day(s)
cm0203_vanilla_original,46747,Burak Yılmaz,https://www.wikidata.org/wiki/Q18765,unique accent/order-insensitive token match; DOB distance 0 day(s)
cm0203_vanilla_original,46758,Mehmet Topal,https://www.wikidata.org/wiki/Q348199,unique accent/order-insensitive token match; DOB distance 0 day(s)
cm0203_vanilla_original,46760,Fırat Çakmak,https://www.wikidata.org/wiki/Q6102243,unique accent/order-insensitive token match; DOB distance 0 day(s)
cm0203_vanilla_original,46762,İbrahim Ege,https://www.wikidata.org/wiki/Q8080021,unique accent/order-insensitive token match; DOB distance 0 day(s)
cm0203_vanilla_original,46763,İbrahim Şahin,https://www.wikidata.org/wiki/Q343406,unique accent/order-insensitive token match; DOB distance 0 day(s)
cm0203_vanilla_original,46776,Yiğit İncedemir,https://www.wikidata.org/wiki/Q522718,unique accent/order-insensitive token match; DOB distance 0 day(s)
cm0203_vanilla_original,46783,Doğan Şahin,https://www.wikidata.org/wiki/Q6101738,unique accent/order-insensitive token match; DOB distance 0 day(s)
cm0203_vanilla_original,46791,Koray Karagözoğlu,https://www.wikidata.org/wiki/Q6431452,unique accent/order-insensitive token match; DOB distance 0 day(s)
cm0203_vanilla_original,46798,Hüseyin Eroğlu,https://www.wikidata.org/wiki/Q18371982,unique accent/order-insensitive token match; DOB distance 0 day(s)
cm0203_vanilla_original,46802,Aytek Aşıkoğlu,https://www.wikidata.org/wiki/Q793322,unique accent/order-insensitive token match; DOB distance 0 day(s)
cm0203_vanilla_original,46810,Birol Hikmet,https://www.wikidata.org/wiki/Q865827,unique accent/order-insensitive token match; DOB distance 0 day(s)
cm0203_vanilla_original,46827,Savaş Esen,https://www.wikidata.org/wiki/Q6080880,unique accent/order-insensitive token match; DOB distance 0 day(s)
cm0203_vanilla_original,46835,Uğur Kavuk,https://www.wikidata.org/wiki/Q1723232,unique accent/order-insensitive token match; DOB distance 0 day(s)
cm0203_vanilla_original,46837,Oğuzhan Bahadır,https://www.wikidata.org/wiki/Q2043180,unique accent/order-insensitive token match; DOB distance 0 day(s)
cm0203_vanilla_original,46852,Mehmet Çakır,https://www.wikidata.org/wiki/Q725766,unique accent/order-insensitive token match; DOB distance 0 day(s)
cm0203_vanilla_original,46876,Ozan Öztürk,https://www.wikidata.org/wiki/Q15837998,unique accent/order-insensitive token match; DOB distance 0 day(s)
cm0203_vanilla_original,53991,Murat Yakın,https://www.wikidata.org/wiki/Q113245,unique accent/order-insensitive token match; DOB distance 0 day(s)
cm0203_vanilla_original,53994,Yıldıray Baştürk,https://www.wikidata.org/wiki/Q76322,unique accent/order-insensitive token match; DOB distance 0 day(s)
cm0203_vanilla_original,57392,Ümit Bilican,https://www.wikidata.org/wiki/Q8079465,unique accent/order-insensitive token match; DOB distance 0 day(s)
cm0203_vanilla_original,57417,Ahmet Öcal,https://www.wikidata.org/wiki/Q4696210,unique accent/order-insensitive token match; DOB distance 0 day(s)
cm0203_vanilla_original,57577,Yasin Karaca,https://www.wikidata.org/wiki/Q2003441,unique accent/order-insensitive token match; DOB distance 0 day(s)
cm0203_vanilla_original,59646,Onur Kaya,https://www.wikidata.org/wiki/Q2546115,unique accent/order-insensitive token match; DOB distance 0 day(s)
cm0203_vanilla_original,62502,Volkan Kahraman,https://www.wikidata.org/wiki/Q871938,unique accent/order-insensitive token match; DOB distance 0 day(s)
cm0203_vanilla_original,62568,Ekrem Kahya,https://www.wikidata.org/wiki/Q2779307,unique accent/order-insensitive token match; DOB distance 0 day(s)
cm0203_vanilla_original,64615,Erkan Sağlık,https://www.wikidata.org/wiki/Q82902,unique accent/order-insensitive token match; DOB distance 0 day(s)
cm0203_vanilla_original,68687,Deniz Baykara,https://www.wikidata.org/wiki/Q4832645,unique accent/order-insensitive token match; DOB distance 0 day(s)
cm0203_vanilla_original,72442,Gökmen Kore,https://www.wikidata.org/wiki/Q64514487,unique accent/order-insensitive token match; DOB distance 0 day(s)
cm0203_vanilla_original,94006,Suat Usta,https://www.wikidata.org/wiki/Q1812901,unique accent/order-insensitive token match; DOB distance 0 day(s)
cm0203_vanilla_original,94094,Mustafa Aydın,https://www.wikidata.org/wiki/Q2456748,unique accent/order-insensitive token match; DOB distance 0 day(s)
cm0203_vanilla_original,94157,Uğur Yıldırım,https://www.wikidata.org/wiki/Q523871,unique accent/order-insensitive token match; DOB distance 0 day(s)
cm0203_vanilla_original,94781,Muslu Nalbantoğlu,https://www.wikidata.org/wiki/Q1383598,unique accent/order-insensitive token match; DOB distance 0 day(s)
cm0203_vanilla_original,94852,Cihan Yalçın,https://www.wikidata.org/wiki/Q2771277,unique accent/order-insensitive token match; DOB distance 0 day(s)
cm0203_vanilla_original,94887,Taylan Aydoğan,https://www.wikidata.org/wiki/Q13420226,unique accent/order-insensitive token match; DOB distance 0 day(s)
cm0203_vanilla_original,95052,Seydihan Başlantı,https://www.wikidata.org/wiki/Q2958094,unique accent/order-insensitive token match; DOB distance 0 day(s)
cm0203_vanilla_original,95098,Uğur İnceman,https://www.wikidata.org/wiki/Q71403,unique accent/order-insensitive token match; DOB distance 0 day(s)
cm0203_vanilla_original,95182,Aydın Çetin,https://www.wikidata.org/wiki/Q792893,unique accent/order-insensitive token match; DOB distance 0 day(s)
cm0203_vanilla_original,95247,Cem Efe,https://www.wikidata.org/wiki/Q5058612,unique accent/order-insensitive token match; DOB distance 0 day(s)
cm0203_vanilla_original,95288,Metin Telle,https://www.wikidata.org/wiki/Q126727383,unique accent/order-insensitive token match; DOB distance 0 day(s)
cm0203_vanilla_original,95524,Muharrem Uz,https://www.wikidata.org/wiki/Q6933005,unique accent/order-insensitive token match; DOB distance 0 day(s)
cm0203_vanilla_original,95628,Deniz Doğan,https://www.wikidata.org/wiki/Q832159,unique accent/order-insensitive token match; DOB distance 0 day(s)
cm0203_vanilla_original,95964,Tekin Sazlog,https://www.wikidata.org/wiki/Q7695354,unique accent/order-insensitive token match; DOB distance 0 day(s)
cm0203_vanilla_original,96086,Cem İslamoğlu,https://www.wikidata.org/wiki/Q1053271,unique accent/order-insensitive token match; DOB distance 0 day(s)
cm0203_vanilla_original,96109,Hamit Altıntop,https://www.wikidata.org/wiki/Q44118,unique accent/order-insensitive token match; DOB distance 0 day(s)
cm0203_vanilla_original,96110,Halil Altıntop,https://www.wikidata.org/wiki/Q156638,unique accent/order-insensitive token match; DOB distance 0 day(s)
cm0203_vanilla_original,96125,Hüzeyfe Doğan,https://www.wikidata.org/wiki/Q877105,unique accent/order-insensitive token match; DOB distance 0 day(s)
cm0203_vanilla_original,96140,Umut Erdoğan,https://www.wikidata.org/wiki/Q2478776,unique accent/order-insensitive token match; DOB distance 0 day(s)
cm0203_vanilla_original,96164,Erhan Aydın,https://www.wikidata.org/wiki/Q5385854,unique accent/order-insensitive token match; DOB distance 0 day(s)
cm0203_vanilla_original,96216,Mahir Sağlık,https://www.wikidata.org/wiki/Q327433,unique accent/order-insensitive token match; DOB distance 0 day(s)
cm0203_vanilla_original,96298,Aykut Erçetin,https://www.wikidata.org/wiki/Q729830,unique accent/order-insensitive token match; DOB distance 0 day(s)
cm0203_vanilla_original,96322,Suat Türker,https://www.wikidata.org/wiki/Q1258369,unique accent/order-insensitive token match; DOB distance 0 day(s)
cm0203_vanilla_original,96815,Mehmet Ali Şirin,https://www.wikidata.org/wiki/Q6102671,unique accent/order-insensitive token match; DOB distance 0 day(s)
cm0203_vanilla_original,96840,Alâattin Tosun,https://www.wikidata.org/wiki/Q1724239,unique accent/order-insensitive token match; DOB distance 0 day(s)
cm0203_vanilla_original,96842,Ferhat Kıskanç,https://www.wikidata.org/wiki/Q1406253,unique accent/order-insensitive token match; DOB distance 0 day(s)
cm0203_vanilla_original,97570,Deniz Aydoğdu,https://www.wikidata.org/wiki/Q5257860,unique accent/order-insensitive token match; DOB distance 0 day(s)
cm0203_vanilla_original,97676,Malik Fathi,https://www.wikidata.org/wiki/Q551564,unique accent/order-insensitive token match; DOB distance 0 day(s)
cm0203_vanilla_original,97677,Hakan Balta,https://www.wikidata.org/wiki/Q31564,unique accent/order-insensitive token match; DOB distance 0 day(s)
cm0203_vanilla_original,97684,İbrahim Türkkan,https://www.wikidata.org/wiki/Q10511347,unique accent/order-insensitive token match; DOB distance 0 day(s)
cm0203_vanilla_original,97780,Selçuk Şahin,https://www.wikidata.org/wiki/Q823959,unique accent/order-insensitive token match; DOB distance 0 day(s)
cm0203_vanilla_original,98101,Eren Şen,https://www.wikidata.org/wiki/Q832125,unique accent/order-insensitive token match; DOB distance 0 day(s)
cm0203_vanilla_original,98222,Erdal Kılıçaslan,https://www.wikidata.org/wiki/Q322865,unique accent/order-insensitive token match; DOB distance 0 day(s)
cm0203_vanilla_original,99160,Aydın Ay,https://www.wikidata.org/wiki/Q121624380,unique accent/order-insensitive token match; DOB distance 0 day(s)
cm0203_vanilla_original,99408,Mustafa Akçay,https://www.wikidata.org/wiki/Q15234187,unique accent/order-insensitive token match; DOB distance 0 day(s)
cm0203_vanilla_original,99570,İbrahim Aydemir,https://www.wikidata.org/wiki/Q343220,unique accent/order-insensitive token match; DOB distance 0 day(s)
cm0203_vanilla_original,99704,Şenol Demirci,https://www.wikidata.org/wiki/Q202356,unique accent/order-insensitive token match; DOB distance 0 day(s)
cm0203_vanilla_original,101229,Kasım Yıldız,https://www.wikidata.org/wiki/Q6374940,unique accent/order-insensitive token match; DOB distance 0 day(s)
cm0203_vanilla_original,103113,Barış Özcan,https://www.wikidata.org/wiki/Q12302890,unique accent/order-insensitive token match; DOB distance 0 day(s)
cm0203_vanilla_original,103905,Suat Sarı,https://www.wikidata.org/wiki/Q32859747,unique accent/order-insensitive token match; DOB distance 0 day(s)
cm0203_vanilla_original,110307,Muzzy İzzet,https://www.wikidata.org/wiki/Q740385,unique accent/order-insensitive token match; DOB distance 0 day(s)
cm0203_vanilla_original,113823,Hakan Yakın,https://www.wikidata.org/wiki/Q122346,unique accent/order-insensitive token match; DOB distance 0 day(s)
cm0203_vanilla_original,113855,Kubilay Türkyılmaz,https://www.wikidata.org/wiki/Q366571,unique accent/order-insensitive token match; DOB distance 0 day(s)
cm0203_vanilla_original,113908,Abdullah Ercan,https://www.wikidata.org/wiki/Q317612,unique accent/order-insensitive token match; DOB distance 0 day(s)
cm0203_vanilla_original,113909,Ali Günçar,https://www.wikidata.org/wiki/Q6095226,unique accent/order-insensitive token match; DOB distance 0 day(s)
cm0203_vanilla_original,113910,Alpay Özalan,https://www.wikidata.org/wiki/Q435749,unique accent/order-insensitive token match; DOB distance 0 day(s)
cm0203_vanilla_original,113911,Arif Erdem,https://www.wikidata.org/wiki/Q660534,unique accent/order-insensitive token match; DOB distance 0 day(s)
cm0203_vanilla_original,113912,Bülent Korkmaz,https://www.wikidata.org/wiki/Q507832,unique accent/order-insensitive token match; DOB distance 0 day(s)
cm0203_vanilla_original,113913,Celil Sağır,https://www.wikidata.org/wiki/Q6079661,unique accent/order-insensitive token match; DOB distance 0 day(s)
cm0203_vanilla_original,113914,Emre Belözoğlu,https://www.wikidata.org/wiki/Q202569,unique accent/order-insensitive token match; DOB distance 0 day(s)
cm0203_vanilla_original,113915,Emre Aşık,https://www.wikidata.org/wiki/Q463358,unique accent/order-insensitive token match; DOB distance 0 day(s)
cm0203_vanilla_original,113916,Ergün Penbe,https://www.wikidata.org/wiki/Q729999,unique accent/order-insensitive token match; DOB distance 0 day(s)
cm0203_vanilla_original,113917,Ertuğrul Sağlam,https://www.wikidata.org/wiki/Q250519,unique accent/order-insensitive token match; DOB distance 0 day(s)
cm0203_vanilla_original,113919,Fatih Akyel,https://www.wikidata.org/wiki/Q614470,unique accent/order-insensitive token match; DOB distance 0 day(s)
cm0203_vanilla_original,113922,Hasan Çelik,https://www.wikidata.org/wiki/Q2815469,unique accent/order-insensitive token match; DOB distance 0 day(s)
cm0203_vanilla_original,113923,Kemalettin Şentürk,https://www.wikidata.org/wiki/Q581247,unique accent/order-insensitive token match; DOB distance 0 day(s)
cm0203_vanilla_original,113925,Ogün Temizkanoğlu,https://www.wikidata.org/wiki/Q1366156,unique accent/order-insensitive token match; DOB distance 0 day(s)
cm0203_vanilla_original,113927,Oktay Derelioğlu,https://www.wikidata.org/wiki/Q782070,unique accent/order-insensitive token match; DOB distance 0 day(s)
cm0203_vanilla_original,113929,Osman Coşkun,https://www.wikidata.org/wiki/Q6089294,unique accent/order-insensitive token match; DOB distance 0 day(s)
cm0203_vanilla_original,113932,Selahattin Özbir,https://www.wikidata.org/wiki/Q6102525,unique accent/order-insensitive token match; DOB distance 0 day(s)
cm0203_vanilla_original,113933,Suat Kaya,https://www.wikidata.org/wiki/Q1372805,unique accent/order-insensitive token match; DOB distance 0 day(s)
cm0203_vanilla_original,113934,Hakan Şükür,https://www.wikidata.org/wiki/Q192974,unique accent/order-insensitive token match; DOB distance 0 day(s)
cm0203_vanilla_original,113935,Tarık Daşgün,https://www.wikidata.org/wiki/Q7687059,unique accent/order-insensitive token match; DOB distance 0 day(s)
cm0203_vanilla_original,113936,Tayfun Korkut,https://www.wikidata.org/wiki/Q708808,unique accent/order-insensitive token match; DOB distance 0 day(s)
cm0203_vanilla_original,113937,Tolunay Kafkas,https://www.wikidata.org/wiki/Q1378780,unique accent/order-insensitive token match; DOB distance 0 day(s)
cm0203_vanilla_original,113938,Tugay Kerimoğlu,https://www.wikidata.org/wiki/Q347045,unique accent/order-insensitive token match; DOB distance 0 day(s)
cm0203_vanilla_original,113939,Volkan Kilimci,https://www.wikidata.org/wiki/Q1674177,unique accent/order-insensitive token match; DOB distance 0 day(s)
cm0203_vanilla_original,120096,Burhanettin Kaymak,https://www.wikidata.org/wiki/Q823922,unique accent/order-insensitive token match; DOB distance 0 day(s)
cm0203_vanilla_original,120107,Ali Güneş,https://www.wikidata.org/wiki/Q322892,unique accent/order-insensitive token match; DOB distance 0 day(s)
cm0203_vanilla_original,120125,Oktay Kuday,https://www.wikidata.org/wiki/Q7082662,unique accent/order-insensitive token match; DOB distance 0 day(s)
cm0203_vanilla_original,120543,Ramazan Yıldırım,https://www.wikidata.org/wiki/Q406184,unique accent/order-insensitive token match; DOB distance 0 day(s)
cm0203_vanilla_original,120563,Ersan Doğu,https://www.wikidata.org/wiki/Q5395762,unique accent/order-insensitive token match; DOB distance 0 day(s)
cm0203_vanilla_original,124830,Ömer Rıza,https://www.wikidata.org/wiki/Q297499,unique accent/order-insensitive token match; DOB distance 0 day(s)
cm0203_vanilla_original,129804,Azar Karadaş,https://www.wikidata.org/wiki/Q725150,unique accent/order-insensitive token match; DOB distance 0 day(s)
cm0203_vanilla_original,134761,Arif Karaoğlan,https://www.wikidata.org/wiki/Q4790540,unique accent/order-insensitive token match; DOB distance 0 day(s)
cm0203_vanilla_original,148385,Ekrem Dağ,https://www.wikidata.org/wiki/Q697338,unique accent/order-insensitive token match; DOB distance 0 day(s)
cm0203_vanilla_original,158836,Gürkan Sermeter,https://www.wikidata.org/wiki/Q692061,unique accent/order-insensitive token match; DOB distance 0 day(s)
cm0203_vanilla_original,159032,Dilaver Satılmış,https://www.wikidata.org/wiki/Q122159,unique accent/order-insensitive token match; DOB distance 0 day(s)
cm0203_vanilla_original,159095,Attila Şahin,https://www.wikidata.org/wiki/Q65653595,unique accent/order-insensitive token match; DOB distance 0 day(s)
cm0203_vanilla_original,159284,Önder Çengel,https://www.wikidata.org/wiki/Q297605,unique accent/order-insensitive token match; DOB distance 0 day(s)
cm0203_vanilla_original,159439,Baykal Kulaksızoğlu,https://www.wikidata.org/wiki/Q629032,unique accent/order-insensitive token match; DOB distance 0 day(s)
cm0203_vanilla_original,165790,Özkan Gümüş,https://www.wikidata.org/wiki/Q17417972,unique accent/order-insensitive token match; DOB distance 0 day(s)
cm0203_vanilla_original,165791,Mahmut Yılmaz,https://www.wikidata.org/wiki/Q1573871,unique accent/order-insensitive token match; DOB distance 0 day(s)
cm0203_vanilla_original,165815,Ünal Demirkıran,https://www.wikidata.org/wiki/Q334912,unique accent/order-insensitive token match; DOB distance 0 day(s)
cm0203_vanilla_original,165830,Ayhan Tumani,https://www.wikidata.org/wiki/Q792951,unique accent/order-insensitive token match; DOB distance 0 day(s)
cm0203_vanilla_original,165841,Mahir Şahin,https://www.wikidata.org/wiki/Q78145890,unique accent/order-insensitive token match; DOB distance 0 day(s)
cm0203_vanilla_original,165867,Cüneyt Kocabıçak,https://www.wikidata.org/wiki/Q1151074,unique accent/order-insensitive token match; DOB distance 0 day(s)
cm0203_vanilla_original,165869,Selim Teber,https://www.wikidata.org/wiki/Q690129,unique accent/order-insensitive token match; DOB distance 0 day(s)
cm0203_vanilla_original,165898,Kurtuluş Öztürk,https://www.wikidata.org/wiki/Q98278011,unique accent/order-insensitive token match; DOB distance 0 day(s)
cm0203_vanilla_original,165958,İbrahim Türkmen,https://www.wikidata.org/wiki/Q1656010,unique accent/order-insensitive token match; DOB distance 0 day(s)
cm0203_vanilla_original,166088,Levent Demiray,https://www.wikidata.org/wiki/Q12810611,unique accent/order-insensitive token match; DOB distance 0 day(s)
cm0203_vanilla_original,166248,Erol Sabanov,https://www.wikidata.org/wiki/Q883701,unique accent/order-insensitive token match; DOB distance 0 day(s)
cm0203_vanilla_original,166351,Necat Aygün,https://www.wikidata.org/wiki/Q322906,unique accent/order-insensitive token match; DOB distance 0 day(s)
cm0203_vanilla_original,168815,Önder Turacı,https://www.wikidata.org/wiki/Q297604,unique accent/order-insensitive token match; DOB distance 0 day(s)
cm0203_vanilla_original,173103,Yusuf Öztürk,https://www.wikidata.org/wiki/Q8062001,unique accent/order-insensitive token match; DOB distance 0 day(s)
cm0203_vanilla_original,199478,Serdal Güvenç,https://www.wikidata.org/wiki/Q2468102,unique accent/order-insensitive token match; DOB distance 0 day(s)
cm0203_vanilla_original,204916,Tolgay Özbey,https://www.wikidata.org/wiki/Q7814249,unique accent/order-insensitive token match; DOB distance 0 day(s)
cm0203_vanilla_original,204942,Ulaş Güler,https://www.wikidata.org/wiki/Q7878781,unique accent/order-insensitive token match; DOB distance 0 day(s)
cm0203_vanilla_original,204948,Halil Karataş,https://www.wikidata.org/wiki/Q15858060,unique accent/order-insensitive token match; DOB distance 0 day(s)
cm0203_vanilla_original,204949,Aydın Toscalı,https://www.wikidata.org/wiki/Q550758,unique accent/order-insensitive token match; DOB distance 0 day(s)
cm0203_vanilla_original,204955,Cem Kavçak,https://www.wikidata.org/wiki/Q6101032,unique accent/order-insensitive token match; DOB distance 0 day(s)
cm0203_vanilla_original,204961,Volkan Koçaloğlu,https://www.wikidata.org/wiki/Q2530814,unique accent/order-insensitive token match; DOB distance 0 day(s)
cm0203_vanilla_original,204967,Berk Deniz,https://www.wikidata.org/wiki/Q6046169,unique accent/order-insensitive token match; DOB distance 0 day(s)
cm0203_vanilla_original,204971,Emir Aykurt,https://www.wikidata.org/wiki/Q15808029,unique accent/order-insensitive token match; DOB distance 0 day(s)
cm0203_vanilla_original,205008,İbrahim Dağaşan,https://www.wikidata.org/wiki/Q936102,unique accent/order-insensitive token match; DOB distance 0 day(s)
cm0203_vanilla_original,205023,İzzet Akgül,https://www.wikidata.org/wiki/Q2680796,unique accent/order-insensitive token match; DOB distance 0 day(s)
cm0203_vanilla_original,205038,Metin Depe,https://www.wikidata.org/wiki/Q1925639,unique accent/order-insensitive token match; DOB distance 0 day(s)
cm0203_vanilla_original,205047,Özgür Çetiner,https://www.wikidata.org/wiki/Q6098275,unique accent/order-insensitive token match; DOB distance 0 day(s)
cm0203_vanilla_original,205061,Muhammet Terzi,https://www.wikidata.org/wiki/Q134378659,unique accent/order-insensitive token match; DOB distance 0 day(s)
cm0203_vanilla_original,205074,Cem Can,https://www.wikidata.org/wiki/Q1053252,unique accent/order-insensitive token match; DOB distance 0 day(s)
cm0203_vanilla_original,205083,Volkan Kabadayı,https://www.wikidata.org/wiki/Q12812475,unique accent/order-insensitive token match; DOB distance 0 day(s)
cm0203_vanilla_original,205092,Murat Türkkan,https://www.wikidata.org/wiki/Q6077446,unique accent/order-insensitive token match; DOB distance 0 day(s)
cm0203_vanilla_original,205102,Cihan Gümüş,https://www.wikidata.org/wiki/Q42930039,unique accent/order-insensitive token match; DOB distance 0 day(s)
cm0203_vanilla_original,205131,Ali Turan,https://www.wikidata.org/wiki/Q941983,unique accent/order-insensitive token match; DOB distance 0 day(s)
cm0203_vanilla_original,205134,İbrahim Öztürk,https://www.wikidata.org/wiki/Q343404,unique accent/order-insensitive token match; DOB distance 0 day(s)
cm0203_vanilla_original,205168,Ersen Çilingir,https://www.wikidata.org/wiki/Q1366382,unique accent/order-insensitive token match; DOB distance 0 day(s)
cm0203_vanilla_original,205171,Olcan Adın,https://www.wikidata.org/wiki/Q651954,unique accent/order-insensitive token match; DOB distance 0 day(s)
cm0203_vanilla_original,205273,Tanju Yavuz,https://www.wikidata.org/wiki/Q6103122,unique accent/order-insensitive token match; DOB distance 0 day(s)
cm0203_vanilla_original,205305,Sezgin Coşkun,https://www.wikidata.org/wiki/Q2276014,unique accent/order-insensitive token match; DOB distance 0 day(s)
cm0203_vanilla_original,205333,Ali Güzeldal,https://www.wikidata.org/wiki/Q2542849,unique accent/order-insensitive token match; DOB distance 0 day(s)
cm0203_vanilla_original,205335,Cemal Taşlı,https://www.wikidata.org/wiki/Q6081186,unique accent/order-insensitive token match; DOB distance 0 day(s)
cm0203_vanilla_original,205340,Mustafa Ün,https://www.wikidata.org/wiki/Q6098887,unique accent/order-insensitive token match; DOB distance 0 day(s)
cm0203_vanilla_original,205345,Bayram Ünlü,https://www.wikidata.org/wiki/Q125823110,unique accent/order-insensitive token match; DOB distance 0 day(s)
cm0203_vanilla_original,205377,Caner Ağca,https://www.wikidata.org/wiki/Q1033114,unique accent/order-insensitive token match; DOB distance 0 day(s)
cm0203_vanilla_original,205380,Koray Arslan,https://www.wikidata.org/wiki/Q506906,unique accent/order-insensitive token match; DOB distance 0 day(s)
cm0203_vanilla_original,205404,Evren Avşar,https://www.wikidata.org/wiki/Q1382643,unique accent/order-insensitive token match; DOB distance 0 day(s)
cm0203_vanilla_original,205416,Hakan Fırıloğlu,https://www.wikidata.org/wiki/Q6066128,unique accent/order-insensitive token match; DOB distance 0 day(s)
cm0203_vanilla_original,205472,Eray Açıkgöz,https://www.wikidata.org/wiki/Q6101027,unique accent/order-insensitive token match; DOB distance 0 day(s)
cm0203_vanilla_original,205476,Onur Koçak,https://www.wikidata.org/wiki/Q6067356,unique accent/order-insensitive token match; DOB distance 0 day(s)
cm0203_vanilla_original,205484,Köksal Yedek,https://www.wikidata.org/wiki/Q1748946,unique accent/order-insensitive token match; DOB distance 0 day(s)
cm0203_vanilla_original,205486,Mustafa Aydın,https://www.wikidata.org/wiki/Q6088038,unique accent/order-insensitive token match; DOB distance 0 day(s)
cm0203_vanilla_original,205487,Mutlucan Zavotçu,https://www.wikidata.org/wiki/Q29146828,unique accent/order-insensitive token match; DOB distance 0 day(s)
cm0203_vanilla_original,205570,Sadettin Özer,https://www.wikidata.org/wiki/Q31189725,unique accent/order-insensitive token match; DOB distance 0 day(s)
cm0203_vanilla_original,205571,Ömer Yalçın,https://www.wikidata.org/wiki/Q297513,unique accent/order-insensitive token match; DOB distance 0 day(s)
cm0203_vanilla_original,205576,Hakan Tice,https://www.wikidata.org/wiki/Q116938275,unique accent/order-insensitive token match; DOB distance 0 day(s)
cm0203_vanilla_original,205583,Orçun Arslan,https://www.wikidata.org/wiki/Q6030748,unique accent/order-insensitive token match; DOB distance 0 day(s)
cm0203_vanilla_original,205819,Arda Turan,https://www.wikidata.org/wiki/Q487459,unique accent/order-insensitive token match; DOB distance 0 day(s)
cm0203_vanilla_original,205820,Aydın Yılmaz,https://www.wikidata.org/wiki/Q792898,unique accent/order-insensitive token match; DOB distance 0 day(s)
cm0203_vanilla_original,205822,Ferhat Öztorun,https://www.wikidata.org/wiki/Q950336,unique accent/order-insensitive token match; DOB distance 0 day(s)
cm0203_vanilla_original,205823,İlker Erbay,https://www.wikidata.org/wiki/Q10434601,unique accent/order-insensitive token match; DOB distance 0 day(s)
cm0203_vanilla_original,205824,Mehmet Düz,https://www.wikidata.org/wiki/Q6082138,unique accent/order-insensitive token match; DOB distance 0 day(s)
cm0203_vanilla_original,205825,Mülâyim Erdem,https://www.wikidata.org/wiki/Q351298,unique accent/order-insensitive token match; DOB distance 0 day(s)
cm0203_vanilla_original,205828,Uğur Uçar,https://www.wikidata.org/wiki/Q971740,unique accent/order-insensitive token match; DOB distance 0 day(s)
cm0203_vanilla_original,205830,Zafer Şakar,https://www.wikidata.org/wiki/Q8064289,unique accent/order-insensitive token match; DOB distance 0 day(s)
cm0203_vanilla_original,205841,Onur Nasuhoğulları,https://www.wikidata.org/wiki/Q685791,unique accent/order-insensitive token match; DOB distance 0 day(s)
cm0203_vanilla_original,205842,Ramazan Kahya,https://www.wikidata.org/wiki/Q7289146,unique accent/order-insensitive token match; DOB distance 0 day(s)
cm0203_vanilla_original,205843,Gürhan Gürsoy,https://www.wikidata.org/wiki/Q1383232,unique accent/order-insensitive token match; DOB distance 0 day(s)
cm0203_vanilla_original,205844,Erkan Sekman,https://www.wikidata.org/wiki/Q1354977,unique accent/order-insensitive token match; DOB distance 0 day(s)
cm0203_vanilla_original,205845,Cihan Can,https://www.wikidata.org/wiki/Q584483,unique accent/order-insensitive token match; DOB distance 0 day(s)
cm0203_vanilla_original,205847,Servet Gökçen,https://www.wikidata.org/wiki/Q61746423,unique accent/order-insensitive token match; DOB distance 0 day(s)
cm0203_vanilla_original,205853,Kenan Köse,https://www.wikidata.org/wiki/Q3195105,unique accent/order-insensitive token match; DOB distance 0 day(s)
cm0203_vanilla_original,205861,Emre Aygün,https://www.wikidata.org/wiki/Q1339548,unique accent/order-insensitive token match; DOB distance 0 day(s)
cm0304_vanilla_original,91,Kenan Durmuşoğlu,https://www.wikidata.org/wiki/Q2183146,unique accent/order-insensitive token match; DOB distance 0 day(s)
cm0304_vanilla_original,3332,Bülent Üçüncü,https://www.wikidata.org/wiki/Q5005289,unique accent/order-insensitive token match; DOB distance 0 day(s)
cm0304_vanilla_original,5437,Mustafa Doğan,https://www.wikidata.org/wiki/Q567406,unique accent/order-insensitive token match; DOB distance 0 day(s)
cm0304_vanilla_original,7284,Fevzi Tuncay,https://www.wikidata.org/wiki/Q1343408,unique accent/order-insensitive token match; DOB distance 0 day(s)
cm0304_vanilla_original,7285,Hasan Yiğit,https://www.wikidata.org/wiki/Q5678310,unique accent/order-insensitive token match; DOB distance 0 day(s)
cm0304_vanilla_original,7289,Ali Akdeniz,https://www.wikidata.org/wiki/Q6053829,unique accent/order-insensitive token match; DOB distance 0 day(s)
cm0304_vanilla_original,7291,Serdar Samatyalı,https://www.wikidata.org/wiki/Q6103526,unique accent/order-insensitive token match; DOB distance 0 day(s)
cm0304_vanilla_original,7434,Okan Buruk,https://www.wikidata.org/wiki/Q444318,unique accent/order-insensitive token match; DOB distance 0 day(s)
cm0304_vanilla_original,7435,Adnan İlgin,https://www.wikidata.org/wiki/Q23920695,unique accent/order-insensitive token match; DOB distance 0 day(s)
cm0304_vanilla_original,7438,Mehmet Gönülaçar,https://www.wikidata.org/wiki/Q6094253,unique accent/order-insensitive token match; DOB distance 0 day(s)
cm0304_vanilla_original,7557,Şükrü Uzuner,https://www.wikidata.org/wiki/Q16991092,unique accent/order-insensitive token match; DOB distance 0 day(s)
cm0304_vanilla_original,8362,Burak Akdiş,https://www.wikidata.org/wiki/Q1010172,unique accent/order-insensitive token match; DOB distance 0 day(s)
cm0304_vanilla_original,8471,Erkan Avseren,https://www.wikidata.org/wiki/Q6097297,unique accent/order-insensitive token match; DOB distance 0 day(s)
cm0304_vanilla_original,8472,Ali Eren Beşerler,https://www.wikidata.org/wiki/Q4724775,unique accent/order-insensitive token match; DOB distance 0 day(s)
cm0304_vanilla_original,8473,Hikmet Çapanoğlu,https://www.wikidata.org/wiki/Q6096831,unique accent/order-insensitive token match; DOB distance 0 day(s)
cm0304_vanilla_original,8475,Tayfur Havutçu,https://www.wikidata.org/wiki/Q1394807,unique accent/order-insensitive token match; DOB distance 0 day(s)
cm0304_vanilla_original,8476,Savaş Kaya,https://www.wikidata.org/wiki/Q21606721,unique accent/order-insensitive token match; DOB distance 0 day(s)
cm0304_vanilla_original,8477,Yasin Sülün,https://www.wikidata.org/wiki/Q1550964,unique accent/order-insensitive token match; DOB distance 0 day(s)
cm0304_vanilla_original,8478,Rahim Zafer,https://www.wikidata.org/wiki/Q580705,unique accent/order-insensitive token match; DOB distance 0 day(s)
cm0304_vanilla_original,8480,Ekrem Köse,https://www.wikidata.org/wiki/Q6087061,unique accent/order-insensitive token match; DOB distance 0 day(s)
cm0304_vanilla_original,9524,Erol Bulut,https://www.wikidata.org/wiki/Q562157,unique accent/order-insensitive token match; DOB distance 1 day(s)
cm0304_vanilla_original,9526,Murat Şahin,https://www.wikidata.org/wiki/Q646042,unique accent/order-insensitive token match; DOB distance 0 day(s)
cm0304_vanilla_original,9531,Mehmet İpek,https://www.wikidata.org/wiki/Q134301793,unique accent/order-insensitive token match; DOB distance 0 day(s)
cm0304_vanilla_original,9533,Osman Özköylü,https://www.wikidata.org/wiki/Q605498,unique accent/order-insensitive token match; DOB distance 0 day(s)
cm0304_vanilla_original,9534,Seyit Cem Ünsal,https://www.wikidata.org/wiki/Q6100927,unique accent/order-insensitive token match; DOB distance 0 day(s)
cm0304_vanilla_original,9845,Özgür Yaşar,https://www.wikidata.org/wiki/Q6341873,unique accent/order-insensitive token match; DOB distance 0 day(s)
cm0304_vanilla_original,11615,Pini Balili,https://www.wikidata.org/wiki/Q1389115,unique accent/order-insensitive token match; DOB distance 0 day(s)
cm0304_vanilla_original,11945,Ömer Çatkıç,https://www.wikidata.org/wiki/Q297526,unique accent/order-insensitive token match; DOB distance 0 day(s)
cm0304_vanilla_original,24013,Márcio Nobre,https://www.wikidata.org/wiki/Q727531,unique accent/order-insensitive token match; DOB distance 0 day(s)
cm0304_vanilla_original,25695,Silvino João de Carvalho,https://www.wikidata.org/wiki/Q577979,unique accent/order-insensitive token match; DOB distance 0 day(s)
cm0304_vanilla_original,43394,İlhan Mansız,https://www.wikidata.org/wiki/Q315309,unique accent/order-insensitive token match; DOB distance 0 day(s)
cm0304_vanilla_original,43395,Hakkı Hocaoğlu,https://www.wikidata.org/wiki/Q5640549,unique accent/order-insensitive token match; DOB distance 0 day(s)
cm0304_vanilla_original,43396,Adnan Güngör,https://www.wikidata.org/wiki/Q359403,unique accent/order-insensitive token match; DOB distance 0 day(s)
cm0304_vanilla_original,43397,İsmet Taşdemir,https://www.wikidata.org/wiki/Q6100996,unique accent/order-insensitive token match; DOB distance 0 day(s)
cm0304_vanilla_original,43398,Murat İsmailoğlu,https://www.wikidata.org/wiki/Q130484547,unique accent/order-insensitive token match; DOB distance 0 day(s)
cm0304_vanilla_original,43401,Serkan Aykut,https://www.wikidata.org/wiki/Q942041,unique accent/order-insensitive token match; DOB distance 0 day(s)
cm0304_vanilla_original,43402,Vural Korkmaz,https://www.wikidata.org/wiki/Q6089632,unique accent/order-insensitive token match; DOB distance 0 day(s)
cm0304_vanilla_original,43403,Uğur Dağdelen,https://www.wikidata.org/wiki/Q2641474,unique accent/order-insensitive token match; DOB distance 0 day(s)
cm0304_vanilla_original,43404,Tümer Metin,https://www.wikidata.org/wiki/Q362534,unique accent/order-insensitive token match; DOB distance 0 day(s)
cm0304_vanilla_original,43408,Mehmet Nas,https://www.wikidata.org/wiki/Q277944,unique accent/order-insensitive token match; DOB distance 0 day(s)
cm0304_vanilla_original,43413,Can Ulun,https://www.wikidata.org/wiki/Q6063079,unique accent/order-insensitive token match; DOB distance 0 day(s)
cm0304_vanilla_original,43420,Furkan Baştan,https://www.wikidata.org/wiki/Q6083474,unique accent/order-insensitive token match; DOB distance 0 day(s)
cm0304_vanilla_original,43421,Musa Aydın,https://www.wikidata.org/wiki/Q936079,unique accent/order-insensitive token match; DOB distance 0 day(s)
cm0304_vanilla_original,43451,Güngör Öztürk,https://www.wikidata.org/wiki/Q102696187,unique accent/order-insensitive token match; DOB distance 0 day(s)
cm0304_vanilla_original,43452,Erman Güraçar,https://www.wikidata.org/wiki/Q5389872,unique accent/order-insensitive token match; DOB distance 0 day(s)
cm0304_vanilla_original,43468,Kerem İnan,https://www.wikidata.org/wiki/Q558754,unique accent/order-insensitive token match; DOB distance 0 day(s)
cm0304_vanilla_original,43470,Mehmet Yozgatlı,https://www.wikidata.org/wiki/Q544714,unique accent/order-insensitive token match; DOB distance 0 day(s)
cm0304_vanilla_original,43471,Alp Küçükvardar,https://www.wikidata.org/wiki/Q2839387,unique accent/order-insensitive token match; DOB distance 0 day(s)
cm0304_vanilla_original,43472,Hamza Hamzaoğlu,https://www.wikidata.org/wiki/Q919026,unique accent/order-insensitive token match; DOB distance 0 day(s)
cm0304_vanilla_original,43473,Erhan Albayrak,https://www.wikidata.org/wiki/Q99321,unique accent/order-insensitive token match; DOB distance 0 day(s)
cm0304_vanilla_original,43474,İbrahim Üzülmez,https://www.wikidata.org/wiki/Q343415,unique accent/order-insensitive token match; DOB distance 0 day(s)
cm0304_vanilla_original,43475,Fazlı Ulusal,https://www.wikidata.org/wiki/Q6094146,unique accent/order-insensitive token match; DOB distance 0 day(s)
cm0304_vanilla_original,43476,Mehmet Polat,https://www.wikidata.org/wiki/Q3545241,unique accent/order-insensitive token match; DOB distance 0 day(s)
cm0304_vanilla_original,43478,Erhan Namlı,https://www.wikidata.org/wiki/Q5385859,unique accent/order-insensitive token match; DOB distance 0 day(s)
cm0304_vanilla_original,43479,Soner Keleş,https://www.wikidata.org/wiki/Q134386662,unique accent/order-insensitive token match; DOB distance 0 day(s)
cm0304_vanilla_original,43480,Oğuz Dağlaroğlu,https://www.wikidata.org/wiki/Q2043168,unique accent/order-insensitive token match; DOB distance 0 day(s)
cm0304_vanilla_original,43481,Serkan Özsoy,https://www.wikidata.org/wiki/Q2273768,unique accent/order-insensitive token match; DOB distance 0 day(s)
cm0304_vanilla_original,43482,Haluk Güngör,https://www.wikidata.org/wiki/Q15819107,unique accent/order-insensitive token match; DOB distance 0 day(s)
cm0304_vanilla_original,43483,Adnan Karahan,https://www.wikidata.org/wiki/Q6097915,unique accent/order-insensitive token match; DOB distance 0 day(s)
cm0304_vanilla_original,43512,Cenk Tekelioğlu,https://www.wikidata.org/wiki/Q7459061,unique accent/order-insensitive token match; DOB distance 0 day(s)
cm0304_vanilla_original,43533,Serkan Özdemir,https://www.wikidata.org/wiki/Q7454959,unique accent/order-insensitive token match; DOB distance 0 day(s)
cm0304_vanilla_original,43534,Taner Bodur,https://www.wikidata.org/wiki/Q134597359,unique accent/order-insensitive token match; DOB distance 0 day(s)
cm0304_vanilla_original,43543,Zafer Demiray,https://www.wikidata.org/wiki/Q140156,unique accent/order-insensitive token match; DOB distance 0 day(s)
cm0304_vanilla_original,43544,Ahmet Şahin,https://www.wikidata.org/wiki/Q402016,unique accent/order-insensitive token match; DOB distance 0 day(s)
cm0304_vanilla_original,43547,Atilla Çebi,https://www.wikidata.org/wiki/Q134444167,unique accent/order-insensitive token match; DOB distance 0 day(s)
cm0304_vanilla_original,43548,Can Cumhur Bozacı,https://www.wikidata.org/wiki/Q118340917,unique accent/order-insensitive token match; DOB distance 0 day(s)
cm0304_vanilla_original,43557,Recep Uçar,https://www.wikidata.org/wiki/Q112902036,unique accent/order-insensitive token match; DOB distance 0 day(s)
cm0304_vanilla_original,43561,Ercan Agaçe,https://www.wikidata.org/wiki/Q135441374,unique accent/order-insensitive token match; DOB distance 0 day(s)
cm0304_vanilla_original,43564,Fevzi Korkmaz,https://www.wikidata.org/wiki/Q6069757,unique accent/order-insensitive token match; DOB distance 0 day(s)
cm0304_vanilla_original,43576,Sinan Demircioğlu,https://www.wikidata.org/wiki/Q7521748,unique accent/order-insensitive token match; DOB distance 0 day(s)
cm0304_vanilla_original,43586,Ersen Martin,https://www.wikidata.org/wiki/Q819597,unique accent/order-insensitive token match; DOB distance 0 day(s)
cm0304_vanilla_original,43589,İlhan Şahin,https://www.wikidata.org/wiki/Q343716,unique accent/order-insensitive token match; DOB distance 0 day(s)
cm0304_vanilla_original,43591,Aygün Taşkıran,https://www.wikidata.org/wiki/Q6089760,unique accent/order-insensitive token match; DOB distance 0 day(s)
cm0304_vanilla_original,43594,Haluk Tanrıseven,https://www.wikidata.org/wiki/Q6103322,unique accent/order-insensitive token match; DOB distance 0 day(s)
cm0304_vanilla_original,43615,Tuncay Aksoy,https://www.wikidata.org/wiki/Q2459758,unique accent/order-insensitive token match; DOB distance 0 day(s)
cm0304_vanilla_original,43617,Mesut Kumcuoğlu,https://www.wikidata.org/wiki/Q1924613,unique accent/order-insensitive token match; DOB distance 0 day(s)
cm0304_vanilla_original,43618,Tunç Kip,https://www.wikidata.org/wiki/Q6095055,unique accent/order-insensitive token match; DOB distance 0 day(s)
cm0304_vanilla_original,43620,Murat Alaçayır,https://www.wikidata.org/wiki/Q6092742,unique accent/order-insensitive token match; DOB distance 0 day(s)
cm0304_vanilla_original,43622,Bayram Bektaş,https://www.wikidata.org/wiki/Q6087377,unique accent/order-insensitive token match; DOB distance 0 day(s)
cm0304_vanilla_original,43625,Osman Üstünel,https://www.wikidata.org/wiki/Q6092389,unique accent/order-insensitive token match; DOB distance 0 day(s)
cm0304_vanilla_original,43627,Ufuk Süer,https://www.wikidata.org/wiki/Q2473834,unique accent/order-insensitive token match; DOB distance 0 day(s)
cm0304_vanilla_original,43629,Sertan Eser,https://www.wikidata.org/wiki/Q7455463,unique accent/order-insensitive token match; DOB distance 0 day(s)
cm0304_vanilla_original,43655,Yusuf Şimşek,https://www.wikidata.org/wiki/Q2035734,unique accent/order-insensitive token match; DOB distance 0 day(s)
cm0304_vanilla_original,43657,Selim Özer,https://www.wikidata.org/wiki/Q6074687,unique accent/order-insensitive token match; DOB distance 0 day(s)
cm0304_vanilla_original,43658,Akın Sağlam,https://www.wikidata.org/wiki/Q134378667,unique accent/order-insensitive token match; DOB distance 0 day(s)
cm0304_vanilla_original,43661,Bülent Akın,https://www.wikidata.org/wiki/Q2705560,unique accent/order-insensitive token match; DOB distance 0 day(s)
cm0304_vanilla_original,43662,Süleyman Küçük,https://www.wikidata.org/wiki/Q6102908,unique accent/order-insensitive token match; DOB distance 0 day(s)
cm0304_vanilla_original,43728,Engin Özdemir,https://www.wikidata.org/wiki/Q6078657,unique accent/order-insensitive token match; DOB distance 0 day(s)
cm0304_vanilla_original,43729,Tayfun Seven,https://www.wikidata.org/wiki/Q7689784,unique accent/order-insensitive token match; DOB distance 0 day(s)
cm0304_vanilla_original,43730,Okan Yılmaz,https://www.wikidata.org/wiki/Q942014,unique accent/order-insensitive token match; DOB distance 0 day(s)
cm0304_vanilla_original,43733,Alper Tezcan,https://www.wikidata.org/wiki/Q2650863,unique accent/order-insensitive token match; DOB distance 0 day(s)
cm0304_vanilla_original,43736,Emrah Eren,https://www.wikidata.org/wiki/Q1339529,unique accent/order-insensitive token match; DOB distance 0 day(s)
cm0304_vanilla_original,43737,Gürol Azer,https://www.wikidata.org/wiki/Q10397035,unique accent/order-insensitive token match; DOB distance 0 day(s)
cm0304_vanilla_original,43743,Faruk Atalay,https://www.wikidata.org/wiki/Q1397192,unique accent/order-insensitive token match; DOB distance 0 day(s)
cm0304_vanilla_original,43745,Orkun Uşak,https://www.wikidata.org/wiki/Q931253,unique accent/order-insensitive token match; DOB distance 0 day(s)
cm0304_vanilla_original,43748,Ümit Aydın,https://www.wikidata.org/wiki/Q4831526,unique accent/order-insensitive token match; DOB distance 0 day(s)
cm0304_vanilla_original,43749,Saffet Akyüz,https://www.wikidata.org/wiki/Q6580418,unique accent/order-insensitive token match; DOB distance 0 day(s)
cm0304_vanilla_original,43795,Vedat İnceefe,https://www.wikidata.org/wiki/Q178545,unique accent/order-insensitive token match; DOB distance 0 day(s)
cm0304_vanilla_original,43797,Atilla Koca,https://www.wikidata.org/wiki/Q612897,unique accent/order-insensitive token match; DOB distance 0 day(s)
cm0304_vanilla_original,43799,Efe İnanç,https://www.wikidata.org/wiki/Q1295771,unique accent/order-insensitive token match; DOB distance 0 day(s)
cm0304_vanilla_original,43805,Saffet Akbaş,https://www.wikidata.org/wiki/Q6580420,unique accent/order-insensitive token match; DOB distance 0 day(s)
cm0304_vanilla_original,43806,Ömer Karabacak,https://www.wikidata.org/wiki/Q18633307,unique accent/order-insensitive token match; DOB distance 0 day(s)
cm0304_vanilla_original,43807,Murat Bölükbaş,https://www.wikidata.org/wiki/Q6078684,unique accent/order-insensitive token match; DOB distance 0 day(s)
cm0304_vanilla_original,43808,Halil İbrahim Kara,https://www.wikidata.org/wiki/Q6096940,unique accent/order-insensitive token match; DOB distance 0 day(s)
cm0304_vanilla_original,43809,Tufan Apaydın,https://www.wikidata.org/wiki/Q6047800,unique accent/order-insensitive token match; DOB distance 0 day(s)
cm0304_vanilla_original,43810,Mehmet Ayaz,https://www.wikidata.org/wiki/Q1917313,unique accent/order-insensitive token match; DOB distance 0 day(s)
cm0304_vanilla_original,43815,Fadıl Koşutan,https://www.wikidata.org/wiki/Q109484378,unique accent/order-insensitive token match; DOB distance 0 day(s)
cm0304_vanilla_original,43822,İsmail Şenyüz,https://www.wikidata.org/wiki/Q2405236,unique accent/order-insensitive token match; DOB distance 0 day(s)
cm0304_vanilla_original,43833,Ahmet Yıldırım,https://www.wikidata.org/wiki/Q676847,unique accent/order-insensitive token match; DOB distance 0 day(s)
cm0304_vanilla_original,43834,Bekir Gür,https://www.wikidata.org/wiki/Q2894092,unique accent/order-insensitive token match; DOB distance 0 day(s)
cm0304_vanilla_original,43835,İlyas Kahraman,https://www.wikidata.org/wiki/Q3148834,unique accent/order-insensitive token match; DOB distance 0 day(s)
cm0304_vanilla_original,43839,Bülent Uygun,https://www.wikidata.org/wiki/Q1020698,unique accent/order-insensitive token match; DOB distance 0 day(s)
cm0304_vanilla_original,43840,Fahri Tatan,https://www.wikidata.org/wiki/Q178148,unique accent/order-insensitive token match; DOB distance 0 day(s)
cm0304_vanilla_original,43842,Semih Şentürk,https://www.wikidata.org/wiki/Q378275,unique accent/order-insensitive token match; DOB distance 0 day(s)
cm0304_vanilla_original,43847,Ali Tandoğan,https://www.wikidata.org/wiki/Q1378286,unique accent/order-insensitive token match; DOB distance 0 day(s)
cm0304_vanilla_original,43854,Levent Kartop,https://www.wikidata.org/wiki/Q4820125,unique accent/order-insensitive token match; DOB distance 0 day(s)
cm0304_vanilla_original,43856,Mohamed Ali Kurtuluş,https://www.wikidata.org/wiki/Q1951915,unique accent/order-insensitive token match; DOB distance 0 day(s)
cm0304_vanilla_original,43863,Ümit Bozkurt,https://www.wikidata.org/wiki/Q8079469,unique accent/order-insensitive token match; DOB distance 0 day(s)
cm0304_vanilla_original,43864,Veysel Cihan,https://www.wikidata.org/wiki/Q453996,unique accent/order-insensitive token match; DOB distance 0 day(s)
cm0304_vanilla_original,43865,Bülent Ertuğrul,https://www.wikidata.org/wiki/Q526631,unique accent/order-insensitive token match; DOB distance 0 day(s)
cm0304_vanilla_original,43872,Ender Alkan,https://www.wikidata.org/wiki/Q5376054,unique accent/order-insensitive token match; DOB distance 0 day(s)
cm0304_vanilla_original,43873,Erkan Özbey,https://www.wikidata.org/wiki/Q759156,unique accent/order-insensitive token match; DOB distance 0 day(s)
cm0304_vanilla_original,43877,Mesut Ünal,https://www.wikidata.org/wiki/Q27055380,unique accent/order-insensitive token match; DOB distance 0 day(s)
cm0304_vanilla_original,43883,Mustafa Er,https://www.wikidata.org/wiki/Q53250303,unique accent/order-insensitive token match; DOB distance 0 day(s)
cm0304_vanilla_original,43886,Ömer Kılıç,https://www.wikidata.org/wiki/Q2606385,unique accent/order-insensitive token match; DOB distance 0 day(s)
cm0304_vanilla_original,43887,Deniz Kolgu,https://www.wikidata.org/wiki/Q20476889,unique accent/order-insensitive token match; DOB distance 0 day(s)
cm0304_vanilla_original,43890,Serdar Kulbilge,https://www.wikidata.org/wiki/Q2000793,unique accent/order-insensitive token match; DOB distance 0 day(s)
cm0304_vanilla_original,43891,Serkan Damla,https://www.wikidata.org/wiki/Q124432988,unique accent/order-insensitive token match; DOB distance 0 day(s)
cm0304_vanilla_original,43892,Sinan Yeşil,https://www.wikidata.org/wiki/Q423012,unique accent/order-insensitive token match; DOB distance 0 day(s)
cm0304_vanilla_original,43895,Şenol Karagöl,https://www.wikidata.org/wiki/Q6080193,unique accent/order-insensitive token match; DOB distance 0 day(s)
cm0304_vanilla_original,43901,Fatih Şen,https://www.wikidata.org/wiki/Q1398126,unique accent/order-insensitive token match; DOB distance 0 day(s)
cm0304_vanilla_original,43905,Atakan Sancarbarlaz,https://www.wikidata.org/wiki/Q21524076,unique accent/order-insensitive token match; DOB distance 0 day(s)
cm0304_vanilla_original,43907,Bülent Sevlü,https://www.wikidata.org/wiki/Q6072963,unique accent/order-insensitive token match; DOB distance 0 day(s)
cm0304_vanilla_original,43908,Cenk İşler,https://www.wikidata.org/wiki/Q824590,unique accent/order-insensitive token match; DOB distance 0 day(s)
cm0304_vanilla_original,43910,Erbil Uzel,https://www.wikidata.org/wiki/Q1348364,unique accent/order-insensitive token match; DOB distance 0 day(s)
cm0304_vanilla_original,43914,Hayati Köse,https://www.wikidata.org/wiki/Q133989696,unique accent/order-insensitive token match; DOB distance 0 day(s)
cm0304_vanilla_original,43919,Serkan Bekiroğlu,https://www.wikidata.org/wiki/Q54861387,unique accent/order-insensitive token match; DOB distance 0 day(s)
cm0304_vanilla_original,43922,Yavuz Eraydın,https://www.wikidata.org/wiki/Q1419830,unique accent/order-insensitive token match; DOB distance 0 day(s)
cm0304_vanilla_original,43925,Şenol Yavaş,https://www.wikidata.org/wiki/Q6103415,unique accent/order-insensitive token match; DOB distance 0 day(s)
cm0304_vanilla_original,43926,Cafer Aydın,https://www.wikidata.org/wiki/Q6095911,unique accent/order-insensitive token match; DOB distance 0 day(s)
cm0304_vanilla_original,43937,Ahmet Arslaner,https://www.wikidata.org/wiki/Q100325119,unique accent/order-insensitive token match; DOB distance 0 day(s)
cm0304_vanilla_original,43938,Ali Mumcu,https://www.wikidata.org/wiki/Q4725062,unique accent/order-insensitive token match; DOB distance 0 day(s)
cm0304_vanilla_original,43940,Cem Sinan Vergül,https://www.wikidata.org/wiki/Q6067519,unique accent/order-insensitive token match; DOB distance 0 day(s)
cm0304_vanilla_original,43943,Cihan Haspolatlı,https://www.wikidata.org/wiki/Q722056,unique accent/order-insensitive token match; DOB distance 0 day(s)
cm0304_vanilla_original,43944,Engin Öztonga,https://www.wikidata.org/wiki/Q5377636,unique accent/order-insensitive token match; DOB distance 0 day(s)
cm0304_vanilla_original,43953,Orhan Ak,https://www.wikidata.org/wiki/Q937898,unique accent/order-insensitive token match; DOB distance 0 day(s)
cm0304_vanilla_original,43955,Özden Öngün,https://www.wikidata.org/wiki/Q307761,unique accent/order-insensitive token match; DOB distance 0 day(s)
cm0304_vanilla_original,43962,Toprak Kırtoğlu,https://www.wikidata.org/wiki/Q6103137,unique accent/order-insensitive token match; DOB distance 0 day(s)
cm0304_vanilla_original,43976,Mustafa Gürsel,https://www.wikidata.org/wiki/Q130438001,unique accent/order-insensitive token match; DOB distance 0 day(s)
cm0304_vanilla_original,43977,Nuri Kamburoğlu,https://www.wikidata.org/wiki/Q12811194,unique accent/order-insensitive token match; DOB distance 0 day(s)
cm0304_vanilla_original,43978,Uğur Yasan,https://www.wikidata.org/wiki/Q135441382,unique accent/order-insensitive token match; DOB distance 0 day(s)
cm0304_vanilla_original,43981,Mahmut Karıklar,https://www.wikidata.org/wiki/Q6074327,unique accent/order-insensitive token match; DOB distance 0 day(s)
cm0304_vanilla_original,43991,Altay Dağdelen,https://www.wikidata.org/wiki/Q6095275,unique accent/order-insensitive token match; DOB distance 0 day(s)
cm0304_vanilla_original,43999,Mutlu Dervişoğlu,https://www.wikidata.org/wiki/Q6943982,unique accent/order-insensitive token match; DOB distance 0 day(s)
cm0304_vanilla_original,44000,Muzaffer Bilazer,https://www.wikidata.org/wiki/Q6098157,unique accent/order-insensitive token match; DOB distance 0 day(s)
cm0304_vanilla_original,44001,Ömer Erdoğan,https://www.wikidata.org/wiki/Q297471,unique accent/order-insensitive token match; DOB distance 0 day(s)
cm0304_vanilla_original,44002,Selçuk Beyaz,https://www.wikidata.org/wiki/Q102111365,unique accent/order-insensitive token match; DOB distance 0 day(s)
cm0304_vanilla_original,44006,Zafer Demir,https://www.wikidata.org/wiki/Q6075149,unique accent/order-insensitive token match; DOB distance 0 day(s)
cm0304_vanilla_original,44014,Beyhan Sümer,https://www.wikidata.org/wiki/Q20472194,unique accent/order-insensitive token match; DOB distance 0 day(s)
cm0304_vanilla_original,44017,Ferdi Tatlı,https://www.wikidata.org/wiki/Q47499835,unique accent/order-insensitive token match; DOB distance 0 day(s)
cm0304_vanilla_original,44019,Hasan Sönmez,https://www.wikidata.org/wiki/Q10429658,unique accent/order-insensitive token match; DOB distance 0 day(s)
cm0304_vanilla_original,44020,Hüseyin Yoğurtçu,https://www.wikidata.org/wiki/Q1652495,unique accent/order-insensitive token match; DOB distance 0 day(s)
cm0304_vanilla_original,44022,İsmail Güldüren,https://www.wikidata.org/wiki/Q344163,unique accent/order-insensitive token match; DOB distance 0 day(s)
cm0304_vanilla_original,44025,Mehmet Şimşek,https://www.wikidata.org/wiki/Q17046046,unique accent/order-insensitive token match; DOB distance 0 day(s)
cm0304_vanilla_original,44026,Metin Akçevre,https://www.wikidata.org/wiki/Q12810845,unique accent/order-insensitive token match; DOB distance 0 day(s)
cm0304_vanilla_original,44027,Nihat Baştürk,https://www.wikidata.org/wiki/Q3177600,unique accent/order-insensitive token match; DOB distance 0 day(s)
cm0304_vanilla_original,44029,Tolga Doğantez,https://www.wikidata.org/wiki/Q1457850,unique accent/order-insensitive token match; DOB distance 0 day(s)
cm0304_vanilla_original,44035,Yusuf Soysal,https://www.wikidata.org/wiki/Q8061986,unique accent/order-insensitive token match; DOB distance 0 day(s)
cm0304_vanilla_original,44036,Ziya Aydın,https://www.wikidata.org/wiki/Q6091807,unique accent/order-insensitive token match; DOB distance 0 day(s)
cm0304_vanilla_original,44038,Engin Sayan,https://www.wikidata.org/wiki/Q40454483,unique accent/order-insensitive token match; DOB distance 0 day(s)
cm0304_vanilla_original,44039,Hakan Biçici,https://www.wikidata.org/wiki/Q137441153,unique accent/order-insensitive token match; DOB distance 0 day(s)
cm0304_vanilla_original,44041,İdris Gümüşdere,https://www.wikidata.org/wiki/Q6097516,unique accent/order-insensitive token match; DOB distance 0 day(s)
cm0304_vanilla_original,44045,Rasim Vardar,https://www.wikidata.org/wiki/Q18630054,unique accent/order-insensitive token match; DOB distance 0 day(s)
cm0304_vanilla_original,44049,Eyüphan Bayraktar,https://www.wikidata.org/wiki/Q134435773,unique accent/order-insensitive token match; DOB distance 0 day(s)
cm0304_vanilla_original,44071,Aykan Atik,https://www.wikidata.org/wiki/Q92927830,unique accent/order-insensitive token match; DOB distance 0 day(s)
cm0304_vanilla_original,44090,Zafer Kılıçkan,https://www.wikidata.org/wiki/Q8064279,unique accent/order-insensitive token match; DOB distance 0 day(s)
cm0304_vanilla_original,44099,Akın Vardar,https://www.wikidata.org/wiki/Q424750,unique accent/order-insensitive token match; DOB distance 0 day(s)
cm0304_vanilla_original,44102,Ümit Erbay,https://www.wikidata.org/wiki/Q102078593,unique accent/order-insensitive token match; DOB distance 0 day(s)
cm0304_vanilla_original,44114,Yusuf Tokaç,https://www.wikidata.org/wiki/Q12812655,unique accent/order-insensitive token match; DOB distance 0 day(s)
cm0304_vanilla_original,44137,Mert Korkmaz,https://www.wikidata.org/wiki/Q360668,unique accent/order-insensitive token match; DOB distance 0 day(s)
cm0304_vanilla_original,44153,Taner Gülleri,https://www.wikidata.org/wiki/Q2392344,unique accent/order-insensitive token match; DOB distance 0 day(s)
cm0304_vanilla_original,44154,Taner Alpak,https://www.wikidata.org/wiki/Q60557391,unique accent/order-insensitive token match; DOB distance 0 day(s)
cm0304_vanilla_original,44165,Serhat Akın,https://www.wikidata.org/wiki/Q659367,unique accent/order-insensitive token match; DOB distance 0 day(s)
cm0304_vanilla_original,44166,Recep Biler,https://www.wikidata.org/wiki/Q434163,unique accent/order-insensitive token match; DOB distance 0 day(s)
cm0304_vanilla_original,44167,Erman Yıldırım,https://www.wikidata.org/wiki/Q6089137,unique accent/order-insensitive token match; DOB distance 0 day(s)
cm0304_vanilla_original,44168,Mithat Yavaş,https://www.wikidata.org/wiki/Q6102942,unique accent/order-insensitive token match; DOB distance 0 day(s)
cm0304_vanilla_original,44179,Erdinç Yavuz,https://www.wikidata.org/wiki/Q1349279,unique accent/order-insensitive token match; DOB distance 0 day(s)
cm0304_vanilla_original,44180,Ertuğrul Arslan,https://www.wikidata.org/wiki/Q5395921,unique accent/order-insensitive token match; DOB distance 0 day(s)
cm0304_vanilla_original,44185,Kemal Dulda,https://www.wikidata.org/wiki/Q6386823,unique accent/order-insensitive token match; DOB distance 0 day(s)
cm0304_vanilla_original,44188,Mustafa Tuna Kaya,https://www.wikidata.org/wiki/Q683426,unique accent/order-insensitive token match; DOB distance 0 day(s)
cm0304_vanilla_original,44190,Selim Çatalbaş,https://www.wikidata.org/wiki/Q6077844,unique accent/order-insensitive token match; DOB distance 0 day(s)
cm0304_vanilla_original,44219,İbrahim Arıkan,https://www.wikidata.org/wiki/Q6102162,unique accent/order-insensitive token match; DOB distance 0 day(s)
cm0304_vanilla_original,44256,Aşkın Dilli,https://www.wikidata.org/wiki/Q134378662,unique accent/order-insensitive token match; DOB distance 0 day(s)
cm0304_vanilla_original,44257,Coşkun Yılmaz,https://www.wikidata.org/wiki/Q134396420,unique accent/order-insensitive token match; DOB distance 0 day(s)
cm0304_vanilla_original,44263,İlker Erdem,https://www.wikidata.org/wiki/Q134378664,unique accent/order-insensitive token match; DOB distance 0 day(s)
cm0304_vanilla_original,44272,Ümit Teke,https://www.wikidata.org/wiki/Q6082892,unique accent/order-insensitive token match; DOB distance 0 day(s)
cm0304_vanilla_original,44275,Yusuf Ocak,https://www.wikidata.org/wiki/Q134378670,unique accent/order-insensitive token match; DOB distance 0 day(s)
cm0304_vanilla_original,44303,Hamza Akaydın,https://www.wikidata.org/wiki/Q6100619,unique accent/order-insensitive token match; DOB distance 0 day(s)
cm0304_vanilla_original,44316,Abdurrahman Dereli,https://www.wikidata.org/wiki/Q180924,unique accent/order-insensitive token match; DOB distance 0 day(s)
cm0304_vanilla_original,44317,Adem Çak,https://www.wikidata.org/wiki/Q134222206,unique accent/order-insensitive token match; DOB distance 0 day(s)
cm0304_vanilla_original,44319,Aydoğan Hacısalihoğlu,https://www.wikidata.org/wiki/Q134378650,unique accent/order-insensitive token match; DOB distance 0 day(s)
cm0304_vanilla_original,44330,Hakan Bayraktar,https://www.wikidata.org/wiki/Q134422407,unique accent/order-insensitive token match; DOB distance 0 day(s)
cm0304_vanilla_original,44331,Hamza Gezmiş,https://www.wikidata.org/wiki/Q1574055,unique accent/order-insensitive token match; DOB distance 0 day(s)
cm0304_vanilla_original,44333,Mehmet Kahriman,https://www.wikidata.org/wiki/Q6102713,unique accent/order-insensitive token match; DOB distance 0 day(s)
cm0304_vanilla_original,44334,Mehmet Yılmaz,https://www.wikidata.org/wiki/Q6103341,unique accent/order-insensitive token match; DOB distance 0 day(s)
cm0304_vanilla_original,44348,Deniz Kibar,https://www.wikidata.org/wiki/Q133250232,unique accent/order-insensitive token match; DOB distance 0 day(s)
cm0304_vanilla_original,44365,İbrahim Çelik,https://www.wikidata.org/wiki/Q6082371,unique accent/order-insensitive token match; DOB distance 0 day(s)
cm0304_vanilla_original,44390,İsmail Erden,https://www.wikidata.org/wiki/Q19758090,unique accent/order-insensitive token match; DOB distance 0 day(s)
cm0304_vanilla_original,44465,Emrehan Ceylan,https://www.wikidata.org/wiki/Q6047448,unique accent/order-insensitive token match; DOB distance 0 day(s)
cm0304_vanilla_original,44468,Ersin Güreler,https://www.wikidata.org/wiki/Q10437767,unique accent/order-insensitive token match; DOB distance 0 day(s)
cm0304_vanilla_original,44479,Sedat Ağçay,https://www.wikidata.org/wiki/Q2264245,unique accent/order-insensitive token match; DOB distance 0 day(s)
cm0304_vanilla_original,44504,Levent Taşkın,https://www.wikidata.org/wiki/Q6084650,unique accent/order-insensitive token match; DOB distance 0 day(s)
cm0304_vanilla_original,44527,Gökhan Bozkaya,https://www.wikidata.org/wiki/Q5626475,unique accent/order-insensitive token match; DOB distance 0 day(s)
cm0304_vanilla_original,44531,Ali Çebi,https://www.wikidata.org/wiki/Q134029622,unique accent/order-insensitive token match; DOB distance 0 day(s)
cm0304_vanilla_original,44550,Yücel Çolak,https://www.wikidata.org/wiki/Q42893838,unique accent/order-insensitive token match; DOB distance 0 day(s)
cm0304_vanilla_original,44558,Erdal Sezek,https://www.wikidata.org/wiki/Q1348714,unique accent/order-insensitive token match; DOB distance 0 day(s)
cm0304_vanilla_original,44566,Mustafa Ulaş Ortakaya,https://www.wikidata.org/wiki/Q6943339,unique accent/order-insensitive token match; DOB distance 0 day(s)
cm0304_vanilla_original,44572,Bünyamin Kubat,https://www.wikidata.org/wiki/Q20473773,unique accent/order-insensitive token match; DOB distance 0 day(s)
cm0304_vanilla_original,44607,Ayhan Alemdaroğlu,https://www.wikidata.org/wiki/Q15435603,unique accent/order-insensitive token match; DOB distance 0 day(s)
cm0304_vanilla_original,44615,Hayrettin Yerlikaya,https://www.wikidata.org/wiki/Q433109,unique accent/order-insensitive token match; DOB distance 0 day(s)
cm0304_vanilla_original,44616,Mahmut Hoşgiz,https://www.wikidata.org/wiki/Q6734655,unique accent/order-insensitive token match; DOB distance 0 day(s)
cm0304_vanilla_original,44617,Muhammet Şeker,https://www.wikidata.org/wiki/Q6049439,unique accent/order-insensitive token match; DOB distance 0 day(s)
cm0304_vanilla_original,44619,Murat Şenvardar,https://www.wikidata.org/wiki/Q6034686,unique accent/order-insensitive token match; DOB distance 0 day(s)
cm0304_vanilla_original,44639,Hakan Kaygusuz,https://www.wikidata.org/wiki/Q23920541,unique accent/order-insensitive token match; DOB distance 0 day(s)
cm0304_vanilla_original,44650,Mustafa Yılmaz,https://www.wikidata.org/wiki/Q133989854,unique accent/order-insensitive token match; DOB distance 0 day(s)
cm0304_vanilla_original,44666,Fazlı Ulusoy,https://www.wikidata.org/wiki/Q12809527,unique accent/order-insensitive token match; DOB distance 0 day(s)
cm0304_vanilla_original,44677,Süleyman Usta,https://www.wikidata.org/wiki/Q134394833,unique accent/order-insensitive token match; DOB distance 0 day(s)
cm0304_vanilla_original,44678,Tevfik Cihan Bulut,https://www.wikidata.org/wiki/Q31192422,unique accent/order-insensitive token match; DOB distance 0 day(s)
cm0304_vanilla_original,44679,Ulaş Ulusan,https://www.wikidata.org/wiki/Q134517759,unique accent/order-insensitive token match; DOB distance 0 day(s)
cm0304_vanilla_original,44681,Yalçın Koşukavak,https://www.wikidata.org/wiki/Q43303413,unique accent/order-insensitive token match; DOB distance 0 day(s)
cm0304_vanilla_original,44683,Ahmet Bulut,https://www.wikidata.org/wiki/Q25476809,unique accent/order-insensitive token match; DOB distance 0 day(s)
cm0304_vanilla_original,44684,Alpaslan Kartal,https://www.wikidata.org/wiki/Q956261,unique accent/order-insensitive token match; DOB distance 0 day(s)
cm0304_vanilla_original,44695,Levent Açıkgöz,https://www.wikidata.org/wiki/Q17045898,unique accent/order-insensitive token match; DOB distance 0 day(s)
cm0304_vanilla_original,44700,Nejat Özyıldırım,https://www.wikidata.org/wiki/Q17046190,unique accent/order-insensitive token match; DOB distance 0 day(s)
cm0304_vanilla_original,44724,Mehmet Çolak,https://www.wikidata.org/wiki/Q6092540,unique accent/order-insensitive token match; DOB distance 0 day(s)
cm0304_vanilla_original,44731,Şenol İbişi,https://www.wikidata.org/wiki/Q99672566,unique accent/order-insensitive token match; DOB distance 0 day(s)
cm0304_vanilla_original,44732,Tuncay Akgün,https://www.wikidata.org/wiki/Q107450596,unique accent/order-insensitive token match; DOB distance 0 day(s)
cm0304_vanilla_original,44765,Serhat Gülpınar,https://www.wikidata.org/wiki/Q2273311,unique accent/order-insensitive token match; DOB distance 0 day(s)
cm0304_vanilla_original,44766,Tayfun Türkmen,https://www.wikidata.org/wiki/Q10427256,unique accent/order-insensitive token match; DOB distance 0 day(s)
cm0304_vanilla_original,44805,Ahmet Taşyürek,https://www.wikidata.org/wiki/Q27123036,unique accent/order-insensitive token match; DOB distance 0 day(s)
cm0304_vanilla_original,44809,Ekrem Ekşioğlu,https://www.wikidata.org/wiki/Q1323520,unique accent/order-insensitive token match; DOB distance 0 day(s)
cm0304_vanilla_original,44813,Gökhan Zan,https://www.wikidata.org/wiki/Q259179,unique accent/order-insensitive token match; DOB distance 0 day(s)
cm0304_vanilla_original,44815,Göksel Akıncı,https://www.wikidata.org/wiki/Q6103142,unique accent/order-insensitive token match; DOB distance 0 day(s)
cm0304_vanilla_original,44819,İlhan Palut,https://www.wikidata.org/wiki/Q78498047,unique accent/order-insensitive token match; DOB distance 0 day(s)
cm0304_vanilla_original,44824,Selçuk Şahin,https://www.wikidata.org/wiki/Q739376,unique accent/order-insensitive token match; DOB distance 0 day(s)
cm0304_vanilla_original,44828,Suvat Karadağ,https://www.wikidata.org/wiki/Q115868354,unique accent/order-insensitive token match; DOB distance 0 day(s)
cm0304_vanilla_original,44847,Gökhan Kolomoç,https://www.wikidata.org/wiki/Q134301703,unique accent/order-insensitive token match; DOB distance 0 day(s)
cm0304_vanilla_original,44854,Ragıp Başdağ,https://www.wikidata.org/wiki/Q373394,unique accent/order-insensitive token match; DOB distance 0 day(s)
cm0304_vanilla_original,44856,Serkan Özbalta,https://www.wikidata.org/wiki/Q110713858,unique accent/order-insensitive token match; DOB distance 0 day(s)
cm0304_vanilla_original,44857,Şenol Erol,https://www.wikidata.org/wiki/Q6102204,unique accent/order-insensitive token match; DOB distance 0 day(s)
cm0304_vanilla_original,44889,Batur Altıparmak,https://www.wikidata.org/wiki/Q47313911,unique accent/order-insensitive token match; DOB distance 0 day(s)
cm0304_vanilla_original,44892,Çetin Limanoğlu,https://www.wikidata.org/wiki/Q134394835,unique accent/order-insensitive token match; DOB distance 0 day(s)
cm0304_vanilla_original,44901,Murat Akarsu,https://www.wikidata.org/wiki/Q6064327,unique accent/order-insensitive token match; DOB distance 0 day(s)
cm0304_vanilla_original,44902,Murat Hacıoğlu,https://www.wikidata.org/wiki/Q358987,unique accent/order-insensitive token match; DOB distance 0 day(s)
cm0304_vanilla_original,44908,Targan Seymen,https://www.wikidata.org/wiki/Q134435769,unique accent/order-insensitive token match; DOB distance 0 day(s)
cm0304_vanilla_original,44911,Zafer Biryol,https://www.wikidata.org/wiki/Q140157,unique accent/order-insensitive token match; DOB distance 0 day(s)
cm0304_vanilla_original,44916,Emin Taş,https://www.wikidata.org/wiki/Q6091645,unique accent/order-insensitive token match; DOB distance 0 day(s)
cm0304_vanilla_original,44923,İsmail Sivrikaya,https://www.wikidata.org/wiki/Q134463653,unique accent/order-insensitive token match; DOB distance 0 day(s)
cm0304_vanilla_original,44931,Sezar Güner,https://www.wikidata.org/wiki/Q132967672,unique accent/order-insensitive token match; DOB distance 0 day(s)
cm0304_vanilla_original,44940,Aydın Yetgin,https://www.wikidata.org/wiki/Q132967678,unique accent/order-insensitive token match; DOB distance 0 day(s)
cm0304_vanilla_original,44977,İzzet Kaya,https://www.wikidata.org/wiki/Q8080277,unique accent/order-insensitive token match; DOB distance 0 day(s)
cm0304_vanilla_original,44979,Mehmet Yener,https://www.wikidata.org/wiki/Q134416686,unique accent/order-insensitive token match; DOB distance 0 day(s)
cm0304_vanilla_original,44984,Özgür Yıldırım,https://www.wikidata.org/wiki/Q307848,unique accent/order-insensitive token match; DOB distance 0 day(s)
cm0304_vanilla_original,44985,Sami Uğurlu,https://www.wikidata.org/wiki/Q112134519,unique accent/order-insensitive token match; DOB distance 0 day(s)
cm0304_vanilla_original,44986,Serkan Tanrınıan,https://www.wikidata.org/wiki/Q17046305,unique accent/order-insensitive token match; DOB distance 0 day(s)
cm0304_vanilla_original,44987,Seyit İçgül,https://www.wikidata.org/wiki/Q17046313,unique accent/order-insensitive token match; DOB distance 0 day(s)
cm0304_vanilla_original,44992,İlkan Aksoy,https://www.wikidata.org/wiki/Q132967667,unique accent/order-insensitive token match; DOB distance 0 day(s)
cm0304_vanilla_original,45000,Bayram Çolak,https://www.wikidata.org/wiki/Q126918539,unique accent/order-insensitive token match; DOB distance 0 day(s)
cm0304_vanilla_original,45004,Ertuğrul Şerbetçi,https://www.wikidata.org/wiki/Q17045626,unique accent/order-insensitive token match; DOB distance 0 day(s)
cm0304_vanilla_original,45007,Hürriyet Gücer,https://www.wikidata.org/wiki/Q548270,unique accent/order-insensitive token match; DOB distance 0 day(s)
cm0304_vanilla_original,45010,Mehmet Çetinkaya,https://www.wikidata.org/wiki/Q116732594,unique accent/order-insensitive token match; DOB distance 0 day(s)
cm0304_vanilla_original,45014,Mustafa Keçeli,https://www.wikidata.org/wiki/Q1955557,unique accent/order-insensitive token match; DOB distance 0 day(s)
cm0304_vanilla_original,45022,Yılmaz Özen,https://www.wikidata.org/wiki/Q16858162,unique accent/order-insensitive token match; DOB distance 0 day(s)
cm0304_vanilla_original,45039,Taner Yılmaz,https://www.wikidata.org/wiki/Q134395520,unique accent/order-insensitive token match; DOB distance 0 day(s)
cm0304_vanilla_original,45047,Bülent Aslan,https://www.wikidata.org/wiki/Q134100645,unique accent/order-insensitive token match; DOB distance 0 day(s)
cm0304_vanilla_original,45049,Candan Sayın,https://www.wikidata.org/wiki/Q132967685,unique accent/order-insensitive token match; DOB distance 0 day(s)
cm0304_vanilla_original,45051,Ensar Hacımustafaoğlu,https://www.wikidata.org/wiki/Q134394832,unique accent/order-insensitive token match; DOB distance 0 day(s)
cm0304_vanilla_original,45060,Murat Bölükbaşı,https://www.wikidata.org/wiki/Q6087709,unique accent/order-insensitive token match; DOB distance 0 day(s)
cm0304_vanilla_original,45067,Sedat Kalaycı,https://www.wikidata.org/wiki/Q12811752,unique accent/order-insensitive token match; DOB distance 0 day(s)
cm0304_vanilla_original,45068,Servet Çetin,https://www.wikidata.org/wiki/Q347327,unique accent/order-insensitive token match; DOB distance 0 day(s)
cm0304_vanilla_original,45079,Egemen Korkmaz,https://www.wikidata.org/wiki/Q1114411,unique accent/order-insensitive token match; DOB distance 0 day(s)
cm0304_vanilla_original,45158,Bülent Bal,https://www.wikidata.org/wiki/Q5005274,unique accent/order-insensitive token match; DOB distance 0 day(s)
cm0304_vanilla_original,45160,Fatih Sarı,https://www.wikidata.org/wiki/Q17046278,unique accent/order-insensitive token match; DOB distance 0 day(s)
cm0304_vanilla_original,45164,Kaya Tarakçı,https://www.wikidata.org/wiki/Q1418755,unique accent/order-insensitive token match; DOB distance 0 day(s)
cm0304_vanilla_original,45165,Kemal Aslan,https://www.wikidata.org/wiki/Q716673,unique accent/order-insensitive token match; DOB distance 0 day(s)
cm0304_vanilla_original,45166,Alper Akıcı,https://www.wikidata.org/wiki/Q18410164,unique accent/order-insensitive token match; DOB distance 0 day(s)
cm0304_vanilla_original,45169,Murat İbrahim Uslu,https://www.wikidata.org/wiki/Q6937446,unique accent/order-insensitive token match; DOB distance 0 day(s)
cm0304_vanilla_original,45171,Mustafa Marangoz,https://www.wikidata.org/wiki/Q6094748,unique accent/order-insensitive token match; DOB distance 0 day(s)
cm0304_vanilla_original,45189,Mahmut Hanefi Erdoğdu,https://www.wikidata.org/wiki/Q175335,unique accent/order-insensitive token match; DOB distance 0 day(s)
cm0304_vanilla_original,45190,Mehmet Özkul,https://www.wikidata.org/wiki/Q82950865,unique accent/order-insensitive token match; DOB distance 0 day(s)
cm0304_vanilla_original,45192,Muhammet Özdin,https://www.wikidata.org/wiki/Q1951919,unique accent/order-insensitive token match; DOB distance 0 day(s)
cm0304_vanilla_original,45193,Mustafa Sert,https://www.wikidata.org/wiki/Q1480628,unique accent/order-insensitive token match; DOB distance 0 day(s)
cm0304_vanilla_original,45195,Sinan Kahraman,https://www.wikidata.org/wiki/Q85974923,unique accent/order-insensitive token match; DOB distance 0 day(s)
cm0304_vanilla_original,45196,Timuçin Bayazıt,https://www.wikidata.org/wiki/Q6092858,unique accent/order-insensitive token match; DOB distance 0 day(s)
cm0304_vanilla_original,45197,Ünal Odabaş,https://www.wikidata.org/wiki/Q134394830,unique accent/order-insensitive token match; DOB distance 0 day(s)
cm0304_vanilla_original,45210,Gökmen Yıldıran,https://www.wikidata.org/wiki/Q99542993,unique accent/order-insensitive token match; DOB distance 0 day(s)
cm0304_vanilla_original,45220,Taner Demirbaş,https://www.wikidata.org/wiki/Q7682558,unique accent/order-insensitive token match; DOB distance 0 day(s)
cm0304_vanilla_original,45221,Taner Taşkın,https://www.wikidata.org/wiki/Q6085895,unique accent/order-insensitive token match; DOB distance 0 day(s)
cm0304_vanilla_original,45240,Fatih Serkan Albayrak,https://www.wikidata.org/wiki/Q134378649,unique accent/order-insensitive token match; DOB distance 0 day(s)
cm0304_vanilla_original,45262,Mehmet Topuz,https://www.wikidata.org/wiki/Q951211,unique accent/order-insensitive token match; DOB distance 0 day(s)
cm0304_vanilla_original,45263,Abdulvahit Karacabey,https://www.wikidata.org/wiki/Q6102977,unique accent/order-insensitive token match; DOB distance 0 day(s)
cm0304_vanilla_original,45267,Ergün Teber,https://www.wikidata.org/wiki/Q548218,unique accent/order-insensitive token match; DOB distance 0 day(s)
cm0304_vanilla_original,45271,Hakan Dolutaş,https://www.wikidata.org/wiki/Q6095292,unique accent/order-insensitive token match; DOB distance 0 day(s)
cm0304_vanilla_original,45272,Hakkı Daş,https://www.wikidata.org/wiki/Q132633401,unique accent/order-insensitive token match; DOB distance 0 day(s)
cm0304_vanilla_original,45273,İlhan Sancaktar,https://www.wikidata.org/wiki/Q774601,unique accent/order-insensitive token match; DOB distance 0 day(s)
cm0304_vanilla_original,45276,Mehmet Ali Tunç,https://www.wikidata.org/wiki/Q1402703,unique accent/order-insensitive token match; DOB distance 0 day(s)
cm0304_vanilla_original,45283,Yunus Altun,https://www.wikidata.org/wiki/Q10507034,unique accent/order-insensitive token match; DOB distance 0 day(s)
cm0304_vanilla_original,45289,Birol Demirhan,https://www.wikidata.org/wiki/Q56173804,unique accent/order-insensitive token match; DOB distance 0 day(s)
cm0304_vanilla_original,45290,Bülent Bölükbaşı,https://www.wikidata.org/wiki/Q370545,unique accent/order-insensitive token match; DOB distance 0 day(s)
cm0304_vanilla_original,45291,Cahit Paşa,https://www.wikidata.org/wiki/Q5017432,unique accent/order-insensitive token match; DOB distance 0 day(s)
cm0304_vanilla_original,45292,Coşkun Birdal,https://www.wikidata.org/wiki/Q5180176,unique accent/order-insensitive token match; DOB distance 0 day(s)
cm0304_vanilla_original,45293,Cüneyt Yis,https://www.wikidata.org/wiki/Q99673269,unique accent/order-insensitive token match; DOB distance 0 day(s)
cm0304_vanilla_original,45297,Ercüment Şahin,https://www.wikidata.org/wiki/Q725073,unique accent/order-insensitive token match; DOB distance 0 day(s)
cm0304_vanilla_original,45301,İhsan Burak Özsaraç,https://www.wikidata.org/wiki/Q1010206,unique accent/order-insensitive token match; DOB distance 0 day(s)
cm0304_vanilla_original,45303,Kubilay Aydın,https://www.wikidata.org/wiki/Q15859771,unique accent/order-insensitive token match; DOB distance 0 day(s)
cm0304_vanilla_original,45304,Levent Devrim,https://www.wikidata.org/wiki/Q1821769,unique accent/order-insensitive token match; DOB distance 0 day(s)
cm0304_vanilla_original,45306,Murat Duman,https://www.wikidata.org/wiki/Q25473681,unique accent/order-insensitive token match; DOB distance 0 day(s)
cm0304_vanilla_original,45312,Recep Öztürk,https://www.wikidata.org/wiki/Q2135187,unique accent/order-insensitive token match; DOB distance 0 day(s)
cm0304_vanilla_original,45313,Semavi Uzun,https://www.wikidata.org/wiki/Q21527257,unique accent/order-insensitive token match; DOB distance 0 day(s)
cm0304_vanilla_original,45314,Serdar Meriç,https://www.wikidata.org/wiki/Q99673271,unique accent/order-insensitive token match; DOB distance 0 day(s)
cm0304_vanilla_original,45315,Ziya Şahin,https://www.wikidata.org/wiki/Q31188014,unique accent/order-insensitive token match; DOB distance 0 day(s)
cm0304_vanilla_original,45329,Aydın Dağdelen,https://www.wikidata.org/wiki/Q99673272,unique accent/order-insensitive token match; DOB distance 0 day(s)
cm0304_vanilla_original,45345,Mustafa Özer,https://www.wikidata.org/wiki/Q14946222,unique accent/order-insensitive token match; DOB distance 0 day(s)
cm0304_vanilla_original,45364,İbrahim Mollaibrahimağaoğlu,https://www.wikidata.org/wiki/Q132967674,unique accent/order-insensitive token match; DOB distance 0 day(s)
cm0304_vanilla_original,45381,Eser Altın,https://www.wikidata.org/wiki/Q1367567,unique accent/order-insensitive token match; DOB distance 0 day(s)
cm0304_vanilla_original,45385,Mutlu Kızıltan,https://www.wikidata.org/wiki/Q6084402,unique accent/order-insensitive token match; DOB distance 0 day(s)
cm0304_vanilla_original,45387,İbrahim Hasançebi,https://www.wikidata.org/wiki/Q130484553,unique accent/order-insensitive token match; DOB distance 0 day(s)
cm0304_vanilla_original,45399,Okan Öztürk,https://www.wikidata.org/wiki/Q7081769,unique accent/order-insensitive token match; DOB distance 0 day(s)
cm0304_vanilla_original,45405,Taner Savut,https://www.wikidata.org/wiki/Q107450638,unique accent/order-insensitive token match; DOB distance 0 day(s)
cm0304_vanilla_original,45416,Ayhan Hüseyinoğlu,https://www.wikidata.org/wiki/Q28647859,unique accent/order-insensitive token match; DOB distance 0 day(s)
cm0304_vanilla_original,45419,Cem Kargın,https://www.wikidata.org/wiki/Q5058615,unique accent/order-insensitive token match; DOB distance 0 day(s)
cm0304_vanilla_original,45421,Faruk Bayar,https://www.wikidata.org/wiki/Q1397194,unique accent/order-insensitive token match; DOB distance 0 day(s)
cm0304_vanilla_original,45427,Murat Öztürk,https://www.wikidata.org/wiki/Q6937441,unique accent/order-insensitive token match; DOB distance 0 day(s)
cm0304_vanilla_original,45433,Mehmet Budak,https://www.wikidata.org/wiki/Q10397140,unique accent/order-insensitive token match; DOB distance 0 day(s)
cm0304_vanilla_original,45444,Abdullah Boz,https://www.wikidata.org/wiki/Q134221083,unique accent/order-insensitive token match; DOB distance 0 day(s)
cm0304_vanilla_original,45473,Gürkan Ekren,https://www.wikidata.org/wiki/Q5627138,unique accent/order-insensitive token match; DOB distance 0 day(s)
cm0304_vanilla_original,45475,Kadir Demirel,https://www.wikidata.org/wiki/Q113818173,unique accent/order-insensitive token match; DOB distance 0 day(s)
cm0304_vanilla_original,45477,Mustafa Bahadır,https://www.wikidata.org/wiki/Q15743242,unique accent/order-insensitive token match; DOB distance 0 day(s)
cm0304_vanilla_original,45481,Yusuf Peken,https://www.wikidata.org/wiki/Q130484537,unique accent/order-insensitive token match; DOB distance 0 day(s)
cm0304_vanilla_original,45483,Murat Karakoç,https://www.wikidata.org/wiki/Q6937410,unique accent/order-insensitive token match; DOB distance 0 day(s)
cm0304_vanilla_original,45493,Ali Nail Durmuş,https://www.wikidata.org/wiki/Q6101899,unique accent/order-insensitive token match; DOB distance 0 day(s)
cm0304_vanilla_original,45495,Bülent Ataman,https://www.wikidata.org/wiki/Q5005275,unique accent/order-insensitive token match; DOB distance 0 day(s)
cm0304_vanilla_original,45502,Metin Uzun,https://www.wikidata.org/wiki/Q61725010,unique accent/order-insensitive token match; DOB distance 0 day(s)
cm0304_vanilla_original,45503,Muammer Sürmeli,https://www.wikidata.org/wiki/Q6080971,unique accent/order-insensitive token match; DOB distance 0 day(s)
cm0304_vanilla_original,45510,Ümit Özışık,https://www.wikidata.org/wiki/Q115631624,unique accent/order-insensitive token match; DOB distance 0 day(s)
cm0304_vanilla_original,45512,Hüseyin Öztürk,https://www.wikidata.org/wiki/Q134422404,unique accent/order-insensitive token match; DOB distance 0 day(s)
cm0304_vanilla_original,45515,Gökhan Çalışal,https://www.wikidata.org/wiki/Q5626480,unique accent/order-insensitive token match; DOB distance 0 day(s)
cm0304_vanilla_original,45526,Kenan Yelek,https://www.wikidata.org/wiki/Q3737282,unique accent/order-insensitive token match; DOB distance 0 day(s)
cm0304_vanilla_original,45527,Emre Güsar,https://www.wikidata.org/wiki/Q99672561,unique accent/order-insensitive token match; DOB distance 0 day(s)
cm0304_vanilla_original,45535,Kenan Arayıcı,https://www.wikidata.org/wiki/Q99673251,unique accent/order-insensitive token match; DOB distance 0 day(s)
cm0304_vanilla_original,45538,Necati Ateş,https://www.wikidata.org/wiki/Q787437,unique accent/order-insensitive token match; DOB distance 0 day(s)
cm0304_vanilla_original,45539,Nihat Tümkaya,https://www.wikidata.org/wiki/Q17046206,unique accent/order-insensitive token match; DOB distance 0 day(s)
cm0304_vanilla_original,45541,Orhan Terzi,https://www.wikidata.org/wiki/Q6097101,unique accent/order-insensitive token match; DOB distance 0 day(s)
cm0304_vanilla_original,45542,Özkan Koçtürk,https://www.wikidata.org/wiki/Q307895,unique accent/order-insensitive token match; DOB distance 0 day(s)
cm0304_vanilla_original,45548,Yakup Sertkaya,https://www.wikidata.org/wiki/Q8047237,unique accent/order-insensitive token match; DOB distance 0 day(s)
cm0304_vanilla_original,45551,Aytekin Viduşlu,https://www.wikidata.org/wiki/Q4831733,unique accent/order-insensitive token match; DOB distance 0 day(s)
cm0304_vanilla_original,45552,Ramazan Kurşunlu,https://www.wikidata.org/wiki/Q2130008,unique accent/order-insensitive token match; DOB distance 0 day(s)
cm0304_vanilla_original,45583,Dursun Albayrak,https://www.wikidata.org/wiki/Q134416683,unique accent/order-insensitive token match; DOB distance 0 day(s)
cm0304_vanilla_original,45588,Fevzi Elmas,https://www.wikidata.org/wiki/Q349941,unique accent/order-insensitive token match; DOB distance 0 day(s)
cm0304_vanilla_original,45596,Mehmet Çoğum,https://www.wikidata.org/wiki/Q1716782,unique accent/order-insensitive token match; DOB distance 0 day(s)
cm0304_vanilla_original,45598,Mehmet Yılmaz,https://www.wikidata.org/wiki/Q344206,unique accent/order-insensitive token match; DOB distance 0 day(s)
cm0304_vanilla_original,45599,Murat Onur,https://www.wikidata.org/wiki/Q2947435,unique accent/order-insensitive token match; DOB distance 0 day(s)
cm0304_vanilla_original,45603,Okan Koç,https://www.wikidata.org/wiki/Q2017091,unique accent/order-insensitive token match; DOB distance 0 day(s)
cm0304_vanilla_original,45606,Serkan Reçber,https://www.wikidata.org/wiki/Q116586789,unique accent/order-insensitive token match; DOB distance 0 day(s)
cm0304_vanilla_original,45611,Tayfun Rıdvan Albayrak,https://www.wikidata.org/wiki/Q7689783,unique accent/order-insensitive token match; DOB distance 0 day(s)
cm0304_vanilla_original,45612,Tolga Seyhan,https://www.wikidata.org/wiki/Q1384117,unique accent/order-insensitive token match; DOB distance 0 day(s)
cm0304_vanilla_original,45614,Ufuk Ateş,https://www.wikidata.org/wiki/Q14863079,unique accent/order-insensitive token match; DOB distance 0 day(s)
cm0304_vanilla_original,45616,Ümit İnal,https://www.wikidata.org/wiki/Q14859023,unique accent/order-insensitive token match; DOB distance 0 day(s)
cm0304_vanilla_original,45619,Yasir Elmacı,https://www.wikidata.org/wiki/Q2483820,unique accent/order-insensitive token match; DOB distance 0 day(s)
cm0304_vanilla_original,45621,Mehmet Şen,https://www.wikidata.org/wiki/Q6102832,unique accent/order-insensitive token match; DOB distance 0 day(s)
cm0304_vanilla_original,45639,Cem Koşanoğlu,https://www.wikidata.org/wiki/Q6074346,unique accent/order-insensitive token match; DOB distance 0 day(s)
cm0304_vanilla_original,45641,Murat Yiğiter,https://www.wikidata.org/wiki/Q15867355,unique accent/order-insensitive token match; DOB distance 0 day(s)
cm0304_vanilla_original,45644,Ali Ravcı,https://www.wikidata.org/wiki/Q110538000,unique accent/order-insensitive token match; DOB distance 0 day(s)
cm0304_vanilla_original,45647,Bülent Yenihayat,https://www.wikidata.org/wiki/Q126285515,unique accent/order-insensitive token match; DOB distance 1 day(s)
cm0304_vanilla_original,45652,Hakan Çalışkan,https://www.wikidata.org/wiki/Q6100343,unique accent/order-insensitive token match; DOB distance 0 day(s)
cm0304_vanilla_original,45657,Okan Çebi,https://www.wikidata.org/wiki/Q134378660,unique accent/order-insensitive token match; DOB distance 0 day(s)
cm0304_vanilla_original,45666,Cengiz Alp,https://www.wikidata.org/wiki/Q6092694,unique accent/order-insensitive token match; DOB distance 0 day(s)
cm0304_vanilla_original,45667,Devran Ayhan,https://www.wikidata.org/wiki/Q4059038,unique accent/order-insensitive token match; DOB distance 0 day(s)
cm0304_vanilla_original,45674,İsmail Demirci,https://www.wikidata.org/wiki/Q6091885,unique accent/order-insensitive token match; DOB distance 0 day(s)
cm0304_vanilla_original,45677,Kılıçarslan Kopuz,https://www.wikidata.org/wiki/Q6099633,unique accent/order-insensitive token match; DOB distance 0 day(s)
cm0304_vanilla_original,45678,Kürşat Duymuş,https://www.wikidata.org/wiki/Q523813,unique accent/order-insensitive token match; DOB distance 0 day(s)
cm0304_vanilla_original,45681,Koray Avcı,https://www.wikidata.org/wiki/Q326854,unique accent/order-insensitive token match; DOB distance 0 day(s)
cm0304_vanilla_original,45684,Selçuk Yıldırımkaya,https://www.wikidata.org/wiki/Q1537013,unique accent/order-insensitive token match; DOB distance 0 day(s)
cm0304_vanilla_original,45687,Ümit Ozan Kazmaz,https://www.wikidata.org/wiki/Q6088205,unique accent/order-insensitive token match; DOB distance 0 day(s)
cm0304_vanilla_original,45688,Zeki Sonbay,https://www.wikidata.org/wiki/Q113164231,unique accent/order-insensitive token match; DOB distance 0 day(s)
cm0304_vanilla_original,45698,Barış Özkan,https://www.wikidata.org/wiki/Q132967665,unique accent/order-insensitive token match; DOB distance 0 day(s)
cm0304_vanilla_original,45699,Şadi Çolak,https://www.wikidata.org/wiki/Q6087332,unique accent/order-insensitive token match; DOB distance 0 day(s)
cm0304_vanilla_original,45712,Aydın Kaldırım,https://www.wikidata.org/wiki/Q130484542,unique accent/order-insensitive token match; DOB distance 0 day(s)
cm0304_vanilla_original,45717,Eser Öztürk,https://www.wikidata.org/wiki/Q133849185,unique accent/order-insensitive token match; DOB distance 0 day(s)
cm0304_vanilla_original,45721,Murat Erdoğan,https://www.wikidata.org/wiki/Q1953539,unique accent/order-insensitive token match; DOB distance 0 day(s)
cm0304_vanilla_original,45723,Zeki Önatlı,https://www.wikidata.org/wiki/Q8068673,unique accent/order-insensitive token match; DOB distance 0 day(s)
cm0304_vanilla_original,45727,Adem Dursun,https://www.wikidata.org/wiki/Q4682114,unique accent/order-insensitive token match; DOB distance 0 day(s)
cm0304_vanilla_original,45730,Birol Aksancak,https://www.wikidata.org/wiki/Q4916923,unique accent/order-insensitive token match; DOB distance 0 day(s)
cm0304_vanilla_original,45731,Faruk Sarman,https://www.wikidata.org/wiki/Q6092930,unique accent/order-insensitive token match; DOB distance 0 day(s)
cm0304_vanilla_original,45734,Hakan Kutlu,https://www.wikidata.org/wiki/Q1569830,unique accent/order-insensitive token match; DOB distance 0 day(s)
cm0304_vanilla_original,45735,Hakan Keleş,https://www.wikidata.org/wiki/Q6077849,unique accent/order-insensitive token match; DOB distance 0 day(s)
cm0304_vanilla_original,45737,Mehmet Türkmehmet,https://www.wikidata.org/wiki/Q1917362,unique accent/order-insensitive token match; DOB distance 0 day(s)
cm0304_vanilla_original,45744,Özkan Karslı,https://www.wikidata.org/wiki/Q15856105,unique accent/order-insensitive token match; DOB distance 0 day(s)
cm0304_vanilla_original,45747,Umut Hatipoğlu,https://www.wikidata.org/wiki/Q2506954,unique accent/order-insensitive token match; DOB distance 0 day(s)
cm0304_vanilla_original,45748,Yılmaz Özlem,https://www.wikidata.org/wiki/Q1717999,unique accent/order-insensitive token match; DOB distance 0 day(s)
cm0304_vanilla_original,45749,Zafer Uysal,https://www.wikidata.org/wiki/Q6094494,unique accent/order-insensitive token match; DOB distance 0 day(s)
cm0304_vanilla_original,45750,Zafer Özgültekin,https://www.wikidata.org/wiki/Q140168,unique accent/order-insensitive token match; DOB distance 0 day(s)
cm0304_vanilla_original,45754,Abdülkadir Demirci,https://www.wikidata.org/wiki/Q17045440,unique accent/order-insensitive token match; DOB distance 0 day(s)
cm0304_vanilla_original,45757,Erman Özgür,https://www.wikidata.org/wiki/Q2542760,unique accent/order-insensitive token match; DOB distance 0 day(s)
cm0304_vanilla_original,45758,Fatih Tekke,https://www.wikidata.org/wiki/Q559158,unique accent/order-insensitive token match; DOB distance 0 day(s)
cm0304_vanilla_original,45759,Gökdeniz Karadeniz,https://www.wikidata.org/wiki/Q352815,unique accent/order-insensitive token match; DOB distance 0 day(s)
cm0304_vanilla_original,45760,Hasan Üçüncü,https://www.wikidata.org/wiki/Q630587,unique accent/order-insensitive token match; DOB distance 0 day(s)
cm0304_vanilla_original,45766,Okan Özke,https://www.wikidata.org/wiki/Q6098876,unique accent/order-insensitive token match; DOB distance 0 day(s)
cm0304_vanilla_original,45767,Osman Kurtuldu,https://www.wikidata.org/wiki/Q6082013,unique accent/order-insensitive token match; DOB distance 0 day(s)
cm0304_vanilla_original,45768,Selahattin Kınalı,https://www.wikidata.org/wiki/Q7447448,unique accent/order-insensitive token match; DOB distance 0 day(s)
cm0304_vanilla_original,45769,Ufuk Ali,https://www.wikidata.org/wiki/Q134378656,unique accent/order-insensitive token match; DOB distance 0 day(s)
cm0304_vanilla_original,45770,Niyazi Güney,https://www.wikidata.org/wiki/Q6095150,unique accent/order-insensitive token match; DOB distance 0 day(s)
cm0304_vanilla_original,45771,Cihat Arslan,https://www.wikidata.org/wiki/Q2645475,unique accent/order-insensitive token match; DOB distance 0 day(s)
cm0304_vanilla_original,45772,Cengizhan Hınçal,https://www.wikidata.org/wiki/Q2944233,unique accent/order-insensitive token match; DOB distance 0 day(s)
cm0304_vanilla_original,45774,Yasin Çelik,https://www.wikidata.org/wiki/Q2856378,unique accent/order-insensitive token match; DOB distance 0 day(s)
cm0304_vanilla_original,45782,Gökhan Tokgöz,https://www.wikidata.org/wiki/Q5626484,unique accent/order-insensitive token match; DOB distance 0 day(s)
cm0304_vanilla_original,45783,Mustafa Kocabey,https://www.wikidata.org/wiki/Q3328883,unique accent/order-insensitive token match; DOB distance 0 day(s)
cm0304_vanilla_original,45785,Doğan Baykuş,https://www.wikidata.org/wiki/Q125072307,unique accent/order-insensitive token match; DOB distance 0 day(s)
cm0304_vanilla_original,45798,Turan Kuş,https://www.wikidata.org/wiki/Q6101563,unique accent/order-insensitive token match; DOB distance 0 day(s)
cm0304_vanilla_original,45799,Erman Ergin,https://www.wikidata.org/wiki/Q1355829,unique accent/order-insensitive token match; DOB distance 0 day(s)
cm0304_vanilla_original,45800,Ali Cansun Begeçarslan,https://www.wikidata.org/wiki/Q6055982,unique accent/order-insensitive token match; DOB distance 0 day(s)
cm0304_vanilla_original,45823,Ahmet Çağıran,https://www.wikidata.org/wiki/Q6083252,unique accent/order-insensitive token match; DOB distance 0 day(s)
cm0304_vanilla_original,45828,Kadri Sancak,https://www.wikidata.org/wiki/Q99672492,unique accent/order-insensitive token match; DOB distance 0 day(s)
cm0304_vanilla_original,45865,Mustafa Sarp,https://www.wikidata.org/wiki/Q426881,unique accent/order-insensitive token match; DOB distance 0 day(s)
cm0304_vanilla_original,45893,Ali Rıza Yılmaz,https://www.wikidata.org/wiki/Q61198452,unique accent/order-insensitive token match; DOB distance 0 day(s)
cm0304_vanilla_original,45894,Benhur Babaoğlu,https://www.wikidata.org/wiki/Q2895845,unique accent/order-insensitive token match; DOB distance 0 day(s)
cm0304_vanilla_original,45897,Nedim Yiğit,https://www.wikidata.org/wiki/Q17046520,unique accent/order-insensitive token match; DOB distance 0 day(s)
cm0304_vanilla_original,45900,Serhat Güller,https://www.wikidata.org/wiki/Q2273309,unique accent/order-insensitive token match; DOB distance 0 day(s)
cm0304_vanilla_original,45903,Bülent Karaman,https://www.wikidata.org/wiki/Q6102611,unique accent/order-insensitive token match; DOB distance 0 day(s)
cm0304_vanilla_original,45910,İbrahim Yavuz,https://www.wikidata.org/wiki/Q343377,unique accent/order-insensitive token match; DOB distance 0 day(s)
cm0304_vanilla_original,45917,Halit Köprülü,https://www.wikidata.org/wiki/Q6094419,unique accent/order-insensitive token match; DOB distance 0 day(s)
cm0304_vanilla_original,45918,Muharrem Kasa,https://www.wikidata.org/wiki/Q15136493,unique accent/order-insensitive token match; DOB distance 0 day(s)
cm0304_vanilla_original,45924,Murat Salar,https://www.wikidata.org/wiki/Q6937422,unique accent/order-insensitive token match; DOB distance 0 day(s)
cm0304_vanilla_original,45925,Hasan Gültang,https://www.wikidata.org/wiki/Q10433603,unique accent/order-insensitive token match; DOB distance 0 day(s)
cm0304_vanilla_original,45932,Erdal Güneş,https://www.wikidata.org/wiki/Q6103478,unique accent/order-insensitive token match; DOB distance 0 day(s)
cm0304_vanilla_original,45935,Harun Avgın,https://www.wikidata.org/wiki/Q12809885,unique accent/order-insensitive token match; DOB distance 0 day(s)
cm0304_vanilla_original,45941,Kasım Çıkla,https://www.wikidata.org/wiki/Q6093960,unique accent/order-insensitive token match; DOB distance 0 day(s)
cm0304_vanilla_original,45946,Bülent Şimşek,https://www.wikidata.org/wiki/Q6094796,unique accent/order-insensitive token match; DOB distance 0 day(s)
cm0304_vanilla_original,45952,Merthan Açıl,https://www.wikidata.org/wiki/Q1242664,unique accent/order-insensitive token match; DOB distance 0 day(s)
cm0304_vanilla_original,45956,Seyfettin Kurtulmuş,https://www.wikidata.org/wiki/Q6103882,unique accent/order-insensitive token match; DOB distance 0 day(s)
cm0304_vanilla_original,45957,Sertan Vardar,https://www.wikidata.org/wiki/Q2274029,unique accent/order-insensitive token match; DOB distance 0 day(s)
cm0304_vanilla_original,45961,Hasan Kabze,https://www.wikidata.org/wiki/Q719346,unique accent/order-insensitive token match; DOB distance 0 day(s)
cm0304_vanilla_original,45966,Onur Çubukçu,https://www.wikidata.org/wiki/Q6102967,unique accent/order-insensitive token match; DOB distance 0 day(s)
cm0304_vanilla_original,45967,Sedat Yeşilkaya,https://www.wikidata.org/wiki/Q7445146,unique accent/order-insensitive token match; DOB distance 0 day(s)
cm0304_vanilla_original,45971,Serkan Silan,https://www.wikidata.org/wiki/Q7454951,unique accent/order-insensitive token match; DOB distance 0 day(s)
cm0304_vanilla_original,45974,Serkan Yıldık,https://www.wikidata.org/wiki/Q7454954,unique accent/order-insensitive token match; DOB distance 0 day(s)
cm0304_vanilla_original,45975,Atacan Öztürk,https://www.wikidata.org/wiki/Q753135,unique accent/order-insensitive token match; DOB distance 0 day(s)
cm0304_vanilla_original,45983,Muzaffer Akdoğan,https://www.wikidata.org/wiki/Q125147430,unique accent/order-insensitive token match; DOB distance 0 day(s)
cm0304_vanilla_original,45990,Murat Türksoy,https://www.wikidata.org/wiki/Q6020758,unique accent/order-insensitive token match; DOB distance 0 day(s)
cm0304_vanilla_original,45998,Sedat Bayrak,https://www.wikidata.org/wiki/Q278065,unique accent/order-insensitive token match; DOB distance 0 day(s)
cm0304_vanilla_original,46003,Ali İşleyen,https://www.wikidata.org/wiki/Q15856606,unique accent/order-insensitive token match; DOB distance 0 day(s)
cm0304_vanilla_original,46004,Gökhan Ünal,https://www.wikidata.org/wiki/Q767468,unique accent/order-insensitive token match; DOB distance 0 day(s)
cm0304_vanilla_original,46016,Eren Özen,https://www.wikidata.org/wiki/Q1350006,unique accent/order-insensitive token match; DOB distance 0 day(s)
cm0304_vanilla_original,46018,Serkan Balcı,https://www.wikidata.org/wiki/Q547797,unique accent/order-insensitive token match; DOB distance 0 day(s)
cm0304_vanilla_original,46022,Onur İçli,https://www.wikidata.org/wiki/Q7095097,unique accent/order-insensitive token match; DOB distance 0 day(s)
cm0304_vanilla_original,46023,Süleyman Varlık,https://www.wikidata.org/wiki/Q6087930,unique accent/order-insensitive token match; DOB distance 0 day(s)
cm0304_vanilla_original,46033,İlkay Margılıçlı,https://www.wikidata.org/wiki/Q6102054,unique accent/order-insensitive token match; DOB distance 0 day(s)
cm0304_vanilla_original,46035,Adem Kaya,https://www.wikidata.org/wiki/Q6080587,unique accent/order-insensitive token match; DOB distance 0 day(s)
cm0304_vanilla_original,46037,İbrahim Toraman,https://www.wikidata.org/wiki/Q343372,unique accent/order-insensitive token match; DOB distance 0 day(s)
cm0304_vanilla_original,46038,Metin Kurt,https://www.wikidata.org/wiki/Q6083827,unique accent/order-insensitive token match; DOB distance 0 day(s)
cm0304_vanilla_original,46041,Ulaş Meyan,https://www.wikidata.org/wiki/Q6074004,unique accent/order-insensitive token match; DOB distance 0 day(s)
cm0304_vanilla_original,46044,Aydın Tuna,https://www.wikidata.org/wiki/Q6081704,unique accent/order-insensitive token match; DOB distance 0 day(s)
cm0304_vanilla_original,46059,Zafer Şahin,https://www.wikidata.org/wiki/Q8064285,unique accent/order-insensitive token match; DOB distance 0 day(s)
cm0304_vanilla_original,46074,Bora Körk,https://www.wikidata.org/wiki/Q893284,unique accent/order-insensitive token match; DOB distance 0 day(s)
cm0304_vanilla_original,46083,Fatih Egedik,https://www.wikidata.org/wiki/Q5437785,unique accent/order-insensitive token match; DOB distance 0 day(s)
cm0304_vanilla_original,46086,Taylan Uzunoğlu,https://www.wikidata.org/wiki/Q6102924,unique accent/order-insensitive token match; DOB distance 0 day(s)
cm0304_vanilla_original,46095,İlkem Özkaynak,https://www.wikidata.org/wiki/Q343789,unique accent/order-insensitive token match; DOB distance 0 day(s)
cm0304_vanilla_original,46107,Kenan Aşkan,https://www.wikidata.org/wiki/Q15859584,unique accent/order-insensitive token match; DOB distance 0 day(s)
cm0304_vanilla_original,46108,Mücahit Dönmez,https://www.wikidata.org/wiki/Q97667375,unique accent/order-insensitive token match; DOB distance 0 day(s)
cm0304_vanilla_original,46111,Nuri Yılmaz,https://www.wikidata.org/wiki/Q134316870,unique accent/order-insensitive token match; DOB distance 0 day(s)
cm0304_vanilla_original,46112,Fırat Akkoyun,https://www.wikidata.org/wiki/Q5511809,unique accent/order-insensitive token match; DOB distance 0 day(s)
cm0304_vanilla_original,46114,Turan Akkoyun,https://www.wikidata.org/wiki/Q6039629,unique accent/order-insensitive token match; DOB distance 0 day(s)
cm0304_vanilla_original,46141,Mehmet Yıldız,https://www.wikidata.org/wiki/Q371492,unique accent/order-insensitive token match; DOB distance 0 day(s)
cm0304_vanilla_original,46143,Harun Ovalıoğlu,https://www.wikidata.org/wiki/Q6063525,unique accent/order-insensitive token match; DOB distance 0 day(s)
cm0304_vanilla_original,46171,Hakan Akbulut,https://www.wikidata.org/wiki/Q139595197,unique accent/order-insensitive token match; DOB distance 0 day(s)
cm0304_vanilla_original,46172,İbrahim Parlayan,https://www.wikidata.org/wiki/Q134316590,unique accent/order-insensitive token match; DOB distance 0 day(s)
cm0304_vanilla_original,46173,Umut Sağır,https://www.wikidata.org/wiki/Q130484538,unique accent/order-insensitive token match; DOB distance 0 day(s)
cm0304_vanilla_original,46183,Ali Kulaksız,https://www.wikidata.org/wiki/Q132861958,unique accent/order-insensitive token match; DOB distance 0 day(s)
cm0304_vanilla_original,46187,Şehmus Özer,https://www.wikidata.org/wiki/Q388687,unique accent/order-insensitive token match; DOB distance 0 day(s)
cm0304_vanilla_original,46197,Hakan Saral,https://www.wikidata.org/wiki/Q134394829,unique accent/order-insensitive token match; DOB distance 0 day(s)
cm0304_vanilla_original,46198,İlker Avcıbay,https://www.wikidata.org/wiki/Q343801,unique accent/order-insensitive token match; DOB distance 0 day(s)
cm0304_vanilla_original,46251,Murat Baytaroğlu,https://www.wikidata.org/wiki/Q6102533,unique accent/order-insensitive token match; DOB distance 0 day(s)
cm0304_vanilla_original,46318,Musa Kuş,https://www.wikidata.org/wiki/Q6082042,unique accent/order-insensitive token match; DOB distance 0 day(s)
cm0304_vanilla_original,46319,Ramazan Altıntepe,https://www.wikidata.org/wiki/Q1752088,unique accent/order-insensitive token match; DOB distance 0 day(s)
cm0304_vanilla_original,46330,Kâzım Sarı,https://www.wikidata.org/wiki/Q1737597,unique accent/order-insensitive token match; DOB distance 0 day(s)
cm0304_vanilla_original,46352,Ömer Hacısalihoğlu,https://www.wikidata.org/wiki/Q6102699,unique accent/order-insensitive token match; DOB distance 0 day(s)
cm0304_vanilla_original,46385,Güven Varol,https://www.wikidata.org/wiki/Q1562318,unique accent/order-insensitive token match; DOB distance 0 day(s)
cm0304_vanilla_original,46445,Emre Toraman,https://www.wikidata.org/wiki/Q1339601,unique accent/order-insensitive token match; DOB distance 0 day(s)
cm0304_vanilla_original,46451,Volkan Demirel,https://www.wikidata.org/wiki/Q209992,unique accent/order-insensitive token match; DOB distance 0 day(s)
cm0304_vanilla_original,46452,Ferit Cömert,https://www.wikidata.org/wiki/Q1406339,unique accent/order-insensitive token match; DOB distance 0 day(s)
cm0304_vanilla_original,46456,Sinan Kaloğlu,https://www.wikidata.org/wiki/Q1396846,unique accent/order-insensitive token match; DOB distance 0 day(s)
cm0304_vanilla_original,46469,Serkan Albayrak,https://www.wikidata.org/wiki/Q134378647,unique accent/order-insensitive token match; DOB distance 0 day(s)
cm0304_vanilla_original,46491,Sofu Baykal,https://www.wikidata.org/wiki/Q23920588,unique accent/order-insensitive token match; DOB distance 0 day(s)
cm0304_vanilla_original,46492,Muzaffer Taşkın,https://www.wikidata.org/wiki/Q20472946,unique accent/order-insensitive token match; DOB distance 0 day(s)
cm0304_vanilla_original,46516,İlhan Özbay,https://www.wikidata.org/wiki/Q343704,unique accent/order-insensitive token match; DOB distance 0 day(s)
cm0304_vanilla_original,46522,Erman Özcan,https://www.wikidata.org/wiki/Q6082812,unique accent/order-insensitive token match; DOB distance 0 day(s)
cm0304_vanilla_original,46525,Adem Koçak,https://www.wikidata.org/wiki/Q354522,unique accent/order-insensitive token match; DOB distance 0 day(s)
cm0304_vanilla_original,46527,Tayfun Özkan,https://www.wikidata.org/wiki/Q12812095,unique accent/order-insensitive token match; DOB distance 0 day(s)
cm0304_vanilla_original,46531,Rızvan Şahin,https://www.wikidata.org/wiki/Q1661819,unique accent/order-insensitive token match; DOB distance 0 day(s)
cm0304_vanilla_original,46533,Tolga Altun,https://www.wikidata.org/wiki/Q6024047,unique accent/order-insensitive token match; DOB distance 0 day(s)
cm0304_vanilla_original,46536,Çetin Güner,https://www.wikidata.org/wiki/Q6104501,unique accent/order-insensitive token match; DOB distance 0 day(s)
cm0304_vanilla_original,46547,Özgür Öcal,https://www.wikidata.org/wiki/Q307863,unique accent/order-insensitive token match; DOB distance 0 day(s)
cm0304_vanilla_original,46556,Taylan Eliaçık,https://www.wikidata.org/wiki/Q2397812,unique accent/order-insensitive token match; DOB distance 0 day(s)
cm0304_vanilla_original,46586,Barış Durmaz,https://www.wikidata.org/wiki/Q809710,unique accent/order-insensitive token match; DOB distance 0 day(s)
cm0304_vanilla_original,46596,Hakan Özlü,https://www.wikidata.org/wiki/Q134597355,unique accent/order-insensitive token match; DOB distance 0 day(s)
cm0304_vanilla_original,46603,Mustafa Özşahin,https://www.wikidata.org/wiki/Q134416685,unique accent/order-insensitive token match; DOB distance 0 day(s)
cm0304_vanilla_original,46606,Burhan Coşkun,https://www.wikidata.org/wiki/Q6079190,unique accent/order-insensitive token match; DOB distance 0 day(s)
cm0304_vanilla_original,46657,Necat Barut,https://www.wikidata.org/wiki/Q6055041,unique accent/order-insensitive token match; DOB distance 0 day(s)
cm0304_vanilla_original,46685,Galip Acuner,https://www.wikidata.org/wiki/Q134400493,unique accent/order-insensitive token match; DOB distance 0 day(s)
cm0304_vanilla_original,46694,İskender Eroğlu,https://www.wikidata.org/wiki/Q133890104,unique accent/order-insensitive token match; DOB distance 0 day(s)
cm0304_vanilla_original,46718,Eray Er,https://www.wikidata.org/wiki/Q6068447,unique accent/order-insensitive token match; DOB distance 0 day(s)
cm0304_vanilla_original,46724,Kurtuluş Dölek,https://www.wikidata.org/wiki/Q134378671,unique accent/order-insensitive token match; DOB distance 0 day(s)
cm0304_vanilla_original,46736,Erhan Uyaroğlu,https://www.wikidata.org/wiki/Q19279202,unique accent/order-insensitive token match; DOB distance 0 day(s)
cm0304_vanilla_original,46739,Hüsnü Zeybekoğlu,https://www.wikidata.org/wiki/Q5965017,unique accent/order-insensitive token match; DOB distance 0 day(s)
cm0304_vanilla_original,46741,Sabri Sarıoğlu,https://www.wikidata.org/wiki/Q347172,unique accent/order-insensitive token match; DOB distance 0 day(s)
cm0304_vanilla_original,46744,Eyüp Kaymakçı,https://www.wikidata.org/wiki/Q6100971,unique accent/order-insensitive token match; DOB distance 0 day(s)
cm0304_vanilla_original,46745,Ömer Ateş,https://www.wikidata.org/wiki/Q297447,unique accent/order-insensitive token match; DOB distance 0 day(s)
cm0304_vanilla_original,46750,Erhan Yıldırım,https://www.wikidata.org/wiki/Q6037198,unique accent/order-insensitive token match; DOB distance 0 day(s)
cm0304_vanilla_original,46754,Orhan Altay,https://www.wikidata.org/wiki/Q6102297,unique accent/order-insensitive token match; DOB distance 0 day(s)
cm0304_vanilla_original,46788,İlhan Ummak,https://www.wikidata.org/wiki/Q343671,unique accent/order-insensitive token match; DOB distance 0 day(s)
cm0304_vanilla_original,46804,Yakup Can,https://www.wikidata.org/wiki/Q117472483,unique accent/order-insensitive token match; DOB distance 0 day(s)
cm0304_vanilla_original,46808,Burhan Kaba,https://www.wikidata.org/wiki/Q122158848,unique accent/order-insensitive token match; DOB distance 0 day(s)
cm0304_vanilla_original,46839,Kemal Karakaş,https://www.wikidata.org/wiki/Q132967662,unique accent/order-insensitive token match; DOB distance 0 day(s)
cm0304_vanilla_original,46863,Mustafa Kalafatoğlu,https://www.wikidata.org/wiki/Q134378678,unique accent/order-insensitive token match; DOB distance 0 day(s)
cm0304_vanilla_original,46895,Temur Altunhan,https://www.wikidata.org/wiki/Q47499830,unique accent/order-insensitive token match; DOB distance 0 day(s)
cm0304_vanilla_original,46909,Metin Aydemir,https://www.wikidata.org/wiki/Q6092015,unique accent/order-insensitive token match; DOB distance 0 day(s)
cm0304_vanilla_original,46940,Ersan Deniz,https://www.wikidata.org/wiki/Q130484554,unique accent/order-insensitive token match; DOB distance 0 day(s)
cm0304_vanilla_original,46956,Gökhan Kök,https://www.wikidata.org/wiki/Q5626479,unique accent/order-insensitive token match; DOB distance 0 day(s)
cm0304_vanilla_original,46958,Kemal Özyurt,https://www.wikidata.org/wiki/Q6102230,unique accent/order-insensitive token match; DOB distance 0 day(s)
cm0304_vanilla_original,46963,Şener Aşkaroğlu,https://www.wikidata.org/wiki/Q388798,unique accent/order-insensitive token match; DOB distance 0 day(s)
cm0304_vanilla_original,46964,Tolga Özgen,https://www.wikidata.org/wiki/Q2439273,unique accent/order-insensitive token match; DOB distance 0 day(s)
cm0304_vanilla_original,46967,Çağdaş Atan,https://www.wikidata.org/wiki/Q272727,unique accent/order-insensitive token match; DOB distance 0 day(s)
cm0304_vanilla_original,46988,Ahmet Ersoy,https://www.wikidata.org/wiki/Q115961990,unique accent/order-insensitive token match; DOB distance 0 day(s)
cm0304_vanilla_original,47000,Abdi Aktaş,https://www.wikidata.org/wiki/Q308140,unique accent/order-insensitive token match; DOB distance 0 day(s)
cm0304_vanilla_original,47006,Eriş Özkan,https://www.wikidata.org/wiki/Q5389625,unique accent/order-insensitive token match; DOB distance 0 day(s)
cm0304_vanilla_original,47032,Serhan Hacıhüseyinoğlu,https://www.wikidata.org/wiki/Q125050884,unique accent/order-insensitive token match; DOB distance 0 day(s)
cm0304_vanilla_original,47042,Ersin Şahin,https://www.wikidata.org/wiki/Q6101581,unique accent/order-insensitive token match; DOB distance 0 day(s)
cm0304_vanilla_original,47043,Ahmet Mercan,https://www.wikidata.org/wiki/Q42842556,unique accent/order-insensitive token match; DOB distance 0 day(s)
cm0304_vanilla_original,47050,Güray Gündoğdu,https://www.wikidata.org/wiki/Q6100510,unique accent/order-insensitive token match; DOB distance 0 day(s)
cm0304_vanilla_original,47053,Emrah Bozkurt,https://www.wikidata.org/wiki/Q1339514,unique accent/order-insensitive token match; DOB distance 0 day(s)
cm0304_vanilla_original,47065,Sedat İrfan,https://www.wikidata.org/wiki/Q1767745,unique accent/order-insensitive token match; DOB distance 0 day(s)
cm0304_vanilla_original,47066,Umut Bulut,https://www.wikidata.org/wiki/Q946473,unique accent/order-insensitive token match; DOB distance 0 day(s)
cm0304_vanilla_original,47074,Onur Acar,https://www.wikidata.org/wiki/Q7095093,unique accent/order-insensitive token match; DOB distance 0 day(s)
cm0304_vanilla_original,47075,Behram Zülaloğlu,https://www.wikidata.org/wiki/Q814550,unique accent/order-insensitive token match; DOB distance 0 day(s)
cm0304_vanilla_original,47076,Emre Güngör,https://www.wikidata.org/wiki/Q441580,unique accent/order-insensitive token match; DOB distance 0 day(s)
cm0304_vanilla_original,47081,Mehmet Öncan,https://www.wikidata.org/wiki/Q6053804,unique accent/order-insensitive token match; DOB distance 0 day(s)
cm0304_vanilla_original,47082,Saffet Kaya,https://www.wikidata.org/wiki/Q18057189,unique accent/order-insensitive token match; DOB distance 0 day(s)
cm0304_vanilla_original,47090,Evren Kürkçü,https://www.wikidata.org/wiki/Q6102138,unique accent/order-insensitive token match; DOB distance 0 day(s)
cm0304_vanilla_original,47094,Tayfun Taner,https://www.wikidata.org/wiki/Q6097211,unique accent/order-insensitive token match; DOB distance 0 day(s)
cm0304_vanilla_original,47097,Adem Gezici,https://www.wikidata.org/wiki/Q6033883,unique accent/order-insensitive token match; DOB distance 0 day(s)
cm0304_vanilla_original,47102,Serdar Özbayraktar,https://www.wikidata.org/wiki/Q775542,unique accent/order-insensitive token match; DOB distance 0 day(s)
cm0304_vanilla_original,47105,Kenan Başkan,https://www.wikidata.org/wiki/Q130484532,unique accent/order-insensitive token match; DOB distance 0 day(s)
cm0304_vanilla_original,47120,Hakan Tüfekçi,https://www.wikidata.org/wiki/Q134469042,unique accent/order-insensitive token match; DOB distance 0 day(s)
cm0304_vanilla_original,47121,Osman Durmuş,https://www.wikidata.org/wiki/Q134396370,unique accent/order-insensitive token match; DOB distance 0 day(s)
cm0304_vanilla_original,47127,Kamber Arslan,https://www.wikidata.org/wiki/Q1722875,unique accent/order-insensitive token match; DOB distance 0 day(s)
cm0304_vanilla_original,47137,Gökhan Kaba,https://www.wikidata.org/wiki/Q1559266,unique accent/order-insensitive token match; DOB distance 0 day(s)
cm0304_vanilla_original,47162,Yunus İçuz,https://www.wikidata.org/wiki/Q8061400,unique accent/order-insensitive token match; DOB distance 0 day(s)
cm0304_vanilla_original,47184,Soner Şahin,https://www.wikidata.org/wiki/Q1669403,unique accent/order-insensitive token match; DOB distance 0 day(s)
cm0304_vanilla_original,47191,Yaşar Kabakçı,https://www.wikidata.org/wiki/Q15728702,unique accent/order-insensitive token match; DOB distance 0 day(s)
cm0304_vanilla_original,47255,Özgür Ergün,https://www.wikidata.org/wiki/Q6100449,unique accent/order-insensitive token match; DOB distance 0 day(s)
cm0304_vanilla_original,47258,Türker Demirhan,https://www.wikidata.org/wiki/Q6102147,unique accent/order-insensitive token match; DOB distance 0 day(s)
cm0304_vanilla_original,47260,Emrah Umut,https://www.wikidata.org/wiki/Q28836107,unique accent/order-insensitive token match; DOB distance 0 day(s)
cm0304_vanilla_original,47268,Orhan Kalafat,https://www.wikidata.org/wiki/Q6094069,unique accent/order-insensitive token match; DOB distance 0 day(s)
cm0304_vanilla_original,47278,Kenan Aslanoğlu,https://www.wikidata.org/wiki/Q656673,unique accent/order-insensitive token match; DOB distance 0 day(s)
cm0304_vanilla_original,47330,Fikret Bademci,https://www.wikidata.org/wiki/Q6081845,unique accent/order-insensitive token match; DOB distance 0 day(s)
cm0304_vanilla_original,47339,Hüseyin Ulusal,https://www.wikidata.org/wiki/Q17045801,unique accent/order-insensitive token match; DOB distance 0 day(s)
cm0304_vanilla_original,47486,Uğur Boral,https://www.wikidata.org/wiki/Q2505360,unique accent/order-insensitive token match; DOB distance 0 day(s)
cm0304_vanilla_original,47501,Sercan Özçelik,https://www.wikidata.org/wiki/Q2272226,unique accent/order-insensitive token match; DOB distance 0 day(s)
cm0304_vanilla_original,47556,İskender Köksal,https://www.wikidata.org/wiki/Q8080193,unique accent/order-insensitive token match; DOB distance 0 day(s)
cm0304_vanilla_original,47565,Korhan Öztürk,https://www.wikidata.org/wiki/Q6432248,unique accent/order-insensitive token match; DOB distance 0 day(s)
cm0304_vanilla_original,47568,Mehmet Al,https://www.wikidata.org/wiki/Q1917306,unique accent/order-insensitive token match; DOB distance 0 day(s)
cm0304_vanilla_original,47570,Mustafa Öztürk,https://www.wikidata.org/wiki/Q107452838,unique accent/order-insensitive token match; DOB distance 0 day(s)
cm0304_vanilla_original,47576,Can Arat,https://www.wikidata.org/wiki/Q1031843,unique accent/order-insensitive token match; DOB distance 0 day(s)
cm0304_vanilla_original,47578,Ulaç Çağlayan,https://www.wikidata.org/wiki/Q6081753,unique accent/order-insensitive token match; DOB distance 0 day(s)
cm0304_vanilla_original,47579,Zafer Çevik,https://www.wikidata.org/wiki/Q140160,unique accent/order-insensitive token match; DOB distance 0 day(s)
cm0304_vanilla_original,47583,Sinan Turan,https://www.wikidata.org/wiki/Q6101636,unique accent/order-insensitive token match; DOB distance 0 day(s)
cm0304_vanilla_original,47595,Yalçın Ayhan,https://www.wikidata.org/wiki/Q727569,unique accent/order-insensitive token match; DOB distance 0 day(s)
cm0304_vanilla_original,47599,Serhat Sağat,https://www.wikidata.org/wiki/Q7454538,unique accent/order-insensitive token match; DOB distance 0 day(s)
cm0304_vanilla_original,47602,Hüseyin Kartal,https://www.wikidata.org/wiki/Q1530663,unique accent/order-insensitive token match; DOB distance 0 day(s)
cm0304_vanilla_original,47609,Ercan Ünal,https://www.wikidata.org/wiki/Q6101892,unique accent/order-insensitive token match; DOB distance 0 day(s)
cm0304_vanilla_original,47616,Eren Aydın,https://www.wikidata.org/wiki/Q1349995,unique accent/order-insensitive token match; DOB distance 0 day(s)
cm0304_vanilla_original,47622,Selçuk İnan,https://www.wikidata.org/wiki/Q936379,unique accent/order-insensitive token match; DOB distance 0 day(s)
cm0304_vanilla_original,47626,Doğa Kaya,https://www.wikidata.org/wiki/Q1253603,unique accent/order-insensitive token match; DOB distance 0 day(s)
cm0304_vanilla_original,47628,Ramazan Durdu,https://www.wikidata.org/wiki/Q2130003,unique accent/order-insensitive token match; DOB distance 0 day(s)
cm0304_vanilla_original,47642,Mustafa Sevgi,https://www.wikidata.org/wiki/Q1426601,unique accent/order-insensitive token match; DOB distance 0 day(s)
cm0304_vanilla_original,47664,Musa Büyük,https://www.wikidata.org/wiki/Q10382469,unique accent/order-insensitive token match; DOB distance 0 day(s)
cm0304_vanilla_original,47669,Mesut Toros,https://www.wikidata.org/wiki/Q120761926,unique accent/order-insensitive token match; DOB distance 0 day(s)
cm0304_vanilla_original,47670,Mert Kaytankaş,https://www.wikidata.org/wiki/Q1587571,unique accent/order-insensitive token match; DOB distance 0 day(s)
cm0304_vanilla_original,47683,Kani Çevik,https://www.wikidata.org/wiki/Q6081690,unique accent/order-insensitive token match; DOB distance 0 day(s)
cm0304_vanilla_original,47698,Murat Uluç,https://www.wikidata.org/wiki/Q63182849,unique accent/order-insensitive token match; DOB distance 0 day(s)
cm0304_vanilla_original,47707,Olgay Coşkun,https://www.wikidata.org/wiki/Q2019770,unique accent/order-insensitive token match; DOB distance 0 day(s)
cm0304_vanilla_original,47726,Sabri Gümüşsoy,https://www.wikidata.org/wiki/Q15709913,unique accent/order-insensitive token match; DOB distance 0 day(s)
cm0304_vanilla_original,47727,Taner Taşçı,https://www.wikidata.org/wiki/Q6080087,unique accent/order-insensitive token match; DOB distance 0 day(s)
cm0304_vanilla_original,47730,İsa Dündar,https://www.wikidata.org/wiki/Q134597361,unique accent/order-insensitive token match; DOB distance 0 day(s)
cm0304_vanilla_original,47731,Onur Demirtaş,https://www.wikidata.org/wiki/Q7095098,unique accent/order-insensitive token match; DOB distance 0 day(s)
cm0304_vanilla_original,47739,Eser Kardeşler,https://www.wikidata.org/wiki/Q76384057,unique accent/order-insensitive token match; DOB distance 0 day(s)
cm0304_vanilla_original,47754,Murat Akyüz,https://www.wikidata.org/wiki/Q1290838,unique accent/order-insensitive token match; DOB distance 0 day(s)
cm0304_vanilla_original,47784,Yaşar Erdoğan,https://www.wikidata.org/wiki/Q134449681,unique accent/order-insensitive token match; DOB distance 0 day(s)
cm0304_vanilla_original,47786,Tanıl Özer,https://www.wikidata.org/wiki/Q6079299,unique accent/order-insensitive token match; DOB distance 0 day(s)
cm0304_vanilla_original,47791,Serkan Kırıntılı,https://www.wikidata.org/wiki/Q358765,unique accent/order-insensitive token match; DOB distance 0 day(s)
cm0304_vanilla_original,47792,Tolgahan Acar,https://www.wikidata.org/wiki/Q1369009,unique accent/order-insensitive token match; DOB distance 0 day(s)
cm0304_vanilla_original,47793,Umut Salgınoğlu,https://www.wikidata.org/wiki/Q6102975,unique accent/order-insensitive token match; DOB distance 0 day(s)
cm0304_vanilla_original,47794,Bulut Basmaz,https://www.wikidata.org/wiki/Q1004726,unique accent/order-insensitive token match; DOB distance 0 day(s)
cm0304_vanilla_original,47796,İbrahim Akın,https://www.wikidata.org/wiki/Q343234,unique accent/order-insensitive token match; DOB distance 0 day(s)
cm0304_vanilla_original,47800,İdris Hacıfazlıoğlu,https://www.wikidata.org/wiki/Q130484556,unique accent/order-insensitive token match; DOB distance 0 day(s)
cm0304_vanilla_original,47801,Ceyhun Yelkenci,https://www.wikidata.org/wiki/Q130484533,unique accent/order-insensitive token match; DOB distance 0 day(s)
cm0304_vanilla_original,47812,Ali Öztürk,https://www.wikidata.org/wiki/Q4725334,unique accent/order-insensitive token match; DOB distance 0 day(s)
cm0304_vanilla_original,47813,Eser Yağmur,https://www.wikidata.org/wiki/Q820148,unique accent/order-insensitive token match; DOB distance 0 day(s)
cm0304_vanilla_original,47816,Serdar Özkan,https://www.wikidata.org/wiki/Q577265,unique accent/order-insensitive token match; DOB distance 0 day(s)
cm0304_vanilla_original,47818,Emin Aladağ,https://www.wikidata.org/wiki/Q967755,unique accent/order-insensitive token match; DOB distance 0 day(s)
cm0304_vanilla_original,47819,Metin Akan,https://www.wikidata.org/wiki/Q587385,unique accent/order-insensitive token match; DOB distance 0 day(s)
cm0304_vanilla_original,47820,Şenol Can,https://www.wikidata.org/wiki/Q388863,unique accent/order-insensitive token match; DOB distance 0 day(s)
cm0304_vanilla_original,47821,Fatih Yiğen,https://www.wikidata.org/wiki/Q1398118,unique accent/order-insensitive token match; DOB distance 0 day(s)
cm0304_vanilla_original,47823,Bilal Kısa,https://www.wikidata.org/wiki/Q860285,unique accent/order-insensitive token match; DOB distance 0 day(s)
cm0304_vanilla_original,47824,Mithat Yaşar,https://www.wikidata.org/wiki/Q1225004,unique accent/order-insensitive token match; DOB distance 0 day(s)
cm0304_vanilla_original,47826,Cafercan Aksu,https://www.wikidata.org/wiki/Q556101,unique accent/order-insensitive token match; DOB distance 0 day(s)
cm0304_vanilla_original,47829,İlhan Çelikay,https://www.wikidata.org/wiki/Q12812922,unique accent/order-insensitive token match; DOB distance 0 day(s)
cm0304_vanilla_original,47830,İrfan Başaran,https://www.wikidata.org/wiki/Q344007,unique accent/order-insensitive token match; DOB distance 0 day(s)
cm0304_vanilla_original,47833,Sedat Debreli,https://www.wikidata.org/wiki/Q28874614,unique accent/order-insensitive token match; DOB distance 0 day(s)
cm0304_vanilla_original,47835,Bilal Türkgüler,https://www.wikidata.org/wiki/Q6101338,unique accent/order-insensitive token match; DOB distance 0 day(s)
cm0304_vanilla_original,47838,Onur Okan,https://www.wikidata.org/wiki/Q15837612,unique accent/order-insensitive token match; DOB distance 0 day(s)
cm0304_vanilla_original,47839,Ömer Közen,https://www.wikidata.org/wiki/Q10442838,unique accent/order-insensitive token match; DOB distance 0 day(s)
cm0304_vanilla_original,47841,Gökhan Gönül,https://www.wikidata.org/wiki/Q730284,unique accent/order-insensitive token match; DOB distance 0 day(s)
cm0304_vanilla_original,47842,Orhan Şam,https://www.wikidata.org/wiki/Q442755,unique accent/order-insensitive token match; DOB distance 0 day(s)
cm0304_vanilla_original,47844,Koray Çölgeçen,https://www.wikidata.org/wiki/Q1338407,unique accent/order-insensitive token match; DOB distance 0 day(s)
cm0304_vanilla_original,47846,Özgür Atılgan,https://www.wikidata.org/wiki/Q6101437,unique accent/order-insensitive token match; DOB distance 0 day(s)
cm0304_vanilla_original,47849,Caner Celep,https://www.wikidata.org/wiki/Q5032272,unique accent/order-insensitive token match; DOB distance 0 day(s)
cm0304_vanilla_original,47851,Onur Tuncer,https://www.wikidata.org/wiki/Q1440540,unique accent/order-insensitive token match; DOB distance 0 day(s)
cm0304_vanilla_original,47853,Osman Fırat,https://www.wikidata.org/wiki/Q2034262,unique accent/order-insensitive token match; DOB distance 0 day(s)
cm0304_vanilla_original,47854,Sancak Kaplan,https://www.wikidata.org/wiki/Q1610479,unique accent/order-insensitive token match; DOB distance 0 day(s)
cm0304_vanilla_original,47859,Caner Altın,https://www.wikidata.org/wiki/Q20473915,unique accent/order-insensitive token match; DOB distance 0 day(s)
cm0304_vanilla_original,47863,Ali Şen Kandil,https://www.wikidata.org/wiki/Q15786493,unique accent/order-insensitive token match; DOB distance 0 day(s)
cm0304_vanilla_original,47864,Cemre Atmaca,https://www.wikidata.org/wiki/Q6088688,unique accent/order-insensitive token match; DOB distance 0 day(s)
cm0304_vanilla_original,47865,Ergin Keleş,https://www.wikidata.org/wiki/Q1350603,unique accent/order-insensitive token match; DOB distance 0 day(s)
cm0304_vanilla_original,47866,Feridun Sungur,https://www.wikidata.org/wiki/Q5444316,unique accent/order-insensitive token match; DOB distance 0 day(s)
cm0304_vanilla_original,47868,Tayfun Cora,https://www.wikidata.org/wiki/Q352891,unique accent/order-insensitive token match; DOB distance 0 day(s)
cm0304_vanilla_original,47869,Tolga Zengin,https://www.wikidata.org/wiki/Q277568,unique accent/order-insensitive token match; DOB distance 0 day(s)
cm0304_vanilla_original,47870,Hakan Arıkan,https://www.wikidata.org/wiki/Q632382,unique accent/order-insensitive token match; DOB distance 0 day(s)
cm0304_vanilla_original,47873,Uğurtan Çepni,https://www.wikidata.org/wiki/Q6087688,unique accent/order-insensitive token match; DOB distance 0 day(s)
cm0304_vanilla_original,47878,Burak Yılmaz,https://www.wikidata.org/wiki/Q18765,unique accent/order-insensitive token match; DOB distance 0 day(s)
cm0304_vanilla_original,47889,Mehmet Topal,https://www.wikidata.org/wiki/Q348199,unique accent/order-insensitive token match; DOB distance 0 day(s)
cm0304_vanilla_original,47891,Fırat Çakmak,https://www.wikidata.org/wiki/Q6102243,unique accent/order-insensitive token match; DOB distance 0 day(s)
cm0304_vanilla_original,47893,İbrahim Ege,https://www.wikidata.org/wiki/Q8080021,unique accent/order-insensitive token match; DOB distance 0 day(s)
cm0304_vanilla_original,47894,İbrahim Şahin,https://www.wikidata.org/wiki/Q343406,unique accent/order-insensitive token match; DOB distance 0 day(s)
cm0304_vanilla_original,47907,Yiğit İncedemir,https://www.wikidata.org/wiki/Q522718,unique accent/order-insensitive token match; DOB distance 0 day(s)
cm0304_vanilla_original,47914,Doğan Şahin,https://www.wikidata.org/wiki/Q6101738,unique accent/order-insensitive token match; DOB distance 0 day(s)
cm0304_vanilla_original,47922,Koray Karagözoğlu,https://www.wikidata.org/wiki/Q6431452,unique accent/order-insensitive token match; DOB distance 0 day(s)
cm0304_vanilla_original,47929,Hüseyin Eroğlu,https://www.wikidata.org/wiki/Q18371982,unique accent/order-insensitive token match; DOB distance 0 day(s)
cm0304_vanilla_original,47933,Aytek Aşıkoğlu,https://www.wikidata.org/wiki/Q793322,unique accent/order-insensitive token match; DOB distance 0 day(s)
cm0304_vanilla_original,47941,Birol Hikmet,https://www.wikidata.org/wiki/Q865827,unique accent/order-insensitive token match; DOB distance 0 day(s)
cm0304_vanilla_original,47957,Savaş Esen,https://www.wikidata.org/wiki/Q6080880,unique accent/order-insensitive token match; DOB distance 0 day(s)
cm0304_vanilla_original,47965,Uğur Kavuk,https://www.wikidata.org/wiki/Q1723232,unique accent/order-insensitive token match; DOB distance 0 day(s)
cm0304_vanilla_original,47967,Oğuzhan Bahadır,https://www.wikidata.org/wiki/Q2043180,unique accent/order-insensitive token match; DOB distance 0 day(s)
cm0304_vanilla_original,47982,Mehmet Çakır,https://www.wikidata.org/wiki/Q725766,unique accent/order-insensitive token match; DOB distance 0 day(s)
cm0304_vanilla_original,48003,Ozan Öztürk,https://www.wikidata.org/wiki/Q15837998,unique accent/order-insensitive token match; DOB distance 0 day(s)
cm0304_vanilla_original,55092,Murat Yakın,https://www.wikidata.org/wiki/Q113245,unique accent/order-insensitive token match; DOB distance 0 day(s)
cm0304_vanilla_original,55095,Yıldıray Baştürk,https://www.wikidata.org/wiki/Q76322,unique accent/order-insensitive token match; DOB distance 0 day(s)
cm0304_vanilla_original,56724,Şenol Kök,https://www.wikidata.org/wiki/Q17351386,unique accent/order-insensitive token match; DOB distance 0 day(s)
cm0304_vanilla_original,58914,Ümit Bilican,https://www.wikidata.org/wiki/Q8079465,unique accent/order-insensitive token match; DOB distance 0 day(s)
cm0304_vanilla_original,58939,Ahmet Öcal,https://www.wikidata.org/wiki/Q4696210,unique accent/order-insensitive token match; DOB distance 0 day(s)
cm0304_vanilla_original,59087,Yasin Karaca,https://www.wikidata.org/wiki/Q2003441,unique accent/order-insensitive token match; DOB distance 0 day(s)
cm0304_vanilla_original,61043,Onur Kaya,https://www.wikidata.org/wiki/Q2546115,unique accent/order-insensitive token match; DOB distance 0 day(s)
cm0304_vanilla_original,63925,Volkan Kahraman,https://www.wikidata.org/wiki/Q871938,unique accent/order-insensitive token match; DOB distance 0 day(s)
cm0304_vanilla_original,63991,Ekrem Kahya,https://www.wikidata.org/wiki/Q2779307,unique accent/order-insensitive token match; DOB distance 0 day(s)
cm0304_vanilla_original,65875,Erkan Sağlık,https://www.wikidata.org/wiki/Q82902,unique accent/order-insensitive token match; DOB distance 0 day(s)
cm0304_vanilla_original,69993,Deniz Baykara,https://www.wikidata.org/wiki/Q4832645,unique accent/order-insensitive token match; DOB distance 0 day(s)
cm0304_vanilla_original,73967,Gökmen Kore,https://www.wikidata.org/wiki/Q64514487,unique accent/order-insensitive token match; DOB distance 0 day(s)
cm0304_vanilla_original,96345,Suat Usta,https://www.wikidata.org/wiki/Q1812901,unique accent/order-insensitive token match; DOB distance 0 day(s)
cm0304_vanilla_original,96432,Mustafa Aydın,https://www.wikidata.org/wiki/Q2456748,unique accent/order-insensitive token match; DOB distance 0 day(s)
cm0304_vanilla_original,96495,Uğur Yıldırım,https://www.wikidata.org/wiki/Q523871,unique accent/order-insensitive token match; DOB distance 0 day(s)
cm0304_vanilla_original,97114,Muslu Nalbantoğlu,https://www.wikidata.org/wiki/Q1383598,unique accent/order-insensitive token match; DOB distance 0 day(s)
cm0304_vanilla_original,97183,Cihan Yalçın,https://www.wikidata.org/wiki/Q2771277,unique accent/order-insensitive token match; DOB distance 0 day(s)
cm0304_vanilla_original,97218,Taylan Aydoğan,https://www.wikidata.org/wiki/Q13420226,unique accent/order-insensitive token match; DOB distance 0 day(s)
cm0304_vanilla_original,97376,Seydihan Başlantı,https://www.wikidata.org/wiki/Q2958094,unique accent/order-insensitive token match; DOB distance 0 day(s)
cm0304_vanilla_original,97676,Ergün Çakır,https://www.wikidata.org/wiki/Q6096656,unique accent/order-insensitive token match; DOB distance 0 day(s)
cm0304_vanilla_original,97707,Ahmet Altın,https://www.wikidata.org/wiki/Q6079240,unique accent/order-insensitive token match; DOB distance 0 day(s)
cm0304_vanilla_original,97740,Ahmet Kılıç,https://www.wikidata.org/wiki/Q2691005,unique accent/order-insensitive token match; DOB distance 0 day(s)
cm0304_vanilla_original,97768,Ayhan Evren,https://www.wikidata.org/wiki/Q6102631,unique accent/order-insensitive token match; DOB distance 0 day(s)
cm0304_vanilla_original,97831,Uğur İnceman,https://www.wikidata.org/wiki/Q71403,unique accent/order-insensitive token match; DOB distance 0 day(s)
cm0304_vanilla_original,97913,Aydın Çetin,https://www.wikidata.org/wiki/Q792893,unique accent/order-insensitive token match; DOB distance 0 day(s)
cm0304_vanilla_original,97977,Cem Efe,https://www.wikidata.org/wiki/Q5058612,unique accent/order-insensitive token match; DOB distance 0 day(s)
cm0304_vanilla_original,98015,Metin Telle,https://www.wikidata.org/wiki/Q126727383,unique accent/order-insensitive token match; DOB distance 0 day(s)
cm0304_vanilla_original,98237,Muharrem Uz,https://www.wikidata.org/wiki/Q6933005,unique accent/order-insensitive token match; DOB distance 0 day(s)
cm0304_vanilla_original,98335,Deniz Doğan,https://www.wikidata.org/wiki/Q832159,unique accent/order-insensitive token match; DOB distance 0 day(s)
cm0304_vanilla_original,98644,Tekin Sazlog,https://www.wikidata.org/wiki/Q7695354,unique accent/order-insensitive token match; DOB distance 0 day(s)
cm0304_vanilla_original,98745,Cem İslamoğlu,https://www.wikidata.org/wiki/Q1053271,unique accent/order-insensitive token match; DOB distance 0 day(s)
cm0304_vanilla_original,98766,Hamit Altıntop,https://www.wikidata.org/wiki/Q44118,unique accent/order-insensitive token match; DOB distance 0 day(s)
cm0304_vanilla_original,98767,Halil Altıntop,https://www.wikidata.org/wiki/Q156638,unique accent/order-insensitive token match; DOB distance 0 day(s)
cm0304_vanilla_original,98781,Hüzeyfe Doğan,https://www.wikidata.org/wiki/Q877105,unique accent/order-insensitive token match; DOB distance 0 day(s)
cm0304_vanilla_original,98796,Umut Erdoğan,https://www.wikidata.org/wiki/Q2478776,unique accent/order-insensitive token match; DOB distance 0 day(s)
cm0304_vanilla_original,98820,Erhan Aydın,https://www.wikidata.org/wiki/Q5385854,unique accent/order-insensitive token match; DOB distance 0 day(s)
cm0304_vanilla_original,98866,Mahir Sağlık,https://www.wikidata.org/wiki/Q327433,unique accent/order-insensitive token match; DOB distance 0 day(s)
cm0304_vanilla_original,98943,Aykut Erçetin,https://www.wikidata.org/wiki/Q729830,unique accent/order-insensitive token match; DOB distance 0 day(s)
cm0304_vanilla_original,98964,Suat Türker,https://www.wikidata.org/wiki/Q1258369,unique accent/order-insensitive token match; DOB distance 0 day(s)
cm0304_vanilla_original,99381,Mehmet Ali Şirin,https://www.wikidata.org/wiki/Q6102671,unique accent/order-insensitive token match; DOB distance 0 day(s)
cm0304_vanilla_original,99404,Alâattin Tosun,https://www.wikidata.org/wiki/Q1724239,unique accent/order-insensitive token match; DOB distance 0 day(s)
cm0304_vanilla_original,99406,Ferhat Kıskanç,https://www.wikidata.org/wiki/Q1406253,unique accent/order-insensitive token match; DOB distance 0 day(s)
cm0304_vanilla_original,100045,Deniz Aydoğdu,https://www.wikidata.org/wiki/Q5257860,unique accent/order-insensitive token match; DOB distance 0 day(s)
cm0304_vanilla_original,100145,Malik Fathi,https://www.wikidata.org/wiki/Q551564,unique accent/order-insensitive token match; DOB distance 0 day(s)
cm0304_vanilla_original,100146,Hakan Balta,https://www.wikidata.org/wiki/Q31564,unique accent/order-insensitive token match; DOB distance 0 day(s)
cm0304_vanilla_original,100242,Selçuk Şahin,https://www.wikidata.org/wiki/Q823959,unique accent/order-insensitive token match; DOB distance 0 day(s)
cm0304_vanilla_original,100528,Eren Şen,https://www.wikidata.org/wiki/Q832125,unique accent/order-insensitive token match; DOB distance 0 day(s)
cm0304_vanilla_original,100636,Erdal Kılıçaslan,https://www.wikidata.org/wiki/Q322865,unique accent/order-insensitive token match; DOB distance 0 day(s)
cm0304_vanilla_original,101418,Aydın Ay,https://www.wikidata.org/wiki/Q121624380,unique accent/order-insensitive token match; DOB distance 0 day(s)
cm0304_vanilla_original,101630,Mustafa Akçay,https://www.wikidata.org/wiki/Q15234187,unique accent/order-insensitive token match; DOB distance 0 day(s)
cm0304_vanilla_original,101775,İbrahim Aydemir,https://www.wikidata.org/wiki/Q343220,unique accent/order-insensitive token match; DOB distance 0 day(s)
cm0304_vanilla_original,101893,Şenol Demirci,https://www.wikidata.org/wiki/Q202356,unique accent/order-insensitive token match; DOB distance 0 day(s)
cm0304_vanilla_original,103348,Kasım Yıldız,https://www.wikidata.org/wiki/Q6374940,unique accent/order-insensitive token match; DOB distance 0 day(s)
cm0304_vanilla_original,105113,Barış Özcan,https://www.wikidata.org/wiki/Q12302890,unique accent/order-insensitive token match; DOB distance 0 day(s)
cm0304_vanilla_original,105815,Suat Sarı,https://www.wikidata.org/wiki/Q32859747,unique accent/order-insensitive token match; DOB distance 0 day(s)
cm0304_vanilla_original,114260,Muzzy İzzet,https://www.wikidata.org/wiki/Q740385,unique accent/order-insensitive token match; DOB distance 0 day(s)
cm0304_vanilla_original,117735,Hakan Yakın,https://www.wikidata.org/wiki/Q122346,unique accent/order-insensitive token match; DOB distance 0 day(s)
cm0304_vanilla_original,117766,Kubilay Türkyılmaz,https://www.wikidata.org/wiki/Q366571,unique accent/order-insensitive token match; DOB distance 0 day(s)
cm0304_vanilla_original,117819,Abdullah Ercan,https://www.wikidata.org/wiki/Q317612,unique accent/order-insensitive token match; DOB distance 0 day(s)
cm0304_vanilla_original,117820,Alpay Özalan,https://www.wikidata.org/wiki/Q435749,unique accent/order-insensitive token match; DOB distance 0 day(s)
cm0304_vanilla_original,117821,Arif Erdem,https://www.wikidata.org/wiki/Q660534,unique accent/order-insensitive token match; DOB distance 0 day(s)
cm0304_vanilla_original,117822,Bülent Korkmaz,https://www.wikidata.org/wiki/Q507832,unique accent/order-insensitive token match; DOB distance 0 day(s)
cm0304_vanilla_original,117823,Celil Sağır,https://www.wikidata.org/wiki/Q6079661,unique accent/order-insensitive token match; DOB distance 0 day(s)
cm0304_vanilla_original,117824,Emre Belözoğlu,https://www.wikidata.org/wiki/Q202569,unique accent/order-insensitive token match; DOB distance 0 day(s)
cm0304_vanilla_original,117825,Emre Aşık,https://www.wikidata.org/wiki/Q463358,unique accent/order-insensitive token match; DOB distance 0 day(s)
cm0304_vanilla_original,117826,Ergün Penbe,https://www.wikidata.org/wiki/Q729999,unique accent/order-insensitive token match; DOB distance 0 day(s)
cm0304_vanilla_original,117829,Fatih Akyel,https://www.wikidata.org/wiki/Q614470,unique accent/order-insensitive token match; DOB distance 0 day(s)
cm0304_vanilla_original,117832,Hasan Çelik,https://www.wikidata.org/wiki/Q2815469,unique accent/order-insensitive token match; DOB distance 0 day(s)
cm0304_vanilla_original,117833,Kemalettin Şentürk,https://www.wikidata.org/wiki/Q581247,unique accent/order-insensitive token match; DOB distance 0 day(s)
cm0304_vanilla_original,117835,Ogün Temizkanoğlu,https://www.wikidata.org/wiki/Q1366156,unique accent/order-insensitive token match; DOB distance 0 day(s)
cm0304_vanilla_original,117837,Oktay Derelioğlu,https://www.wikidata.org/wiki/Q782070,unique accent/order-insensitive token match; DOB distance 0 day(s)
cm0304_vanilla_original,117839,Osman Coşkun,https://www.wikidata.org/wiki/Q6089294,unique accent/order-insensitive token match; DOB distance 0 day(s)
cm0304_vanilla_original,117842,Selahattin Özbir,https://www.wikidata.org/wiki/Q6102525,unique accent/order-insensitive token match; DOB distance 0 day(s)
cm0304_vanilla_original,117843,Suat Kaya,https://www.wikidata.org/wiki/Q1372805,unique accent/order-insensitive token match; DOB distance 0 day(s)
cm0304_vanilla_original,117844,Hakan Şükür,https://www.wikidata.org/wiki/Q192974,unique accent/order-insensitive token match; DOB distance 0 day(s)
cm0304_vanilla_original,117845,Tarık Daşgün,https://www.wikidata.org/wiki/Q7687059,unique accent/order-insensitive token match; DOB distance 0 day(s)
cm0304_vanilla_original,117846,Tayfun Korkut,https://www.wikidata.org/wiki/Q708808,unique accent/order-insensitive token match; DOB distance 0 day(s)
cm0304_vanilla_original,117847,Tolunay Kafkas,https://www.wikidata.org/wiki/Q1378780,unique accent/order-insensitive token match; DOB distance 0 day(s)
cm0304_vanilla_original,117848,Tugay Kerimoğlu,https://www.wikidata.org/wiki/Q347045,unique accent/order-insensitive token match; DOB distance 0 day(s)
cm0304_vanilla_original,117849,Volkan Kilimci,https://www.wikidata.org/wiki/Q1674177,unique accent/order-insensitive token match; DOB distance 0 day(s)
cm0304_vanilla_original,123765,Burhanettin Kaymak,https://www.wikidata.org/wiki/Q823922,unique accent/order-insensitive token match; DOB distance 0 day(s)
cm0304_vanilla_original,123776,Ali Güneş,https://www.wikidata.org/wiki/Q322892,unique accent/order-insensitive token match; DOB distance 0 day(s)
cm0304_vanilla_original,123794,Oktay Kuday,https://www.wikidata.org/wiki/Q7082662,unique accent/order-insensitive token match; DOB distance 0 day(s)
cm0304_vanilla_original,124203,Ramazan Yıldırım,https://www.wikidata.org/wiki/Q406184,unique accent/order-insensitive token match; DOB distance 0 day(s)
cm0304_vanilla_original,124223,Ersan Doğu,https://www.wikidata.org/wiki/Q5395762,unique accent/order-insensitive token match; DOB distance 0 day(s)
cm0304_vanilla_original,128340,Ömer Rıza,https://www.wikidata.org/wiki/Q297499,unique accent/order-insensitive token match; DOB distance 0 day(s)
cm0304_vanilla_original,133191,Azar Karadaş,https://www.wikidata.org/wiki/Q725150,unique accent/order-insensitive token match; DOB distance 0 day(s)
cm0304_vanilla_original,136536,Levent Yalçın,https://www.wikidata.org/wiki/Q6534795,unique accent/order-insensitive token match; DOB distance 0 day(s)
cm0304_vanilla_original,138098,Arif Karaoğlan,https://www.wikidata.org/wiki/Q4790540,unique accent/order-insensitive token match; DOB distance 0 day(s)
cm0304_vanilla_original,153656,Ekrem Dağ,https://www.wikidata.org/wiki/Q697338,unique accent/order-insensitive token match; DOB distance 0 day(s)
cm0304_vanilla_original,154168,Mesut Doğan,https://www.wikidata.org/wiki/Q16207423,unique accent/order-insensitive token match; DOB distance 0 day(s)
cm0304_vanilla_original,168678,Gürkan Sermeter,https://www.wikidata.org/wiki/Q692061,unique accent/order-insensitive token match; DOB distance 0 day(s)
cm0304_vanilla_original,168871,Dilaver Satılmış,https://www.wikidata.org/wiki/Q122159,unique accent/order-insensitive token match; DOB distance 0 day(s)
cm0304_vanilla_original,168932,Attila Şahin,https://www.wikidata.org/wiki/Q65653595,unique accent/order-insensitive token match; DOB distance 0 day(s)
cm0304_vanilla_original,169120,Önder Çengel,https://www.wikidata.org/wiki/Q297605,unique accent/order-insensitive token match; DOB distance 0 day(s)
cm0304_vanilla_original,169269,Baykal Kulaksızoğlu,https://www.wikidata.org/wiki/Q629032,unique accent/order-insensitive token match; DOB distance 0 day(s)
cm0304_vanilla_original,177268,Özkan Gümüş,https://www.wikidata.org/wiki/Q17417972,unique accent/order-insensitive token match; DOB distance 0 day(s)
cm0304_vanilla_original,177269,Mahmut Yılmaz,https://www.wikidata.org/wiki/Q1573871,unique accent/order-insensitive token match; DOB distance 0 day(s)
cm0304_vanilla_original,177293,Ünal Demirkıran,https://www.wikidata.org/wiki/Q334912,unique accent/order-insensitive token match; DOB distance 0 day(s)
cm0304_vanilla_original,177308,Ayhan Tumani,https://www.wikidata.org/wiki/Q792951,unique accent/order-insensitive token match; DOB distance 0 day(s)
cm0304_vanilla_original,177317,Mahir Şahin,https://www.wikidata.org/wiki/Q78145890,unique accent/order-insensitive token match; DOB distance 0 day(s)
cm0304_vanilla_original,177343,Cüneyt Kocabıçak,https://www.wikidata.org/wiki/Q1151074,unique accent/order-insensitive token match; DOB distance 0 day(s)
cm0304_vanilla_original,177345,Selim Teber,https://www.wikidata.org/wiki/Q690129,unique accent/order-insensitive token match; DOB distance 0 day(s)
cm0304_vanilla_original,177374,Kurtuluş Öztürk,https://www.wikidata.org/wiki/Q98278011,unique accent/order-insensitive token match; DOB distance 0 day(s)
cm0304_vanilla_original,177432,İbrahim Türkmen,https://www.wikidata.org/wiki/Q1656010,unique accent/order-insensitive token match; DOB distance 0 day(s)
cm0304_vanilla_original,177555,Levent Demiray,https://www.wikidata.org/wiki/Q12810611,unique accent/order-insensitive token match; DOB distance 0 day(s)
cm0304_vanilla_original,177709,Erol Sabanov,https://www.wikidata.org/wiki/Q883701,unique accent/order-insensitive token match; DOB distance 0 day(s)
cm0304_vanilla_original,177812,Necat Aygün,https://www.wikidata.org/wiki/Q322906,unique accent/order-insensitive token match; DOB distance 0 day(s)
cm0304_vanilla_original,180224,Önder Turacı,https://www.wikidata.org/wiki/Q297604,unique accent/order-insensitive token match; DOB distance 0 day(s)
cm0304_vanilla_original,184124,Yusuf Öztürk,https://www.wikidata.org/wiki/Q8062001,unique accent/order-insensitive token match; DOB distance 0 day(s)
cm0304_vanilla_original,218322,Serdal Güvenç,https://www.wikidata.org/wiki/Q2468102,unique accent/order-insensitive token match; DOB distance 0 day(s)
cm0304_vanilla_original,219474,İzzet Akgül,https://www.wikidata.org/wiki/Q2680796,unique accent/order-insensitive token match; DOB distance 0 day(s)
cm0304_vanilla_original,225314,Tolgay Özbey,https://www.wikidata.org/wiki/Q7814249,unique accent/order-insensitive token match; DOB distance 0 day(s)
cm0304_vanilla_original,227248,Ulaş Güler,https://www.wikidata.org/wiki/Q7878781,unique accent/order-insensitive token match; DOB distance 0 day(s)
cm0304_vanilla_original,227254,Halil Karataş,https://www.wikidata.org/wiki/Q15858060,unique accent/order-insensitive token match; DOB distance 0 day(s)
cm0304_vanilla_original,227255,Aydın Toscalı,https://www.wikidata.org/wiki/Q550758,unique accent/order-insensitive token match; DOB distance 0 day(s)
cm0304_vanilla_original,227261,Cem Kavçak,https://www.wikidata.org/wiki/Q6101032,unique accent/order-insensitive token match; DOB distance 0 day(s)
cm0304_vanilla_original,227267,Volkan Koçaloğlu,https://www.wikidata.org/wiki/Q2530814,unique accent/order-insensitive token match; DOB distance 0 day(s)
cm0304_vanilla_original,227273,Berk Deniz,https://www.wikidata.org/wiki/Q6046169,unique accent/order-insensitive token match; DOB distance 0 day(s)
cm0304_vanilla_original,227277,Emir Aykurt,https://www.wikidata.org/wiki/Q15808029,unique accent/order-insensitive token match; DOB distance 0 day(s)
cm0304_vanilla_original,227314,İbrahim Dağaşan,https://www.wikidata.org/wiki/Q936102,unique accent/order-insensitive token match; DOB distance 0 day(s)
cm0304_vanilla_original,227342,Metin Depe,https://www.wikidata.org/wiki/Q1925639,unique accent/order-insensitive token match; DOB distance 0 day(s)
cm0304_vanilla_original,227351,Özgür Çetiner,https://www.wikidata.org/wiki/Q6098275,unique accent/order-insensitive token match; DOB distance 0 day(s)
cm0304_vanilla_original,227364,Muhammet Terzi,https://www.wikidata.org/wiki/Q134378659,unique accent/order-insensitive token match; DOB distance 0 day(s)
cm0304_vanilla_original,227377,Cem Can,https://www.wikidata.org/wiki/Q1053252,unique accent/order-insensitive token match; DOB distance 0 day(s)
cm0304_vanilla_original,227386,Volkan Kabadayı,https://www.wikidata.org/wiki/Q12812475,unique accent/order-insensitive token match; DOB distance 0 day(s)
cm0304_vanilla_original,227392,Murat Türkkan,https://www.wikidata.org/wiki/Q6077446,unique accent/order-insensitive token match; DOB distance 0 day(s)
cm0304_vanilla_original,227402,Cihan Gümüş,https://www.wikidata.org/wiki/Q42930039,unique accent/order-insensitive token match; DOB distance 0 day(s)
cm0304_vanilla_original,227431,Ali Turan,https://www.wikidata.org/wiki/Q941983,unique accent/order-insensitive token match; DOB distance 0 day(s)
cm0304_vanilla_original,227434,İbrahim Öztürk,https://www.wikidata.org/wiki/Q343404,unique accent/order-insensitive token match; DOB distance 0 day(s)
cm0304_vanilla_original,227467,Ersen Çilingir,https://www.wikidata.org/wiki/Q1366382,unique accent/order-insensitive token match; DOB distance 0 day(s)
cm0304_vanilla_original,227470,Olcan Adın,https://www.wikidata.org/wiki/Q651954,unique accent/order-insensitive token match; DOB distance 0 day(s)
cm0304_vanilla_original,227572,Tanju Yavuz,https://www.wikidata.org/wiki/Q6103122,unique accent/order-insensitive token match; DOB distance 0 day(s)
cm0304_vanilla_original,227603,Sezgin Coşkun,https://www.wikidata.org/wiki/Q2276014,unique accent/order-insensitive token match; DOB distance 0 day(s)
cm0304_vanilla_original,227624,Ali Güzeldal,https://www.wikidata.org/wiki/Q2542849,unique accent/order-insensitive token match; DOB distance 0 day(s)
cm0304_vanilla_original,227625,Cemal Taşlı,https://www.wikidata.org/wiki/Q6081186,unique accent/order-insensitive token match; DOB distance 0 day(s)
cm0304_vanilla_original,227629,Mustafa Ün,https://www.wikidata.org/wiki/Q6098887,unique accent/order-insensitive token match; DOB distance 0 day(s)
cm0304_vanilla_original,227632,Bayram Ünlü,https://www.wikidata.org/wiki/Q125823110,unique accent/order-insensitive token match; DOB distance 0 day(s)
cm0304_vanilla_original,227654,Caner Ağca,https://www.wikidata.org/wiki/Q1033114,unique accent/order-insensitive token match; DOB distance 0 day(s)
cm0304_vanilla_original,227657,Koray Arslan,https://www.wikidata.org/wiki/Q506906,unique accent/order-insensitive token match; DOB distance 0 day(s)
cm0304_vanilla_original,227679,Evren Avşar,https://www.wikidata.org/wiki/Q1382643,unique accent/order-insensitive token match; DOB distance 0 day(s)
cm0304_vanilla_original,227686,Hakan Fırıloğlu,https://www.wikidata.org/wiki/Q6066128,unique accent/order-insensitive token match; DOB distance 0 day(s)
cm0304_vanilla_original,227733,Eray Açıkgöz,https://www.wikidata.org/wiki/Q6101027,unique accent/order-insensitive token match; DOB distance 0 day(s)
cm0304_vanilla_original,227735,Onur Koçak,https://www.wikidata.org/wiki/Q6067356,unique accent/order-insensitive token match; DOB distance 0 day(s)
cm0304_vanilla_original,227824,Sadettin Özer,https://www.wikidata.org/wiki/Q31189725,unique accent/order-insensitive token match; DOB distance 0 day(s)
cm0304_vanilla_original,227825,Ömer Yalçın,https://www.wikidata.org/wiki/Q297513,unique accent/order-insensitive token match; DOB distance 0 day(s)
cm0304_vanilla_original,227830,Hakan Tice,https://www.wikidata.org/wiki/Q116938275,unique accent/order-insensitive token match; DOB distance 0 day(s)
cm0304_vanilla_original,227837,Orçun Arslan,https://www.wikidata.org/wiki/Q6030748,unique accent/order-insensitive token match; DOB distance 0 day(s)
cm0304_vanilla_original,228049,Görkem Görk,https://www.wikidata.org/wiki/Q401848,unique accent/order-insensitive token match; DOB distance 0 day(s)
cm0304_vanilla_original,228050,Arda Turan,https://www.wikidata.org/wiki/Q487459,unique accent/order-insensitive token match; DOB distance 0 day(s)
cm0304_vanilla_original,228051,Aydın Yılmaz,https://www.wikidata.org/wiki/Q792898,unique accent/order-insensitive token match; DOB distance 0 day(s)
cm0304_vanilla_original,228053,Ferhat Öztorun,https://www.wikidata.org/wiki/Q950336,unique accent/order-insensitive token match; DOB distance 0 day(s)
cm0304_vanilla_original,228054,İlker Erbay,https://www.wikidata.org/wiki/Q10434601,unique accent/order-insensitive token match; DOB distance 0 day(s)
cm0304_vanilla_original,228055,Mehmet Düz,https://www.wikidata.org/wiki/Q6082138,unique accent/order-insensitive token match; DOB distance 0 day(s)
cm0304_vanilla_original,228056,Mülâyim Erdem,https://www.wikidata.org/wiki/Q351298,unique accent/order-insensitive token match; DOB distance 0 day(s)
cm0304_vanilla_original,228059,Uğur Uçar,https://www.wikidata.org/wiki/Q971740,unique accent/order-insensitive token match; DOB distance 0 day(s)
cm0304_vanilla_original,228061,Zafer Şakar,https://www.wikidata.org/wiki/Q8064289,unique accent/order-insensitive token match; DOB distance 0 day(s)
cm0304_vanilla_original,228068,Onur Nasuhoğulları,https://www.wikidata.org/wiki/Q685791,unique accent/order-insensitive token match; DOB distance 0 day(s)
cm0304_vanilla_original,228069,Ramazan Kahya,https://www.wikidata.org/wiki/Q7289146,unique accent/order-insensitive token match; DOB distance 0 day(s)
cm0304_vanilla_original,228070,Gürhan Gürsoy,https://www.wikidata.org/wiki/Q1383232,unique accent/order-insensitive token match; DOB distance 0 day(s)
cm0304_vanilla_original,228071,Erkan Sekman,https://www.wikidata.org/wiki/Q1354977,unique accent/order-insensitive token match; DOB distance 0 day(s)
cm0304_vanilla_original,228072,Cihan Can,https://www.wikidata.org/wiki/Q584483,unique accent/order-insensitive token match; DOB distance 0 day(s)
cm0304_vanilla_original,228074,Servet Gökçen,https://www.wikidata.org/wiki/Q61746423,unique accent/order-insensitive token match; DOB distance 0 day(s)
cm0304_vanilla_original,228084,Emre Aygün,https://www.wikidata.org/wiki/Q1339548,unique accent/order-insensitive token match; DOB distance 0 day(s)
cm0304_vanilla_original,228087,Abdullah Çetin,https://www.wikidata.org/wiki/Q6101824,unique accent/order-insensitive token match; DOB distance 0 day(s)
cm0304_vanilla_original,228094,Emre Hamzaoğlu,https://www.wikidata.org/wiki/Q133257753,unique accent/order-insensitive token match; DOB distance 0 day(s)
cm0304_vanilla_original,228099,Hakan Özmert,https://www.wikidata.org/wiki/Q550735,unique accent/order-insensitive token match; DOB distance 0 day(s)
cm0304_vanilla_original,228108,Kurthan Yılmaz,https://www.wikidata.org/wiki/Q56173928,unique accent/order-insensitive token match; DOB distance 0 day(s)
cm0304_vanilla_original,228129,Ali Sakal,https://www.wikidata.org/wiki/Q2646743,unique accent/order-insensitive token match; DOB distance 0 day(s)
cm0304_vanilla_original,228135,Erol Yükseker,https://www.wikidata.org/wiki/Q27074298,unique accent/order-insensitive token match; DOB distance 0 day(s)
cm0304_vanilla_original,228151,Onur Bulut,https://www.wikidata.org/wiki/Q477475,unique accent/order-insensitive token match; DOB distance 0 day(s)
cm0304_vanilla_original,228183,Hakan Albayrak,https://www.wikidata.org/wiki/Q6090913,unique accent/order-insensitive token match; DOB distance 0 day(s)
cm0304_vanilla_original,228184,Hakan Hacıbektaşoğlu,https://www.wikidata.org/wiki/Q1569824,unique accent/order-insensitive token match; DOB distance 0 day(s)
cm0304_vanilla_original,228186,Ümit Atalay,https://www.wikidata.org/wiki/Q17046827,unique accent/order-insensitive token match; DOB distance 0 day(s)
cm0304_vanilla_original,228187,Yaser Yıldız,https://www.wikidata.org/wiki/Q1383556,unique accent/order-insensitive token match; DOB distance 0 day(s)
cm0304_vanilla_original,228195,Mesut Morgül,https://www.wikidata.org/wiki/Q6085276,unique accent/order-insensitive token match; DOB distance 0 day(s)
cm0304_vanilla_original,228196,Yasin Çakmak,https://www.wikidata.org/wiki/Q1378299,unique accent/order-insensitive token match; DOB distance 0 day(s)
cm0304_vanilla_original,228208,Kerim Zengin,https://www.wikidata.org/wiki/Q713581,unique accent/order-insensitive token match; DOB distance 0 day(s)
cm0304_vanilla_original,228216,Bora Sevim,https://www.wikidata.org/wiki/Q893289,unique accent/order-insensitive token match; DOB distance 0 day(s)
cm0304_vanilla_original,228218,Bülent Kocabey,https://www.wikidata.org/wiki/Q1020683,unique accent/order-insensitive token match; DOB distance 0 day(s)
cm0304_vanilla_original,228219,Erkan Taşkıran,https://www.wikidata.org/wiki/Q1354983,unique accent/order-insensitive token match; DOB distance 0 day(s)
cm0304_vanilla_original,228222,Şener Özcan,https://www.wikidata.org/wiki/Q388800,unique accent/order-insensitive token match; DOB distance 0 day(s)
cm0304_vanilla_original,228226,Arif Çoban,https://www.wikidata.org/wiki/Q6101116,unique accent/order-insensitive token match; DOB distance 0 day(s)
cm0304_vanilla_original,228245,İlhan Aydoğdu,https://www.wikidata.org/wiki/Q6097506,unique accent/order-insensitive token match; DOB distance 0 day(s)
cm0304_vanilla_original,228249,Ali Ölmez,https://www.wikidata.org/wiki/Q4725333,unique accent/order-insensitive token match; DOB distance 0 day(s)
cm0304_vanilla_original,228256,Barış Çetin,https://www.wikidata.org/wiki/Q6066625,unique accent/order-insensitive token match; DOB distance 0 day(s)
cm0304_vanilla_original,228259,Murat Özavcı,https://www.wikidata.org/wiki/Q1953572,unique accent/order-insensitive token match; DOB distance 0 day(s)
cm0304_vanilla_original,228261,Kemal Okyay,https://www.wikidata.org/wiki/Q1738452,unique accent/order-insensitive token match; DOB distance 0 day(s)
cm0304_vanilla_original,228263,Evren Erdeniz,https://www.wikidata.org/wiki/Q5418784,unique accent/order-insensitive token match; DOB distance 0 day(s)
cm0304_vanilla_original,228265,Kerem Gülbahar,https://www.wikidata.org/wiki/Q15823378,unique accent/order-insensitive token match; DOB distance 0 day(s)
cm0304_vanilla_original,228267,Aykin Aydemir,https://www.wikidata.org/wiki/Q117485875,unique accent/order-insensitive token match; DOB distance 0 day(s)
cm0304_vanilla_original,228272,Uğur Işıkal,https://www.wikidata.org/wiki/Q7905380,unique accent/order-insensitive token match; DOB distance 0 day(s)
cm0304_vanilla_original,228274,Fatih Kılıçkaya,https://www.wikidata.org/wiki/Q1398106,unique accent/order-insensitive token match; DOB distance 0 day(s)
cm0304_vanilla_original,228275,Erhan Güven,https://www.wikidata.org/wiki/Q442764,unique accent/order-insensitive token match; DOB distance 0 day(s)
cm0304_vanilla_original,228289,Aytaç Ak,https://www.wikidata.org/wiki/Q793314,unique accent/order-insensitive token match; DOB distance 0 day(s)
cm0304_vanilla_original,228290,Fatih Ceylan,https://www.wikidata.org/wiki/Q823947,unique accent/order-insensitive token match; DOB distance 0 day(s)
cm0304_vanilla_original,228302,Sezer Badur,https://www.wikidata.org/wiki/Q479643,unique accent/order-insensitive token match; DOB distance 0 day(s)
cm0304_vanilla_original,228310,Hakan Söyler,https://www.wikidata.org/wiki/Q1569840,unique accent/order-insensitive token match; DOB distance 0 day(s)
cm0304_vanilla_original,228313,Okan Karabulut,https://www.wikidata.org/wiki/Q6084606,unique accent/order-insensitive token match; DOB distance 0 day(s)
cm0304_vanilla_original,228328,Mesut Çaytemel,https://www.wikidata.org/wiki/Q517834,unique accent/order-insensitive token match; DOB distance 0 day(s)
cm0304_vanilla_original,228330,Rıza Efendioğlu,https://www.wikidata.org/wiki/Q15867706,unique accent/order-insensitive token match; DOB distance 0 day(s)
cm0304_vanilla_original,228331,Serkan İrdem,https://www.wikidata.org/wiki/Q6008047,unique accent/order-insensitive token match; DOB distance 0 day(s)
cm0304_vanilla_original,228354,Gökhan Güleç,https://www.wikidata.org/wiki/Q1499558,unique accent/order-insensitive token match; DOB distance 0 day(s)
cm0304_vanilla_original,228384,Ozan Özkan,https://www.wikidata.org/wiki/Q1617758,unique accent/order-insensitive token match; DOB distance 0 day(s)
cm0304_vanilla_original,228399,Hasan Demir,https://www.wikidata.org/wiki/Q15814427,unique accent/order-insensitive token match; DOB distance 0 day(s)
cm0304_vanilla_original,228423,Barış Bakır,https://www.wikidata.org/wiki/Q18410569,unique accent/order-insensitive token match; DOB distance 0 day(s)
cm0304_vanilla_original,228424,Eray Birniçan,https://www.wikidata.org/wiki/Q1348179,unique accent/order-insensitive token match; DOB distance 0 day(s)
cm0304_vanilla_original,228437,Kâmil Şener,https://www.wikidata.org/wiki/Q6065446,unique accent/order-insensitive token match; DOB distance 0 day(s)
cm0304_vanilla_original,228447,İsmail Özeren,https://www.wikidata.org/wiki/Q344205,unique accent/order-insensitive token match; DOB distance 0 day(s)
cm0304_vanilla_original,228472,Ersin Veli,https://www.wikidata.org/wiki/Q663906,unique accent/order-insensitive token match; DOB distance 0 day(s)
cm0304_vanilla_original,228491,Zafer Aydoğdu,https://www.wikidata.org/wiki/Q6084443,unique accent/order-insensitive token match; DOB distance 0 day(s)
cm0304_vanilla_original,228494,Yaşar Çetin,https://www.wikidata.org/wiki/Q12812577,unique accent/order-insensitive token match; DOB distance 0 day(s)
cm0304_vanilla_original,228516,Lokman Atakol,https://www.wikidata.org/wiki/Q22342335,unique accent/order-insensitive token match; DOB distance 0 day(s)
cm0304_vanilla_original,228536,Metin Tuğlu,https://www.wikidata.org/wiki/Q6824101,unique accent/order-insensitive token match; DOB distance 0 day(s)
cm0304_vanilla_original,228552,Hakan Macit,https://www.wikidata.org/wiki/Q1267325,unique accent/order-insensitive token match; DOB distance 0 day(s)
cm0304_vanilla_original,228576,Ferdi Başoda,https://www.wikidata.org/wiki/Q1405020,unique accent/order-insensitive token match; DOB distance 0 day(s)
cm0304_vanilla_original,228614,Vahap Işık,https://www.wikidata.org/wiki/Q7908589,unique accent/order-insensitive token match; DOB distance 0 day(s)
cm0304_vanilla_original,228653,Erhan Küçük,https://www.wikidata.org/wiki/Q6079629,unique accent/order-insensitive token match; DOB distance 0 day(s)
cm0304_vanilla_original,228697,İbrahim Ülüm,https://www.wikidata.org/wiki/Q15856203,unique accent/order-insensitive token match; DOB distance 0 day(s)
cm0304_vanilla_original,228711,Kerem Şeras,https://www.wikidata.org/wiki/Q1727116,unique accent/order-insensitive token match; DOB distance 0 day(s)
cm0304_vanilla_original,231978,Deniz Kaçan,https://www.wikidata.org/wiki/Q114565555,unique accent/order-insensitive token match; DOB distance 0 day(s)
cm0304_vanilla_original,231979,Ferhat Çerçi,https://www.wikidata.org/wiki/Q5444279,unique accent/order-insensitive token match; DOB distance 0 day(s)
cm0304_vanilla_original,232332,Şamil Çinaz,https://www.wikidata.org/wiki/Q2217136,unique accent/order-insensitive token match; DOB distance 0 day(s)
cm0304_vanilla_original,232515,Volkan Altın,https://www.wikidata.org/wiki/Q831872,unique accent/order-insensitive token match; DOB distance 0 day(s)
cm0304_vanilla_original,232601,Ali Çamdalı,https://www.wikidata.org/wiki/Q2646759,unique accent/order-insensitive token match; DOB distance 0 day(s)
cm0304_vanilla_original,232607,Kenan Şahin,https://www.wikidata.org/wiki/Q836130,unique accent/order-insensitive token match; DOB distance 0 day(s)
cm9697_vanilla_original,2947,Attila Şekerlioğlu,https://www.wikidata.org/wiki/Q10380495,unique accent/order-insensitive token match; DOB distance 0 day(s)
cm9697_vanilla_original,4009,Kubilay Türkyılmaz,https://www.wikidata.org/wiki/Q366571,unique accent/order-insensitive token match; DOB distance 0 day(s)
cm9697_vanilla_original,4185,Hakan Şükür,https://www.wikidata.org/wiki/Q192974,unique accent/order-insensitive token match; DOB distance 0 day(s)
cm9697_vanilla_original,4186,Tugay Kerimoğlu,https://www.wikidata.org/wiki/Q347045,unique accent/order-insensitive token match; DOB distance 0 day(s)
cm9697_vanilla_original,4491,Ali Günçar,https://www.wikidata.org/wiki/Q6095226,unique accent/order-insensitive token match; DOB distance 0 day(s)
cm9697_vanilla_original,4695,Abdullah Ercan,https://www.wikidata.org/wiki/Q317612,unique accent/order-insensitive token match; DOB distance 0 day(s)
cm9697_vanilla_original,4696,Ogün Temizkanoğlu,https://www.wikidata.org/wiki/Q1366156,unique accent/order-insensitive token match; DOB distance 0 day(s)
cm9697_vanilla_original,4716,Yusuf Tepekule,https://www.wikidata.org/wiki/Q2602033,unique accent/order-insensitive token match; DOB distance 0 day(s)
cm9697_vanilla_original,4717,Suat Kaya,https://www.wikidata.org/wiki/Q1372805,unique accent/order-insensitive token match; DOB distance 0 day(s)
cm9697_vanilla_original,4849,Bülent Korkmaz,https://www.wikidata.org/wiki/Q507832,unique accent/order-insensitive token match; DOB distance 0 day(s)
cm9697_vanilla_original,4987,Engin İpekoğlu,https://www.wikidata.org/wiki/Q371779,unique accent/order-insensitive token match; DOB distance 0 day(s)
cm9697_vanilla_original,5019,Recep Çetin,https://www.wikidata.org/wiki/Q919232,unique accent/order-insensitive token match; DOB distance 0 day(s)
cm9697_vanilla_original,5115,Hayrettin Demirbaş,https://www.wikidata.org/wiki/Q6665963,unique accent/order-insensitive token match; DOB distance 0 day(s)
cm9697_vanilla_original,5136,Bülent Uygun,https://www.wikidata.org/wiki/Q1020698,unique accent/order-insensitive token match; DOB distance 0 day(s)
cm9697_vanilla_original,5180,Orhan Çıkırıkçı,https://www.wikidata.org/wiki/Q944236,unique accent/order-insensitive token match; DOB distance 0 day(s)
cm9697_vanilla_original,5295,Arif Erdem,https://www.wikidata.org/wiki/Q660534,unique accent/order-insensitive token match; DOB distance 0 day(s)
cm9798_vanilla_original,2670,Recep Çetin,https://www.wikidata.org/wiki/Q919232,unique accent/order-insensitive token match; DOB distance 0 day(s)
cm9798_vanilla_original,2672,Ali Günçar,https://www.wikidata.org/wiki/Q6095226,unique accent/order-insensitive token match; DOB distance 0 day(s)
cm9798_vanilla_original,4638,Engin İpekoğlu,https://www.wikidata.org/wiki/Q371779,unique accent/order-insensitive token match; DOB distance 0 day(s)
cm9798_vanilla_original,9540,Burhanettin Kaymak,https://www.wikidata.org/wiki/Q823922,unique accent/order-insensitive token match; DOB distance 0 day(s)
cm9798_vanilla_original,13115,Hakan Şükür,https://www.wikidata.org/wiki/Q192974,unique accent/order-insensitive token match; DOB distance 0 day(s)
cm9798_vanilla_original,13116,Tugay Kerimoğlu,https://www.wikidata.org/wiki/Q347045,unique accent/order-insensitive token match; DOB distance 0 day(s)
cm9798_vanilla_original,13120,Suat Kaya,https://www.wikidata.org/wiki/Q1372805,unique accent/order-insensitive token match; DOB distance 0 day(s)
cm9798_vanilla_original,13123,Bülent Korkmaz,https://www.wikidata.org/wiki/Q507832,unique accent/order-insensitive token match; DOB distance 0 day(s)
cm9798_vanilla_original,13124,Hayrettin Demirbaş,https://www.wikidata.org/wiki/Q6665963,unique accent/order-insensitive token match; DOB distance 0 day(s)
cm9798_vanilla_original,13608,Kubilay Türkyılmaz,https://www.wikidata.org/wiki/Q366571,unique accent/order-insensitive token match; DOB distance 0 day(s)
cm9798_vanilla_original,13614,Murat Yakın,https://www.wikidata.org/wiki/Q113245,unique accent/order-insensitive token match; DOB distance 0 day(s)
cm9798_vanilla_original,15956,Emre Aşık,https://www.wikidata.org/wiki/Q463358,unique accent/order-insensitive token match; DOB distance 0 day(s)
cm9798_vanilla_original,26749,Attila Şekerlioğlu,https://www.wikidata.org/wiki/Q10380495,unique accent/order-insensitive token match; DOB distance 0 day(s)
cm9798_vanilla_original,28467,Ogün Temizkanoğlu,https://www.wikidata.org/wiki/Q1366156,unique accent/order-insensitive token match; DOB distance 0 day(s)
cm9798_vanilla_original,28468,Orhan Çıkırıkçı,https://www.wikidata.org/wiki/Q944236,unique accent/order-insensitive token match; DOB distance 0 day(s)
cm9798_vanilla_original,28471,Abdullah Ercan,https://www.wikidata.org/wiki/Q317612,unique accent/order-insensitive token match; DOB distance 0 day(s)
cm9798_vanilla_original,28933,Mustafa Doğan,https://www.wikidata.org/wiki/Q567406,unique accent/order-insensitive token match; DOB distance 0 day(s)
cm9798_vanilla_original,67107,Vedat İnceefe,https://www.wikidata.org/wiki/Q178545,unique accent/order-insensitive token match; DOB distance 0 day(s)
cm9798_vanilla_original,67108,Arif Erdem,https://www.wikidata.org/wiki/Q660534,unique accent/order-insensitive token match; DOB distance 0 day(s)
cm9798_vanilla_original,67113,Saffet Akyüz,https://www.wikidata.org/wiki/Q6580418,unique accent/order-insensitive token match; DOB distance 0 day(s)
cm9798_vanilla_original,67116,Kemalettin Şentürk,https://www.wikidata.org/wiki/Q581247,unique accent/order-insensitive token match; DOB distance 0 day(s)
cm9798_vanilla_original,67117,Saffet Sancaklı,https://www.wikidata.org/wiki/Q1383571,unique accent/order-insensitive token match; DOB distance 0 day(s)
cm9798_vanilla_original,67121,Alpay Özalan,https://www.wikidata.org/wiki/Q435749,unique accent/order-insensitive token match; DOB distance 0 day(s)
cm9798_vanilla_original,67122,Oktay Derelioğlu,https://www.wikidata.org/wiki/Q782070,unique accent/order-insensitive token match; DOB distance 0 day(s)
cm9798_vanilla_original,67124,Celil Sağır,https://www.wikidata.org/wiki/Q6079661,unique accent/order-insensitive token match; DOB distance 0 day(s)
cm9798_vanilla_original,67176,Volkan Kahraman,https://www.wikidata.org/wiki/Q871938,unique accent/order-insensitive token match; DOB distance 0 day(s)
cm9798_vanilla_original,67358,Yıldıray Baştürk,https://www.wikidata.org/wiki/Q76322,unique accent/order-insensitive token match; DOB distance 0 day(s)
cm9798_vanilla_original,67405,Kenan Durmuşoğlu,https://www.wikidata.org/wiki/Q2183146,unique accent/order-insensitive token match; DOB distance 0 day(s)
cm9798_vanilla_original,67430,Ömer Erdoğan,https://www.wikidata.org/wiki/Q297471,unique accent/order-insensitive token match; DOB distance 0 day(s)
cm9798_vanilla_original,67676,Okan Buruk,https://www.wikidata.org/wiki/Q444318,unique accent/order-insensitive token match; DOB distance 0 day(s)
cm9899_vanilla_original,3856,Abdullah Ercan,https://www.wikidata.org/wiki/Q317612,unique accent/order-insensitive token match; DOB distance 0 day(s)
cm9899_vanilla_original,3912,Adnan İlgin,https://www.wikidata.org/wiki/Q23920695,unique accent/order-insensitive token match; DOB distance 0 day(s)
cm9899_vanilla_original,3941,Ali Günçar,https://www.wikidata.org/wiki/Q6095226,unique accent/order-insensitive token match; DOB distance 0 day(s)
cm9899_vanilla_original,7101,Volkan Kahraman,https://www.wikidata.org/wiki/Q871938,unique accent/order-insensitive token match; DOB distance 0 day(s)
cm9899_vanilla_original,7138,Attila Şekerlioğlu,https://www.wikidata.org/wiki/Q10380495,unique accent/order-insensitive token match; DOB distance 0 day(s)
cm9899_vanilla_original,7217,Arif Erdem,https://www.wikidata.org/wiki/Q660534,unique accent/order-insensitive token match; DOB distance 0 day(s)
cm9899_vanilla_original,9997,Mustafa Doğan,https://www.wikidata.org/wiki/Q567406,unique accent/order-insensitive token match; DOB distance 0 day(s)
cm9899_vanilla_original,13880,Muzzy İzzet,https://www.wikidata.org/wiki/Q740385,unique accent/order-insensitive token match; DOB distance 0 day(s)
cm9899_vanilla_original,14983,Osman Coşkun,https://www.wikidata.org/wiki/Q6089294,unique accent/order-insensitive token match; DOB distance 0 day(s)
cm9899_vanilla_original,15445,Ömer Rıza,https://www.wikidata.org/wiki/Q297499,unique accent/order-insensitive token match; DOB distance 0 day(s)
cm9899_vanilla_original,20711,Savaş Kaya,https://www.wikidata.org/wiki/Q21606721,unique accent/order-insensitive token match; DOB distance 0 day(s)
cm9899_vanilla_original,30367,Azar Karadaş,https://www.wikidata.org/wiki/Q725150,unique accent/order-insensitive token match; DOB distance 0 day(s)
cm9899_vanilla_original,37083,Bülent Korkmaz,https://www.wikidata.org/wiki/Q507832,unique accent/order-insensitive token match; DOB distance 0 day(s)
cm9899_vanilla_original,38958,Kubilay Türkyılmaz,https://www.wikidata.org/wiki/Q366571,unique accent/order-insensitive token match; DOB distance 0 day(s)
cm9899_vanilla_original,38964,Hakan Yakın,https://www.wikidata.org/wiki/Q122346,unique accent/order-insensitive token match; DOB distance 0 day(s)
cm9899_vanilla_original,38965,Murat Yakın,https://www.wikidata.org/wiki/Q113245,unique accent/order-insensitive token match; DOB distance 0 day(s)
cm9899_vanilla_original,38974,Burak Akdiş,https://www.wikidata.org/wiki/Q1010172,unique accent/order-insensitive token match; DOB distance 0 day(s)
cm9899_vanilla_original,38977,Tuncay Aksoy,https://www.wikidata.org/wiki/Q2459758,unique accent/order-insensitive token match; DOB distance 0 day(s)
cm9899_vanilla_original,38979,Alpay Özalan,https://www.wikidata.org/wiki/Q435749,unique accent/order-insensitive token match; DOB distance 0 day(s)
cm9899_vanilla_original,38983,Erkan Avseren,https://www.wikidata.org/wiki/Q6097297,unique accent/order-insensitive token match; DOB distance 0 day(s)
cm9899_vanilla_original,38986,Yıldıray Baştürk,https://www.wikidata.org/wiki/Q76322,unique accent/order-insensitive token match; DOB distance 0 day(s)
cm9899_vanilla_original,38990,Okan Buruk,https://www.wikidata.org/wiki/Q444318,unique accent/order-insensitive token match; DOB distance 0 day(s)
cm9899_vanilla_original,38992,Müslüm Can,https://www.wikidata.org/wiki/Q6950588,unique accent/order-insensitive token match; DOB distance 0 day(s)
cm9899_vanilla_original,38994,Hikmet Çapanoğlu,https://www.wikidata.org/wiki/Q6096831,unique accent/order-insensitive token match; DOB distance 0 day(s)
cm9899_vanilla_original,38997,Celil Sağır,https://www.wikidata.org/wiki/Q6079661,unique accent/order-insensitive token match; DOB distance 0 day(s)
cm9899_vanilla_original,39004,Oktay Derelioğlu,https://www.wikidata.org/wiki/Q782070,unique accent/order-insensitive token match; DOB distance 0 day(s)
cm9899_vanilla_original,39005,Ersan Doğu,https://www.wikidata.org/wiki/Q5395762,unique accent/order-insensitive token match; DOB distance 0 day(s)
cm9899_vanilla_original,39006,Kenan Durmuşoğlu,https://www.wikidata.org/wiki/Q2183146,unique accent/order-insensitive token match; DOB distance 0 day(s)
cm9899_vanilla_original,39007,Emre Aşık,https://www.wikidata.org/wiki/Q463358,unique accent/order-insensitive token match; DOB distance 0 day(s)
cm9899_vanilla_original,39008,Emre Belözoğlu,https://www.wikidata.org/wiki/Q202569,unique accent/order-insensitive token match; DOB distance 0 day(s)
cm9899_vanilla_original,39009,Engin İpekoğlu,https://www.wikidata.org/wiki/Q371779,unique accent/order-insensitive token match; DOB distance 0 day(s)
cm9899_vanilla_original,39011,Ergün Penbe,https://www.wikidata.org/wiki/Q729999,unique accent/order-insensitive token match; DOB distance 0 day(s)
cm9899_vanilla_original,39015,Fatih Akyel,https://www.wikidata.org/wiki/Q614470,unique accent/order-insensitive token match; DOB distance 0 day(s)
cm9899_vanilla_original,39021,Ali Güneş,https://www.wikidata.org/wiki/Q322892,unique accent/order-insensitive token match; DOB distance 0 day(s)
cm9899_vanilla_original,39025,Tayfur Havutçu,https://www.wikidata.org/wiki/Q1394807,unique accent/order-insensitive token match; DOB distance 0 day(s)
cm9899_vanilla_original,39026,Vedat İnceefe,https://www.wikidata.org/wiki/Q178545,unique accent/order-insensitive token match; DOB distance 0 day(s)
cm9899_vanilla_original,39027,Tolunay Kafkas,https://www.wikidata.org/wiki/Q1378780,unique accent/order-insensitive token match; DOB distance 0 day(s)
cm9899_vanilla_original,39032,Burhanettin Kaymak,https://www.wikidata.org/wiki/Q823922,unique accent/order-insensitive token match; DOB distance 0 day(s)
cm9899_vanilla_original,39033,Kemalettin Şentürk,https://www.wikidata.org/wiki/Q581247,unique accent/order-insensitive token match; DOB distance 0 day(s)
cm9899_vanilla_original,39034,Tugay Kerimoğlu,https://www.wikidata.org/wiki/Q347045,unique accent/order-insensitive token match; DOB distance 0 day(s)
cm9899_vanilla_original,39038,Ekrem Köse,https://www.wikidata.org/wiki/Q6087061,unique accent/order-insensitive token match; DOB distance 0 day(s)
cm9899_vanilla_original,39039,Oktay Kuday,https://www.wikidata.org/wiki/Q7082662,unique accent/order-insensitive token match; DOB distance 0 day(s)
cm9899_vanilla_original,39042,Mehmet Duymazer,https://www.wikidata.org/wiki/Q3304543,unique accent/order-insensitive token match; DOB distance 0 day(s)
cm9899_vanilla_original,39043,Mehmet Gönülaçar,https://www.wikidata.org/wiki/Q6094253,unique accent/order-insensitive token match; DOB distance 0 day(s)
cm9899_vanilla_original,39046,Ogün Temizkanoğlu,https://www.wikidata.org/wiki/Q1366156,unique accent/order-insensitive token match; DOB distance 0 day(s)
cm9899_vanilla_original,39049,Orhan Çıkırıkçı,https://www.wikidata.org/wiki/Q944236,unique accent/order-insensitive token match; DOB distance 0 day(s)
cm9899_vanilla_original,39056,Recep Çetin,https://www.wikidata.org/wiki/Q919232,unique accent/order-insensitive token match; DOB distance 0 day(s)
cm9899_vanilla_original,39057,Saffet Akyüz,https://www.wikidata.org/wiki/Q6580418,unique accent/order-insensitive token match; DOB distance 0 day(s)
cm9899_vanilla_original,39058,Saffet Sancaklı,https://www.wikidata.org/wiki/Q1383571,unique accent/order-insensitive token match; DOB distance 0 day(s)
cm9899_vanilla_original,39059,Ertuğrul Sağlam,https://www.wikidata.org/wiki/Q250519,unique accent/order-insensitive token match; DOB distance 0 day(s)
cm9899_vanilla_original,39066,Suat Kaya,https://www.wikidata.org/wiki/Q1372805,unique accent/order-insensitive token match; DOB distance 0 day(s)
cm9899_vanilla_original,39068,Hakan Şükür,https://www.wikidata.org/wiki/Q192974,unique accent/order-insensitive token match; DOB distance 0 day(s)
cm9899_vanilla_original,39069,Yasin Sülün,https://www.wikidata.org/wiki/Q1550964,unique accent/order-insensitive token match; DOB distance 0 day(s)
cm9899_vanilla_original,39072,Tayfun Korkut,https://www.wikidata.org/wiki/Q708808,unique accent/order-insensitive token match; DOB distance 0 day(s)
cm9899_vanilla_original,39074,Mutlu Topçu,https://www.wikidata.org/wiki/Q10433617,unique accent/order-insensitive token match; DOB distance 0 day(s)
cm9899_vanilla_original,39079,Fevzi Tuncay,https://www.wikidata.org/wiki/Q1343408,unique accent/order-insensitive token match; DOB distance 0 day(s)
cm9899_vanilla_original,39080,Bülent Üçüncü,https://www.wikidata.org/wiki/Q5005289,unique accent/order-insensitive token match; DOB distance 0 day(s)
cm9899_vanilla_original,39087,Şükrü Uzuner,https://www.wikidata.org/wiki/Q16991092,unique accent/order-insensitive token match; DOB distance 0 day(s)
cm9899_vanilla_original,39094,Ramazan Yıldırım,https://www.wikidata.org/wiki/Q406184,unique accent/order-insensitive token match; DOB distance 0 day(s)
cm9900_vanilla_original,2412,Arif Erdem,https://www.wikidata.org/wiki/Q660534,unique accent/order-insensitive token match; DOB distance 0 day(s)
cm9900_vanilla_original,5246,Abdullah Ercan,https://www.wikidata.org/wiki/Q317612,unique accent/order-insensitive token match; DOB distance 0 day(s)
cm9900_vanilla_original,5332,Ali Günçar,https://www.wikidata.org/wiki/Q6095226,unique accent/order-insensitive token match; DOB distance 0 day(s)
cm9900_vanilla_original,10643,Volkan Kahraman,https://www.wikidata.org/wiki/Q871938,unique accent/order-insensitive token match; DOB distance 0 day(s)
cm9900_vanilla_original,10685,Attila Şekerlioğlu,https://www.wikidata.org/wiki/Q10380495,unique accent/order-insensitive token match; DOB distance 0 day(s)
cm9900_vanilla_original,12837,Önder Turacı,https://www.wikidata.org/wiki/Q297604,unique accent/order-insensitive token match; DOB distance 0 day(s)
cm9900_vanilla_original,13395,Ünal Karaman,https://www.wikidata.org/wiki/Q334927,unique accent/order-insensitive token match; DOB distance 0 day(s)
cm9900_vanilla_original,13584,Erol Sabanov,https://www.wikidata.org/wiki/Q883701,unique accent/order-insensitive token match; DOB distance 0 day(s)
cm9900_vanilla_original,15275,Mustafa Doğan,https://www.wikidata.org/wiki/Q567406,unique accent/order-insensitive token match; DOB distance 0 day(s)
cm9900_vanilla_original,16772,Yusuf Öztürk,https://www.wikidata.org/wiki/Q8062001,unique accent/order-insensitive token match; DOB distance 0 day(s)
cm9900_vanilla_original,16773,Kurtuluş Öztürk,https://www.wikidata.org/wiki/Q98278011,unique accent/order-insensitive token match; DOB distance 0 day(s)
cm9900_vanilla_original,19940,Muzzy İzzet,https://www.wikidata.org/wiki/Q740385,unique accent/order-insensitive token match; DOB distance 0 day(s)
cm9900_vanilla_original,21172,Osman Coşkun,https://www.wikidata.org/wiki/Q6089294,unique accent/order-insensitive token match; DOB distance 0 day(s)
cm9900_vanilla_original,21679,Ömer Rıza,https://www.wikidata.org/wiki/Q297499,unique accent/order-insensitive token match; DOB distance 0 day(s)
cm9900_vanilla_original,27925,Savaş Kaya,https://www.wikidata.org/wiki/Q21606721,unique accent/order-insensitive token match; DOB distance 0 day(s)
cm9900_vanilla_original,29000,Ayhan Tumani,https://www.wikidata.org/wiki/Q792951,unique accent/order-insensitive token match; DOB distance 0 day(s)
cm9900_vanilla_original,29190,Mahmut Yılmaz,https://www.wikidata.org/wiki/Q1573871,unique accent/order-insensitive token match; DOB distance 0 day(s)
cm9900_vanilla_original,39511,Azar Karadaş,https://www.wikidata.org/wiki/Q725150,unique accent/order-insensitive token match; DOB distance 0 day(s)
cm9900_vanilla_original,48372,Bülent Korkmaz,https://www.wikidata.org/wiki/Q507832,unique accent/order-insensitive token match; DOB distance 0 day(s)
cm9900_vanilla_original,48374,Erol Bulut,https://www.wikidata.org/wiki/Q562157,unique accent/order-insensitive token match; DOB distance 1 day(s)
cm9900_vanilla_original,50908,Kubilay Türkyılmaz,https://www.wikidata.org/wiki/Q366571,unique accent/order-insensitive token match; DOB distance 0 day(s)
cm9900_vanilla_original,50914,Hakan Yakın,https://www.wikidata.org/wiki/Q122346,unique accent/order-insensitive token match; DOB distance 0 day(s)
cm9900_vanilla_original,50915,Murat Yakın,https://www.wikidata.org/wiki/Q113245,unique accent/order-insensitive token match; DOB distance 0 day(s)
cm9900_vanilla_original,50922,Adnan İlgin,https://www.wikidata.org/wiki/Q23920695,unique accent/order-insensitive token match; DOB distance 0 day(s)
cm9900_vanilla_original,50925,Burak Akdiş,https://www.wikidata.org/wiki/Q1010172,unique accent/order-insensitive token match; DOB distance 0 day(s)
cm9900_vanilla_original,50928,Tuncay Aksoy,https://www.wikidata.org/wiki/Q2459758,unique accent/order-insensitive token match; DOB distance 0 day(s)
cm9900_vanilla_original,50932,Alpay Özalan,https://www.wikidata.org/wiki/Q435749,unique accent/order-insensitive token match; DOB distance 0 day(s)
cm9900_vanilla_original,50941,Erkan Avseren,https://www.wikidata.org/wiki/Q6097297,unique accent/order-insensitive token match; DOB distance 0 day(s)
cm9900_vanilla_original,50944,Necat Aygün,https://www.wikidata.org/wiki/Q322906,unique accent/order-insensitive token match; DOB distance 0 day(s)
cm9900_vanilla_original,50946,Yıldıray Baştürk,https://www.wikidata.org/wiki/Q76322,unique accent/order-insensitive token match; DOB distance 0 day(s)
cm9900_vanilla_original,50956,Okan Buruk,https://www.wikidata.org/wiki/Q444318,unique accent/order-insensitive token match; DOB distance 0 day(s)
cm9900_vanilla_original,50958,Müslüm Can,https://www.wikidata.org/wiki/Q6950588,unique accent/order-insensitive token match; DOB distance 0 day(s)
cm9900_vanilla_original,50960,Hikmet Çapanoğlu,https://www.wikidata.org/wiki/Q6096831,unique accent/order-insensitive token match; DOB distance 0 day(s)
cm9900_vanilla_original,50962,Celil Sağır,https://www.wikidata.org/wiki/Q6079661,unique accent/order-insensitive token match; DOB distance 0 day(s)
cm9900_vanilla_original,50971,Levent Demiray,https://www.wikidata.org/wiki/Q12810611,unique accent/order-insensitive token match; DOB distance 0 day(s)
cm9900_vanilla_original,50972,Şenol Demirci,https://www.wikidata.org/wiki/Q202356,unique accent/order-insensitive token match; DOB distance 0 day(s)
cm9900_vanilla_original,50973,Ünal Demirkıran,https://www.wikidata.org/wiki/Q334912,unique accent/order-insensitive token match; DOB distance 0 day(s)
cm9900_vanilla_original,50975,Oktay Derelioğlu,https://www.wikidata.org/wiki/Q782070,unique accent/order-insensitive token match; DOB distance 0 day(s)
cm9900_vanilla_original,50979,Ersan Doğu,https://www.wikidata.org/wiki/Q5395762,unique accent/order-insensitive token match; DOB distance 0 day(s)
cm9900_vanilla_original,50980,Kenan Durmuşoğlu,https://www.wikidata.org/wiki/Q2183146,unique accent/order-insensitive token match; DOB distance 0 day(s)
cm9900_vanilla_original,50984,Emre Aşık,https://www.wikidata.org/wiki/Q463358,unique accent/order-insensitive token match; DOB distance 0 day(s)
cm9900_vanilla_original,50985,Emre Belözoğlu,https://www.wikidata.org/wiki/Q202569,unique accent/order-insensitive token match; DOB distance 0 day(s)
cm9900_vanilla_original,50986,Engin İpekoğlu,https://www.wikidata.org/wiki/Q371779,unique accent/order-insensitive token match; DOB distance 0 day(s)
cm9900_vanilla_original,50988,Ergün Penbe,https://www.wikidata.org/wiki/Q729999,unique accent/order-insensitive token match; DOB distance 0 day(s)
cm9900_vanilla_original,50993,Fatih Akyel,https://www.wikidata.org/wiki/Q614470,unique accent/order-insensitive token match; DOB distance 0 day(s)
cm9900_vanilla_original,51000,Özkan Gümüş,https://www.wikidata.org/wiki/Q17417972,unique accent/order-insensitive token match; DOB distance 0 day(s)
cm9900_vanilla_original,51002,Ali Güneş,https://www.wikidata.org/wiki/Q322892,unique accent/order-insensitive token match; DOB distance 0 day(s)
cm9900_vanilla_original,51008,Tayfur Havutçu,https://www.wikidata.org/wiki/Q1394807,unique accent/order-insensitive token match; DOB distance 0 day(s)
cm9900_vanilla_original,51009,Vedat İnceefe,https://www.wikidata.org/wiki/Q178545,unique accent/order-insensitive token match; DOB distance 0 day(s)
cm9900_vanilla_original,51011,Mehmet İpek,https://www.wikidata.org/wiki/Q134301793,unique accent/order-insensitive token match; DOB distance 0 day(s)
cm9900_vanilla_original,51012,Tolunay Kafkas,https://www.wikidata.org/wiki/Q1378780,unique accent/order-insensitive token match; DOB distance 0 day(s)
cm9900_vanilla_original,51021,Burhanettin Kaymak,https://www.wikidata.org/wiki/Q823922,unique accent/order-insensitive token match; DOB distance 0 day(s)
cm9900_vanilla_original,51022,Tugay Kerimoğlu,https://www.wikidata.org/wiki/Q347045,unique accent/order-insensitive token match; DOB distance 0 day(s)
cm9900_vanilla_original,51029,Tayfun Korkut,https://www.wikidata.org/wiki/Q708808,unique accent/order-insensitive token match; DOB distance 0 day(s)
cm9900_vanilla_original,51030,Ekrem Köse,https://www.wikidata.org/wiki/Q6087061,unique accent/order-insensitive token match; DOB distance 0 day(s)
cm9900_vanilla_original,51031,Oktay Kuday,https://www.wikidata.org/wiki/Q7082662,unique accent/order-insensitive token match; DOB distance 0 day(s)
cm9900_vanilla_original,51034,Mehmet Duymazer,https://www.wikidata.org/wiki/Q3304543,unique accent/order-insensitive token match; DOB distance 0 day(s)
cm9900_vanilla_original,51035,Mehmet Gönülaçar,https://www.wikidata.org/wiki/Q6094253,unique accent/order-insensitive token match; DOB distance 0 day(s)
cm9900_vanilla_original,51041,Orhan Çıkırıkçı,https://www.wikidata.org/wiki/Q944236,unique accent/order-insensitive token match; DOB distance 0 day(s)
cm9900_vanilla_original,51044,Selahattin Özbir,https://www.wikidata.org/wiki/Q6102525,unique accent/order-insensitive token match; DOB distance 0 day(s)
cm9900_vanilla_original,51050,Osman Özköylü,https://www.wikidata.org/wiki/Q605498,unique accent/order-insensitive token match; DOB distance 0 day(s)
cm9900_vanilla_original,51053,Recep Çetin,https://www.wikidata.org/wiki/Q919232,unique accent/order-insensitive token match; DOB distance 0 day(s)
cm9900_vanilla_original,51056,Saffet Akyüz,https://www.wikidata.org/wiki/Q6580418,unique accent/order-insensitive token match; DOB distance 0 day(s)
cm9900_vanilla_original,51057,Saffet Sancaklı,https://www.wikidata.org/wiki/Q1383571,unique accent/order-insensitive token match; DOB distance 0 day(s)
cm9900_vanilla_original,51058,Ertuğrul Sağlam,https://www.wikidata.org/wiki/Q250519,unique accent/order-insensitive token match; DOB distance 0 day(s)
cm9900_vanilla_original,51059,Murat Şahin,https://www.wikidata.org/wiki/Q646042,unique accent/order-insensitive token match; DOB distance 0 day(s)
cm9900_vanilla_original,51061,Mahir Şahin,https://www.wikidata.org/wiki/Q78145890,unique accent/order-insensitive token match; DOB distance 0 day(s)
cm9900_vanilla_original,51062,Murat Salar,https://www.wikidata.org/wiki/Q6937422,unique accent/order-insensitive token match; DOB distance 0 day(s)
cm9900_vanilla_original,51066,Kemalettin Şentürk,https://www.wikidata.org/wiki/Q581247,unique accent/order-insensitive token match; DOB distance 0 day(s)
cm9900_vanilla_original,51070,Suat Kaya,https://www.wikidata.org/wiki/Q1372805,unique accent/order-insensitive token match; DOB distance 0 day(s)
cm9900_vanilla_original,51072,Hakan Şükür,https://www.wikidata.org/wiki/Q192974,unique accent/order-insensitive token match; DOB distance 0 day(s)
cm9900_vanilla_original,51074,Yasin Sülün,https://www.wikidata.org/wiki/Q1550964,unique accent/order-insensitive token match; DOB distance 0 day(s)
cm9900_vanilla_original,51077,Selim Teber,https://www.wikidata.org/wiki/Q690129,unique accent/order-insensitive token match; DOB distance 0 day(s)
cm9900_vanilla_original,51078,Ogün Temizkanoğlu,https://www.wikidata.org/wiki/Q1366156,unique accent/order-insensitive token match; DOB distance 0 day(s)
cm9900_vanilla_original,51082,Mutlu Topçu,https://www.wikidata.org/wiki/Q10433617,unique accent/order-insensitive token match; DOB distance 0 day(s)
cm9900_vanilla_original,51087,Fevzi Tuncay,https://www.wikidata.org/wiki/Q1343408,unique accent/order-insensitive token match; DOB distance 0 day(s)
cm9900_vanilla_original,51091,İbrahim Türkmen,https://www.wikidata.org/wiki/Q1656010,unique accent/order-insensitive token match; DOB distance 0 day(s)
cm9900_vanilla_original,51092,Bülent Üçüncü,https://www.wikidata.org/wiki/Q5005289,unique accent/order-insensitive token match; DOB distance 0 day(s)
cm9900_vanilla_original,51100,Şükrü Uzuner,https://www.wikidata.org/wiki/Q16991092,unique accent/order-insensitive token match; DOB distance 0 day(s)
cm9900_vanilla_original,51103,İlker Yağcıoğlu,https://www.wikidata.org/wiki/Q343818,unique accent/order-insensitive token match; DOB distance 0 day(s)
cm9900_vanilla_original,51109,Faruk Yiğit,https://www.wikidata.org/wiki/Q2055879,unique accent/order-insensitive token match; DOB distance 0 day(s)
cm9900_vanilla_original,51111,Ramazan Yıldırım,https://www.wikidata.org/wiki/Q406184,unique accent/order-insensitive token match; DOB distance 0 day(s)
